timestamp,pv_kwh,gshp_kwh,ashp_kwh,pac_kwh,offtake_kwh,feedin_kwh,t_ballon,t_ballon_bas,t_sol,t_sol_return,t_ext,t_ext_site,t_ext_openmeteo,gshp_kw_mean,ashp_kw_mean,gshp_cop_max,ashp_cop_max,gshp_puissance_th,ashp_puissance_th,gshp_t_condenseur,ashp_t_condenseur,gshp_t_evaporateur,cop_gshp,cop_ashp,cop
2026-05-15 08:00:00,0,4.053321361541748,2.569516897201538,6.622838258743286,0,0,34.79999923706055,26.633333206176758,17.299999237060547,17.399999618530273,11.699999809265137,11.699999809265137,7.8,16.091781616210938,10.284231185913086,NA,75,0,0,16.571372985839844,0,16.635185877482098,5.856767968475342,4.57344000831604,5.358864690537489
2026-05-15 08:15:00,0,4.008411884307861,2.5435421466827393,6.551954030990601,0,3.3809999999994034,34.766666412353516,26.366666158040363,17.299999237060547,17.399999618530273,11.866666793823242,11.866666793823242,8.1,16.12068748474121,10.75436782836914,NA,75,0,0,16.583332061767578,0,16.647531509399414,5.8584626092631025,4.5939689136801825,5.3675719537858555
2026-05-15 08:30:00,0,4.026436805725098,2.5593366622924805,6.585773468017578,0,2.3060000000004948,34.666666666666664,26.133333841959637,17.299999237060547,17.399999618530273,12.200000127156576,12.200000127156576,8.3,16.100086212158203,10.387635231018066,NA,75,0,0,16.598148345947266,0,16.64259401957194,5.863546596272787,4.636400014665392,5.3866578524423545
2026-05-15 08:45:00,0,4.019759654998779,2.6120736598968506,6.63183331489563,0,3.850000000000364,34.333333333333336,25.933333079020183,17.399999618530273,17.399999618530273,12.300000190734863,12.300000190734863,8.6,16.199522018432617,10.558310508728027,NA,75,0,0,16.610493977864582,0,16.657408396402996,5.889746631368002,4.661366688728332,5.405925832478521
2026-05-15 09:00:00,0,4.040894985198975,2.561553478240967,6.602448463439941,0,4.9539999999997235,32.43333307902018,25.766666412353516,17.399999618530273,17.399999618530273,12.46666653951009,12.46666653951009,8.9,16.28883171081543,10.036252975463867,NA,75,0,0,16.627779006958008,0,16.6672846476237,5.986494643737792,4.757531106452942,5.509693372058776
2026-05-15 09:15:00,0,4.005556106567383,0,4.005556106567383,0,1.2810000000008586,30.899999618530273,26.833332697550457,17.399999618530273,17.399999618530273,12.46666653951009,12.46666653951009,9.2,15.844110488891602,NA,NA,75,0,0,16.63024838765462,0,16.674691518147785,6,4.81958000029246,6
2026-05-15 09:30:00,0,3.9968831539154057,0,3.9968831539154057,0,4.06499999999869,31.633333206176758,27.933333079020183,17.399999618530273,17.399999618530273,13.199999809265137,13.199999809265137,9.4,16.015180587768555,NA,NA,75,0,0,16.65493901570638,0,16.714197794596355,6,4.876706649328867,6
2026-05-15 09:45:00,0,4.003434658050537,0,4.003434658050537,0,2.506999999999607,32.63333257039388,28.8000005086263,17.399999618530273,17.5,13.433333396911621,13.433333396911621,9.7,16.08755874633789,NA,NA,75,0,0,16.682099024454754,0,16.724074681599934,5.976310669698079,4.862892261295318,5.976310669698079
2026-05-15 10:00:00,0,4.08193302154541,0,4.08193302154541,0,5.356999999999971,33.56666564941406,29,17.399999618530273,17.5,13.96666653951009,13.96666653951009,9.9,16.43646240234375,NA,NA,75,0,0,16.714197794596355,0,16.761110305786133,5.9287853495992024,4.886318916774326,5.9287853495992024
2026-05-15 10:15:00,0,4.084846496582031,0,4.084846496582031,0,1.8690000000005966,34.333333333333336,30.833333333333332,17.46666653951009,17.5,14.666666666666666,14.666666666666666,9.8,16.30872917175293,NA,NA,75,0,0,16.753703435262043,0,16.78264045715332,5.895915543789334,4.9351111111111114,5.895915543789334
2026-05-15 10:30:00,0,4.0578932762146,0,4.0578932762146,0,2.5210000000006403,34.833333333333336,32.233333587646484,17.5,17.5,13.733333587646484,13.733333587646484,9.7,16.225189208984375,NA,NA,75,0,0,16.78981653849284,0,16.80177625020345,5.873499999999999,4.8062889181772865,5.873499999999999
2026-05-15 10:45:00,0,4.0531110763549805,0,4.0531110763549805,0,1.5720000000001164,34.96666717529297,30.06666628519694,17.5,17.600000381469727,12.066666603088379,12.066666603088379,9.6,16.115318298339844,10.013591766357422,NA,75,0,0,16.828086217244465,0,16.840047200520832,5.866699974060058,4.609002194529639,5.866699974060058
2026-05-15 11:00:00,0,4.023281097412109,2.5032339096069336,6.526515007019043,0,0.9110000000000582,34.900001525878906,28.333332697550457,17.566666920979817,17.600000381469727,10.233333269755045,10.233333269755045,9.5,16.091434478759766,10.434462547302246,NA,75,0,0,16.859181722005207,0,16.883102416992188,5.8762386121826164,4.400656601009368,5.310281601005535
2026-05-15 11:15:00,0,4.047536373138428,2.554896593093872,6.6024329662323,0,1.768000000000029,34.900001525878906,27.266666412353516,17.600000381469727,17.600000381469727,11.133333206176758,11.133333206176758,9.5,16.27046775817871,9.868513107299805,NA,75,0,0,16.89984639485677,0,16.909414291381836,5.879307957183838,4.504246592318217,5.34721022679295
2026-05-15 11:30:00,0,4.113350868225098,2.4926538467407227,6.60600471496582,0,5.457999999998719,34.86666742960612,26.700000127156574,17.600000381469727,17.600000381469727,11.633333206176758,11.633333206176758,9.4,16.526195526123047,10.284844398498535,NA,75,0,0,16.931019465128582,0,16.921374638875324,5.881010662831625,4.563117732899984,5.3837281111034585
2026-05-15 11:45:00,0,4.090336322784424,2.5169057846069336,6.607242107391357,0,0.6390000000010332,34.766666412353516,26.166666666666668,17.600000381469727,17.600000381469727,12.166666984558107,12.166666984558107,9.4,16.170236587524414,10.25869846343994,NA,75,0,0,16.965433756510418,0,16.975309371948242,5.8861187148234055,4.628538935735491,5.407067127316079
2026-05-15 12:00:00,0,4.046861171722412,2.5650949478149414,6.6119561195373535,0,0.4169999999994616,34.333333333333336,25.799999872843426,17.600000381469727,17.700000762939453,11.666666984558107,11.666666984558107,9.4,16.23871612548828,10.187735557556152,NA,75,0,0,16.985186258951824,0,17.00246810913086,5.908253368631999,4.5881111478805545,5.3961068752757075
2026-05-15 12:15:00,0,4.075745105743408,2.5583553314208984,6.634100437164307,0,2.3220000000001164,31.50000063578288,25.8000005086263,17.700000762939453,17.700000762939453,12.166666666666666,12.166666666666666,9.3,16.290935516357422,NA,NA,75,0,0,17.014814376831055,0,17.00987497965495,6,4.7597499744627205,5.521713562346295
2026-05-15 12:30:00,0,4.060100078582764,0,4.060100078582764,0,2.100000000000364,30.766667048136394,27.233333587646484,17.700000762939453,17.700000762939453,12.066666603088379,12.066666603088379,9.3,16.166187286376953,NA,NA,75,0,0,17.037037531534832,0,17.024691263834637,6,4.777282199357351,6
2026-05-15 12:45:00,0,4.027266025543213,0,4.027266025543213,0,0.6639999999988504,31.599999745686848,28.366666158040363,17.700000762939453,17.700000762939453,10.933333396911621,10.933333396911621,9.2,16.101520538330078,NA,NA,75,0,0,17.044445037841797,0,17.037037531534832,6,4.609706684095595,6
2026-05-15 13:00:00,0,4.093029499053955,0,4.093029499053955,0,4.353000000000975,32.800000508626304,29.166666666666668,17.700000762939453,17.700000762939453,12.133333206176758,12.133333206176758,9.2,16.54922103881836,NA,NA,75,0,0,17.05926005045573,0,17.037037531534832,5.995952045511881,4.703626631351047,5.995952045511881
2026-05-15 13:15:00,0,4.1198320388793945,0,4.1198320388793945,0,3.8029999999998836,33.800000508626304,30.233333587646484,17.700000762939453,17.766666412353516,12.333333333333334,12.333333333333334,9.4,16.477304458618164,NA,NA,75,0,0,17.086419423421223,0,17.08148129781087,5.944792044901529,4.686733312818739,5.944792044901529
2026-05-15 13:30:00,0,4.100161075592041,0,4.100161075592041,0,4.822000000000116,34.36666742960612,30.600000381469727,17.799999237060547,17.799999237060547,12.966666857401531,12.966666857401531,9.7,16.267658233642578,NA,NA,75,0,0,17.113502502441406,0,17.091358184814453,5.925051890329997,4.737112213022444,5.925051890329997
2026-05-15 13:45:00,0,4.065021514892578,0,4.065021514892578,0,4.466000000000349,34.699999491373696,32.06666628519694,17.799999237060547,17.799999237060547,13.366666793823242,13.366666793823242,9.9,16.20550537109375,NA,NA,75,0,0,17.144599278767902,0,17.10864194234212,5.907971955688477,4.769576702367995,5.907971955688477
2026-05-15 14:00:00,0,4.035319805145264,0,4.035319805145264,0,3.8189999999995052,34.93333435058594,31.33333396911621,17.799999237060547,17.866666158040363,13.366666793823242,13.366666793823242,10.2,16.09845733642578,9.788496971130373,NA,75,0,0,17.17569351196289,0,17.139815012613933,5.8960158776448575,4.759924416995578,5.8960158776448575
2026-05-15 14:15:00,0,4.049838542938232,0,4.049838542938232,0,3.511000000000422,34.900001525878906,29.333332697550457,17.899999618530273,17.899999618530273,13.166666666666666,13.166666666666666,9.8,16.38431167602539,10.350594520568848,NA,75,0,0,17.206790924072266,0,17.168519337972004,5.906931886566162,4.738283270517986,5.906931886566162
2026-05-15 14:30:00,0,4.113949298858643,2.5659055709838867,6.679854869842529,0,3.867000000000189,34.900001525878906,28,17.899999618530273,17.899999618530273,13.200000127156576,13.200000127156576,9.5,16.213851928710938,10.252693176269531,NA,75,0,0,17.240277608235676,0,17.223535537719727,5.906931886566162,4.742119951769511,5.459497400206774
2026-05-15 14:45:00,0,4.001410484313965,2.461850166320801,6.463260650634766,0,1.1980000000003201,34.900001525878906,27.200000127156574,17.899999618530273,17.899999618530273,12.333333333333334,12.333333333333334,9.2,15.768064498901367,10.097698211669922,NA,75,0,0,17.271373748779297,0,17.249845504760742,5.906931886566162,4.642366605122884,5.425260108693658
2026-05-15 15:00:00,0,3.972333431243897,2.4914770126342773,6.463810443878174,0,0.7599999999983993,34.833333333333336,26.599999745686848,17.96666653951009,18,10.333333333333334,10.333333333333334,8.8,16.16295623779297,10.1528959274292,NA,75,0,0,17.29074223836263,0,17.259414037068684,5.916495543840196,4.414722222222222,5.337636720320352
2026-05-15 15:15:00,0,4.035909175872803,2.5186927318573,6.5546019077301025,0,1.3610000000007858,34.699999491373696,26.100000381469727,18,18,9.966666857401531,9.966666857401531,8.6,16.089736938476562,9.40846824645996,NA,75,0,0,17.315432866414387,0,17.283334732055664,5.926420026143392,4.377556707969242,5.331248749986272
2026-05-15 15:30:00,0,4.030053615570068,2.4079461097717285,6.437999725341797,0,1.9760000000005675,33.93333307902018,25.799999872843426,18,18,10.166666666666666,10.166666666666666,8.4,16.107751846313477,9.814566612243652,NA,75,0,0,17.327777862548828,0,17.293210983276367,5.965826679738362,4.429877787484063,5.391349774224736
2026-05-15 15:45:00,0,4.023782253265381,2.486000061035156,6.509782314300537,0,1.1639999999988504,31.266667048136394,25.93333371480306,18,18,10.333333333333334,10.333333333333334,8.3,16.079933166503906,NA,NA,75,0,0,17.3327153523763,0,17.310494740804035,6,4.551444429821439,5.446815721016371
2026-05-15 16:00:00,0,4.017063617706299,0,4.017063617706299,0,0.7650000000012369,31.133333206176758,27.46666653951009,18,18,10.46666653951009,10.46666653951009,8.1,16.052623748779297,NA,NA,75,0,0,17.347530364990234,0,17.312964121500652,6,4.572404434221056,6
2026-05-15 16:15:00,0,4.005274772644043,0,4.005274772644043,0,1.0029999999987922,32.29999987284342,28.566666920979817,18,18,10.800000190734863,10.800000190734863,8.2,15.97403335571289,NA,NA,75,0,0,17.350000381469727,0,17.312963485717773,6,4.566760027383169,6
2026-05-15 16:30:00,0,3.992173910140991,0,3.992173910140991,0,1.0270000000000437,33.40000025431315,30.200000127156574,18.03333346048991,18.03333346048991,11.699999809265137,11.699999809265137,8.2,15.967967987060549,NA,NA,75,0,0,17.35740788777669,0,17.33765474955241,5.996349332116021,4.629019967664083,5.996349332116021
2026-05-15 16:45:00,0,3.990476369857788,0,3.990476369857788,0,1.0740000000005239,34.36666615804037,31.6999994913737,18.100000381469727,18.100000381469727,11.566666285196938,11.566666285196938,8.3,15.991891860961914,NA,NA,75,0,0,17.36481539408366,0,17.335185368855793,5.952804061472576,4.575225531569587,5.952804061472576
2026-05-15 17:00:00,0,3.9919283390045166,0,3.9919283390045166,0,0.805000000000291,34.90000025431315,32.733333587646484,18.100000381469727,18.100000381469727,11.633333524068197,11.633333524068197,8.4,15.9781494140625,NA,NA,75,0,0,17.37469228108724,0,17.34259287516276,5.925348022033692,4.561796678540972,5.925348022033692
2026-05-15 17:15:00,0,3.997065782546997,0,3.997065782546997,0,0.6549999999988358,34.93333435058594,30.200000127156574,18.100000381469727,18.100000381469727,11.633333206176758,11.633333206176758,8.1,15.954147338867188,10.18260383605957,NA,75,0,0,17.394444783528645,0,17.349998474121094,5.923631982747396,4.560475500606961,5.923631982747396
2026-05-15 17:30:00,0,3.980090379714966,2.426194667816162,6.406285047531128,0,0.30500000000029104,34.900001525878906,28.399999618530273,18.100000381469727,18.100000381469727,10.866666793823242,10.866666793823242,7.8,16.018115997314453,10.187199592590332,NA,75,0,0,17.401852289835613,0,17.377161026000977,5.925347956573486,4.473553288663228,5.375522830792476
2026-05-15 17:45:00,0,3.991945505142212,2.4720165729522705,6.463962078094482,0,0.25900000000001455,34.900001525878906,27.400000254313152,18.100000381469727,18.133333841959637,10.100000063578287,10.100000063578287,7.6,15.961545944213867,9.461736679077148,NA,75,0,0,17.411727905273438,0,17.372222900390625,5.925347956573486,4.385309949181874,5.336390374326851
2026-05-15 18:00:00,0,3.9856185913085938,2.4007320404052734,6.386350631713867,0,0.30600000000049477,34.900001525878906,26.799999872843426,18.100000381469727,18.200000762939453,10.200000127156576,10.200000127156576,7.3,15.90797233581543,9.838294982910156,NA,75,0,0,17.41666603088379,0,17.389506657918293,5.925347956573486,4.396819956347147,5.350749667751503
2026-05-15 18:15:00,0,3.9765830039978023,2.39524507522583,6.371828079223633,0,0.3719999999993888,34.79999923706055,26.299999872843426,18.200000762939453,18.200000762939453,10.233333269755045,10.233333269755045,7.1,15.89747714996338,9.539095878601074,NA,75,0,0,17.41419728597005,0,17.39197540283203,5.939712109649659,4.404480021845499,5.362600321333858
2026-05-15 18:30:00,0,3.969390392303467,2.416921377182007,6.386311769485474,0,0.40099999999983993,34.699999491373696,25.899999618530273,18.200000762939453,18.200000762939453,10.233333269755045,10.233333269755045,6.9,15.821683883666992,9.631525039672852,NA,75,0,0,17.41419728597005,0,17.399383544921875,5.944868096598308,4.4083033454492355,5.363349948326672
2026-05-15 18:45:00,0,3.959470272064209,2.3991243839263916,6.358594655990601,0,0.2430000000003929,33.36666742960612,25.600000381469727,18.200000762939453,18.200000762939453,10.100000063578287,10.100000063578287,6.8,15.81654167175293,9.36164379119873,NA,75,0,0,17.41666603088379,0,17.406790415445965,6,4.443729978347354,5.4128128055146725
2026-05-15 19:00:00,0,3.9528093338012695,0,3.9528093338012695,0.6699999999982538,0.0010000000002037268,30.46666653951009,26.200000127156574,18.166667302449543,18.200000762939453,10.066666603088379,10.066666603088379,6.6,15.763669967651367,NA,NA,75,0,0,17.406790415445965,0,17.389506657918293,6,4.5502355527962575,6
2026-05-15 19:15:00,0,3.986391067504883,0,3.986391067504883,1.0910000000003492,0,30.766666412353516,27.366666793823242,18.100000381469727,18.200000762939453,9.899999936421713,9.899999936421713,6.3,15.97923183441162,NA,NA,75,0,0,17.394445419311523,0,17.374691645304363,6,4.518943335391151,6
2026-05-15 19:30:00,0,4.003780364990234,0,4.003780364990234,1.2660000000032596,0,31.766667048136394,27.866666793823242,18.100000381469727,18.200000762939453,9.399999936421713,9.399999936421713,6,15.910295486450195,NA,NA,75,0,0,17.38703727722168,0,17.377161026000977,6,4.4219266448826255,6
2026-05-15 19:45:00,0,3.9924914836883545,0,3.9924914836883545,1.2370000000009895,0,32.96666590372721,28.766666412353516,18.100000381469727,18.200000762939453,8.933333396911621,8.933333396911621,5.7,16.009069442749023,NA,NA,75,0,0,17.372222900390625,0,17.36481539408366,6,4.322431146729787,6
2026-05-15 20:00:00,0,4.005239009857178,0,4.005239009857178,1.0579999999972642,0,33.90000025431315,30.100000381469727,18.100000381469727,18.200000762939453,8.633333206176758,8.633333206176758,5.4,15.988265991210938,NA,NA,75,0,0,17.362346649169922,0,17.350000381469727,5.976828022338868,4.253129975920784,5.976828022338868
2026-05-15 20:15:00,0,3.998847961425781,0,3.998847961425781,0.8550000000032014,0,34.53333282470703,30.6999994913737,18.100000381469727,18.200000762939453,8.366666793823242,8.366666793823242,5.2,15.99245834350586,NA,NA,75,0,0,17.350000381469727,0,17.34753163655599,5.944224061421712,4.199137810957167,5.944224061421712
2026-05-15 20:30:00,0,4.00092077255249,0,4.00092077255249,0.6549999999988358,0,34.833334604899086,31.43333371480306,18.100000381469727,18.200000762939453,8.366666793823242,8.366666793823242,5,16.050884246826172,NA,NA,75,0,0,17.345060348510742,0,17.34259287516276,5.9287799696858725,4.188227746179368,5.9287799696858725
2026-05-15 20:45:00,0,4.016655445098877,0,4.016655445098877,0.07899999999790452,0,34.900001525878906,29.53333346048991,18.100000381469727,18.200000762939453,8.366666793823242,8.366666793823242,4.7,16.06267547607422,9.628998756408691,NA,75,0,0,17.33024724324544,0,17.322839101155598,5.925347956573486,4.185803292477925,5.925347956573486
2026-05-15 21:00:00,0,4.027170658111572,2.4565646648406982,6.4837353229522705,0.08000000000174623,0,34.900001525878906,28.233333587646484,18.100000381469727,18.200000762939453,8.066666603088379,8.066666603088379,4.5,16.125253677368164,10.091888427734377,NA,75,0,0,17.322839736938477,0,17.325308481852215,5.925347956573486,4.151273270982107,5.253184617335303
2026-05-15 21:15:00,0,4.040822505950928,2.574122905731201,6.614945411682129,0.07899999999790452,0,34.86666742960612,27.46666653951009,18.100000381469727,18.166667302449543,7.866666793823242,7.866666793823242,4.4,16.177379608154297,10.370302200317385,NA,75,0,0,17.303085962931316,0,17.29814910888672,5.927063995859783,4.129448876164754,5.227544654834862
2026-05-15 21:30:00,0,4.053911209106445,2.5591535568237305,6.613064765930176,0.07699999999749707,0,34.79999923706055,27,18.100000381469727,18.100000381469727,7.699999968210856,7.699999968210856,4.4,16.200775146484375,10.318683624267578,NA,75,0,0,17.278549830118816,0,17.278549830118816,5.930496074432374,4.11264002357483,5.227013960917754
2026-05-15 21:45:00,0,4.066679000854492,2.4908218383789062,6.557500839233398,0.07800000000133878,0,34.79999923706055,26.700000127156574,18.100000381469727,18.100000381469727,7.4666666984558105,7.4666666984558105,4.3,16.304603576660156,10.299452781677246,NA,75,0,0,17.25702158610026,0,17.266667048136394,5.930496074432374,4.085760030721029,5.229785706813407
2026-05-15 22:00:00,0,4.004734516143799,2.511334180831909,6.516068696975708,0.07700000000477303,0,34.733333587646484,26.46666653951009,18,18.100000381469727,7.266666730244954,7.266666730244954,4.3,15.9518404006958,9.641210556030272,NA,75,0,0,17.237885157267254,0,17.2426700592041,5.924706653594971,4.065071109470791,5.207991326757401
2026-05-15 22:15:00,0,3.979531764984131,2.4133639335632324,6.392895698547363,0.07699999999749707,0,34.53333282470703,26.200000127156574,18,18.100000381469727,7.1333333651224775,7.1333333651224775,4.1,15.871756553649902,9.868303298950195,NA,75,0,0,17.204399744669598,0,17.218751271565754,5.9349866928100585,4.056728910429213,5.225930921579129
2026-05-15 22:30:00,0,3.981874227523804,2.427330255508423,6.409204483032227,0.07600000000093132,0,33.56666564941406,26,18,18.066666920979817,7,7,3.9,15.956865310668944,9.793597221374512,NA,75,0,0,17.175696055094402,0,17.199614842732746,5.984673385620117,4.075166702270508,5.261494189534115
2026-05-15 22:45:00,0,3.99415922164917,0,3.99415922164917,0.7569999999977881,0,30.833332697550457,26.6999994913737,18,18,6.599999904632568,6.599999904632568,3.7,15.98244285583496,NA,NA,75,0,0,17.14699109395345,0,17.173302968343098,6,4.123166677300135,6
2026-05-15 23:00:00,0,3.9952609539031982,0,3.9952609539031982,1.0800000000017462,0,31.5,28.3000005086263,17.899999618530273,18,6.266666571299235,6.266666571299235,3.5,16.053634643554688,NA,NA,75,0,0,17.101157506306965,0,17.139815012613933,6,4.060599988698959,6
2026-05-15 23:15:00,0,4.013424873352051,0,4.013424873352051,1.0999999999985448,0,32.59999974568685,29.799999872843426,17.899999618530273,18,6.300000190734863,6.300000190734863,3.7,16.052593231201172,NA,NA,75,0,0,17.074074427286785,0,17.103471755981445,6,4.026820031115214,6
2026-05-15 23:30:00,0,4.025140285491943,0,4.025140285491943,0.9720000000015716,0,33.59999974568685,30.933333079020183,17.899999618530273,17.933333079020183,6.066666603088379,6.066666603088379,3.9,16.11992835998535,NA,NA,75,0,0,17.041975657145183,0,17.08148256937663,5.9736479775288895,3.9653600012630883,5.9736479775288895
2026-05-15 23:45:00,0,4.0345377922058105,0,4.0345377922058105,0.7949999999982538,0,34.36666615804037,32,17.866666158040363,17.899999618530273,6.166666507720947,6.166666507720947,4.1,16.20140838623047,NA,NA,75,0,0,17.014815012613933,0,17.051852544148762,5.931219090148926,3.9508055545541976,5.931219090148926
2026-05-16 00:00:00,0,4.051437854766846,0,4.051437854766846,0.658000000003085,0,34.85000038146973,32.60000038146973,17.799999237060547,17.899999618530273,6.1499998569488525,6.1499998569488525,4.3,16.218995094299316,NA,NA,75,0,0,16.98148250579834,0,17.033333778381348,5.900285910171509,3.9323724705004692,5.900285910171509
2026-05-16 00:15:00,0,4.044860363006592,0,4.044860363006592,0.3249999999970896,0,34.96666717529297,32.300000508626304,17.799999237060547,17.899999618530273,6.199999809265137,6.199999809265137,4.2,16.238147735595703,10.25823974609375,NA,75,0,0,16.96049435933431,0,16.98765500386556,5.8943079037272135,3.934139960664113,5.8943079037272135
2026-05-16 00:30:00,0,4.069056987762451,0,4.069056987762451,0.07699999999749707,0,34.93333435058594,29.633333841959637,17.799999237060547,17.866666158040363,6.333333492279053,6.333333492279053,4.2,16.210607528686523,10.16888427734375,NA,75,0,0,16.938350041707356,0,16.970370610555012,5.8960158776448575,3.9506222055859035,5.8960158776448575
2026-05-16 00:45:00,0,4.0622663497924805,2.4754998683929443,6.537766218185425,0.07700000000477303,0,34.900001525878906,28.133333206176758,17.766666412353516,17.799999237060547,6.300000190734863,6.300000190734863,4.1,16.22833824157715,10.043070793151855,NA,75,0,0,16.91419855753581,0,16.9433650970459,5.894654565104167,3.9479299696159362,5.15753483351701
2026-05-16 01:00:00,0,4.069735050201416,2.4922525882720947,6.561987638473511,0.07699999999749707,0,34.900001525878906,27.333333333333332,17.700000762939453,17.799999237060547,6.433333396911621,6.433333396911621,4,16.35826873779297,9.673948287963867,NA,75,0,0,16.883102416992188,0,16.911806106567383,5.888515992187498,3.9632766214434305,5.157307238204472
2026-05-16 01:15:00,0,4.0413432121276855,2.4648587703704834,6.506201982498169,0.07800000000133878,0,34.833333333333336,26.799999872843426,17.700000762939453,17.799999237060547,6.300000190734863,6.300000190734863,4.2,16.100345611572266,10.438674926757812,NA,75,0,0,16.859181722005207,0,16.90223757425944,5.891926736958821,3.950216688632965,5.156314615631041
2026-05-16 01:30:00,0,4.020166873931885,2.5705502033233643,6.590717077255249,0.07800000000133878,0,34.79999923706055,26.399999618530273,17.700000762939453,17.733333587646484,6.366666793823242,6.366666793823242,4.4,16.021114349365234,9.787611961364746,NA,75,0,0,16.835262298583984,0,16.88071060180664,5.893632109344483,3.959040040868124,5.139091142606354
2026-05-16 01:45:00,0,4.010153293609619,2.468923330307007,6.479076623916626,0.07899999999790452,0,34.666666666666664,26,17.633333841959637,17.700000762939453,6.433333396911621,6.433333396911621,4.7,16.033470153808594,10.112164497375488,NA,75,0,0,16.806559880574543,0,16.85679054260254,5.894302269151475,3.9713111184438072,5.161525364116809
2026-05-16 02:00:00,0,4.000147819519043,2.5678083896636963,6.567956209182739,0.07699999999749707,0,34.333333333333336,25.700000127156574,17.600000381469727,17.700000762939453,6.433333396911621,6.433333396911621,4.9,16.017704010009766,10.648836135864258,NA,75,0,0,16.775463740030926,0,16.83047930399577,5.908253368631999,3.982788896242778,5.155473711044173
2026-05-16 02:15:00,0,4.004861831665039,2.6024434566497803,6.607305288314819,0.20100000000093132,0,32.36666615804037,25.5,17.600000381469727,17.633333841959637,6.266666730244954,6.266666730244954,4.8,15.855598449707031,10.739455223083496,NA,75,0,0,16.74876530965169,0,16.796992619832356,6,4.030902247130076,5.224424279059292
2026-05-16 02:30:00,0,3.9695262908935542,0,3.9695262908935542,0.9720000000015716,0,30.633333206176758,26.666667302449543,17.53333346048991,17.600000381469727,6,6,4.8,15.846036911010742,NA,NA,75,0,0,16.71419843037923,0,16.768287022908527,6,4.05846667098999,6
2026-05-16 02:45:00,0,3.9663748741149902,0,3.9663748741149902,1.1920000000027358,0,31.5,28.13333257039388,17.5,17.600000381469727,5.766666730244954,5.766666730244954,4.7,15.831026077270508,NA,NA,75,0,0,16.679629643758137,0,16.75123469034831,6,4.001350007534027,6
2026-05-16 03:00:00,0,3.964720726013184,0,3.964720726013184,1.2309999999997672,0,32.666666666666664,28.833333333333332,17.5,17.5,5.433333396911621,5.433333396911621,4.6,15.820260047912598,NA,NA,75,0,0,16.654938379923504,0,16.709259668986004,5.984,3.922844451904297,5.984
2026-05-16 03:15:00,0,3.962401866912842,0,3.962401866912842,1.135999999998603,0,33.53333282470703,30.133333841959637,17.433333079020183,17.5,5.199999809265137,5.199999809265137,4.3,15.824010848999023,NA,NA,75,0,0,16.625308990478516,0,16.687037150065105,5.933588446662055,3.8666933280054727,5.933588446662055
2026-05-16 03:30:00,0,4.007227420806885,0,4.007227420806885,1.6719999999986612,0,33.59999974568685,31.733332951863606,13.466666539510092,12.666666666666666,5,5,3.9,17.015193939208984,NA,NA,75,0,0,30.24120585123698,0,12.964429219563803,5.560816000308566,3.841200008392333,5.560816000308566
2026-05-16 03:45:00,0,0,0,0,2.6970000000001164,0,35.90000025431315,34.53333282470703,11.333333333333334,9.466666857401531,4.833333492279053,4.833333492279053,3.6,NA,NA,NA,75,0,0,40.55332056681315,0,10.945370038350424,5.256206654951307,3.7462833431190914,4.501244999035199
2026-05-16 04:00:00,0,0,0,0,1.3960000000006403,0,36.63333384195963,35.93333435058594,10.899999936421711,9.933333079020182,4.900000095367432,4.900000095367432,3.3,16.869226455688477,NA,NA,75,0,0,38.79012552897135,0,10.494908650716146,5.183123970979478,3.7297633274110154,4.456443649195247
2026-05-16 04:15:00,0,0,0,0,0.10599999999976717,0,36.800000508626304,35.333333333333336,10.96666653951009,11.166666666666668,4.699999968210856,4.699999968210856,3.5,16.439788818359375,10.63798713684082,NA,75,0,0,35.65895080566406,0,10.599074363708496,5.181541298536512,3.7016399797693884,4.441590639152951
2026-05-16 04:30:00,0,4.103981018066406,2.611917495727539,6.715898513793945,0.09500000000116415,0,36.36666615804037,33.199999491373696,11.133333524068197,11.300000190734863,4.733333269755046,4.733333269755046,3.8,16.423004150390625,10.425277709960938,NA,75,0,0,34.03958384195963,0,10.761497179667156,5.216527596243964,3.7195977872021992,4.6343482869405666
2026-05-16 04:45:00,0,4.0924072265625,2.6088151931762695,6.7012224197387695,0.0020000000004074536,0.21600000000034925,35.333333333333336,31.766665776570637,11.233333269755045,11.399999618530272,4.933333396911621,4.933333396911621,4,16.389902114868164,10.35699462890625,NA,75,0,0,32.49105008443197,0,10.869598706563313,5.27313777194553,3.776355562845866,4.690433912352198
2026-05-16 05:00:00,0,0,2.615452527999878,2.615452527999878,0.46499999999650754,0.2989999999990687,35.26666768391927,30.799999872843426,11.300000190734863,11.399999936421711,5.0333333015441895,5.0333333015441895,4.2,20.74587059020996,10.334890365600586,NA,75,0,0,32.701622009277344,0,10.899073600769043,5.2823226373392735,3.790024407193925,3.790024407193925
2026-05-16 05:15:00,0,0,2.6228363513946533,2.6228363513946533,0.7240000000019791,0.29500000000007276,36.43333435058594,29.53333282470703,11.066666920979818,9.900000254313152,5.233333269755046,5.233333269755046,4.7,17.26299285888672,10.60561752319336,NA,75,0,0,38.1312510172526,0,10.700231234232584,5.2074101986829975,3.77419884786182,3.7741988478618205
2026-05-16 05:30:00,0,0,2.6292710304260254,2.6292710304260254,0.1959999999962747,0.6100000000005821,36.43333307902018,28.866666158040363,10.96666653951009,10.50000031789144,5.4666666984558105,5.4666666984558105,5.2,16.567230224609375,10.608803749084473,NA,75,0,0,34.53240839640299,0,10.58750057220459,5.198324888977051,3.8006977898989787,3.800697789898978
2026-05-16 05:45:00,0,4.150323390960693,2.630967378616333,6.781290769577026,0.026000000005296897,1.0419999999994616,34.800000508626304,29.433333079020183,11,10.966666857401531,5.799999872843425,5.799999872843425,5.6,16.532142639160156,10.444754600524902,NA,75,0,0,32.82361157735188,0,10.66497008005778,5.276159976704915,3.8937599681599933,4.739824129995973
2026-05-16 06:00:00,0,0,2.6018524169921875,2.6018524169921875,0,1.956000000000131,34.833333333333336,28.5,11.399999936421711,11.699999809265135,6.5333333015441895,6.5333333015441895,6.1,15.931802749633787,10.318891525268556,NA,75,0,0,35.85563405354818,0,11.568982442220053,5.3114866608089875,3.977088885227839,3.9770888852278397
2026-05-16 06:15:00,0,3.9772286415100098,2.618698835372925,6.595927476882935,0,2.3100000000013097,34.36666742960612,27.666666666666668,11.700000127156576,12.100000063578289,7.433333396911621,7.433333396911621,6.5,15.911864280700684,10.553492546081545,NA,75,0,0,34.107407887776695,0,12.038657824198404,5.360761309726291,4.097274424762725,4.859134867386046
2026-05-16 06:30:00,0,3.993852853775024,2.6357200145721436,6.629572868347168,0,2.690999999998894,33.79999923706055,26.93333371480306,12,12.366666475931803,8.59999974568685,8.59999974568685,6.9,15.889358520507812,10.496011734008787,NA,75,0,0,32.63225428263346,0,12.437963485717773,5.414920035552979,4.252919998372396,4.952943552942266
2026-05-16 06:45:00,0,3.979913711547851,2.61011266708374,6.590026378631591,0,3.0820000000003347,33.40000025431315,26.5,12.233333269755045,12.600000063578289,9.666666666666666,9.666666666666666,7.3,15.96627426147461,10.379020690917969,NA,75,0,0,31.502238591512043,0,12.810648918151855,5.455325315504286,4.391933323754205,5.034147500990191
2026-05-16 07:00:00,0,3.992482662200928,2.5870630741119385,6.579545736312866,0,3.2590000000000146,32.56666564941406,26.266666412353516,12.5,12.833333333333332,10.933333396911621,10.933333396911621,7.7,15.964725494384766,NA,NA,75,0,0,30.5565611521403,0,13.231944719950357,5.519366714477539,4.572071158182356,5.146892161950914
2026-05-16 07:15:00,0,3.9976189136505127,0,3.9976189136505127,0,3.0799999999999272,31.833333333333332,27.53333346048991,12.733333269755045,13.066666920979818,11.666666348775227,11.666666348775227,7.9,16.022804260253906,NA,NA,75,0,0,29.791048685709633,0,13.565278053283691,5.575891105100843,4.687277740213606,5.575891105100843
2026-05-16 07:30:00,0,4.015557765960693,0,4.015557765960693,0,3.4770000000007713,32.56666564941406,28.8000005086263,12.96666653951009,13.266666730244955,12.266666730244955,12.266666730244955,8.2,16.056438446044922,NA,NA,75,0,0,29.142978032430012,0,13.870833396911621,5.563208480689155,4.72864893731647,5.563208480689155
2026-05-16 07:45:00,0,4.013718128204346,0,4.013718128204346,0,3.5199999999986176,33.56666692097982,30.266666412353516,13.200000127156576,13.5,12.666666666666666,12.666666666666666,8.4,16.01849365234375,NA,NA,75,0,0,28.5067138671875,0,14.15000025431315,5.537569333082411,4.734955545213487,5.537569333082411
2026-05-16 08:00:00,0,3.9902782440185542,0,3.9902782440185542,0,1.3130000000001019,34.23333231608073,30.96666717529297,13.399999936421711,13.700000127156576,12.433333396911621,12.433333396911621,8.6,15.88388442993164,NA,NA,75,0,0,27.93734614054362,0,14.37893517812093,5.524385375988431,4.680832270713382,5.524385375988431
2026-05-16 08:15:00,0,3.972671031951904,0,3.972671031951904,0,3.6570000000010623,34.63333257039388,31.6999994913737,13.633333524068197,13.899999936421711,12.699999809265135,12.699999809265135,8.8,15.947349548339844,NA,NA,75,0,0,27.359568913777668,0,14.621065457661947,5.526832498597886,4.695423342380523,5.526832498597886
2026-05-16 08:30:00,0,3.9950649738311768,0,3.9950649738311768,0,4.748999999999796,34.766666412353516,32.199999491373696,13.833333333333332,14.100000063578289,13.399999936421713,13.399999936421713,9.1,16.071218490600586,NA,NA,75,0,0,26.835803985595703,0,14.820833841959637,5.538882234446208,4.770660003202227,5.538882234446208
2026-05-16 08:45:00,0,4.005832672119141,0,4.005832672119141,0,2.7070000000003347,34.96666717529297,31.966665903727215,14.03333346048991,14.299999872843424,13.399999936421713,13.399999936421713,9.3,15.945818901062012,10.349266052246094,NA,75,0,0,26.33441416422526,0,15.014737129211426,5.547674209394667,4.762379971629249,5.547674209394667
2026-05-16 09:00:00,0,3.9744791984558105,0,3.9744791984558105,0,4.0349999999998545,35,29.600000381469727,14.233333269755045,14.46666653951009,13.833333333333332,13.833333333333332,9.6,16.221473693847656,9.516073226928713,NA,75,0,0,25.85879643758138,0,15.175849596659342,5.564466660817464,4.810833333333333,5.564466660817464
2026-05-16 09:15:00,0,4.07503080368042,2.4554665088653564,6.530497312545776,0,3.918999999999869,34.93333435058594,28.299999872843426,14.433333079020182,14.666666666666668,14.433333396911621,14.433333396911621,9.8,16.171916961669922,10.517781257629396,NA,75,0,0,25.44213104248047,0,15.306018829345703,5.586103038316515,4.882662186372545,5.32160932975961
2026-05-16 09:30:00,0,4.0269455909729,2.5483291149139404,6.575274705886841,0,2.561999999999898,34.900001525878906,27.566666920979817,14.600000063578289,14.833333333333332,13.899999936421713,13.899999936421713,9.9,16.092458724975586,10.310836791992188,NA,75,0,0,25.030864079793293,0,15.411264737447102,5.603067931574504,4.822689928747813,5.300622775410732
2026-05-16 09:45:00,0,4.042049407958984,2.5345661640167236,6.576615571975708,0,6.057999999999083,34.79999923706055,27.066666920979817,14.766666730244955,14.96666653951009,14.5,14.5,10,16.476669311523438,10.3193359375,NA,75,0,0,24.64953867594401,0,15.506944020589193,5.623296043100993,4.896000032424927,5.343002959263325
2026-05-16 10:00:00,0,4.094448566436768,2.4617598056793213,6.556208372116089,0,5.210000000000946,34.766666412353516,26.633333206176758,14.933333079020182,15.133333524068197,15.666666666666666,15.666666666666666,10.2,15.998604774475098,10.059717178344728,NA,75,0,0,24.271527608235676,0,15.569136937459309,5.6402875445590555,5.031855566660564,5.411830286542249
2026-05-16 10:15:00,0,4.016785144805908,2.441725254058838,6.458510398864746,0,3.5799999999999272,34.666666666666664,26.233333587646484,15.066666920979818,15.266666730244955,15.600000063578289,15.600000063578289,10.3,15.96906280517578,9.46574592590332,NA,75,0,0,23.948148727416992,0,15.633719762166342,5.657484467909072,5.02853334066603,5.419701177937432
2026-05-16 10:30:00,0,3.990413665771485,2.4143104553222656,6.40472412109375,0,2.1829999999990832,34.40000025431315,25.96666653951009,15.233333269755045,15.433333079020182,15.133333206176758,15.133333206176758,10.4,15.964591979980469,9.684720039367676,NA,75,0,0,23.617360432942707,0,15.674383481343588,5.68597864827813,4.986213307664659,5.4221966732589255
2026-05-16 10:45:00,0,4.0283660888671875,2.4333815574645996,6.461747646331787,0,2.4400000000005093,32.733333587646484,25.799999237060547,15.333333333333332,15.53333346048991,14.566666603088379,14.566666603088379,10.5,16.070384979248047,9.82595443725586,NA,75,0,0,23.30949020385742,0,15.724614461263021,5.7773377652486175,4.991651092830234,5.481461856245275
2026-05-16 11:00:00,0,4.039614677429199,0,4.039614677429199,0,3.360000000000582,31.166666666666668,26.93333371480306,15.46666653951009,15.666666666666668,14.566666603088379,14.566666603088379,10.6,16.241012573242188,NA,NA,75,0,0,23.01018714904785,0,15.760493596394856,5.867197765689426,5.058338881333668,5.867197765689426
2026-05-16 11:15:00,0,4.045738697052002,0,4.045738697052002,0,1.988999999999578,32.03333346048991,29.100000381469727,15.600000381469728,15.766666730244955,14.766666730244955,14.766666730244955,10.6,16.104339599609375,NA,NA,75,0,0,22.739351272583008,0,15.827470143636068,5.836990696375529,5.045041113173166,5.836990696375529
2026-05-16 11:30:00,0,4.037935733795166,0,4.037935733795166,0,3.712999999999738,33.23333231608073,30.633333841959637,15.733333269755045,15.899999618530272,14.866666793823242,14.866666793823242,10.5,16.34987449645996,NA,NA,75,0,0,22.491203943888348,0,15.887269337972006,5.790069822280884,5.005397836231656,5.790069822280884
2026-05-16 11:45:00,0,4.1065754890441895,0,4.1065754890441895,0,5.895000000000437,34.13333384195963,31.833333333333332,15.833333333333332,16.03333346048991,15.700000127156576,15.700000127156576,10.4,16.454286575317383,NA,NA,75,0,0,22.247222900390625,0,15.956636746724447,5.754711085849339,5.0633733258395734,5.754711085849339
2026-05-16 12:00:00,0,4.123992443084717,0,4.123992443084717,0,5.019000000000233,34.666666666666664,32.166666666666664,15.96666653951009,16.166667302449543,16.233333587646484,16.233333587646484,10.4,16.393388748168945,NA,NA,75,0,0,22.04259427388509,0,16.018826802571613,5.740524432712131,5.101577807108561,5.740524432712131
2026-05-16 12:15:00,0,4.1055426597595215,0,4.1055426597595215,0,4.139999999999418,34.96666717529297,31.933334350585938,16.133333841959637,16.266666412353516,16.599999745686848,16.599999745686848,10.6,16.404808044433594,10.152286529541016,NA,75,0,0,21.837962468465168,0,16.090586344401043,5.740930243645561,5.130486614727444,5.740930243645561
2026-05-16 12:30:00,0,4.090237140655518,0,4.090237140655518,0,4.663000000000466,34.96666717529297,29.799999237060547,16.233333587646484,16.399999618530273,16.299999872843422,16.299999872843422,10.8,16.37295913696289,9.909100532531738,NA,75,0,0,21.64382807413737,0,16.17908986409505,5.750132886867947,5.095976629507276,5.750132886867947
2026-05-16 12:45:00,0,4.111748695373535,2.4600563049316406,6.571805000305176,0,5.213999999999942,34.93333435058594,28.333333333333332,16.366666158040363,16.5,16.166666666666668,16.166666666666668,11,16.42264175415039,10.203607559204102,NA,75,0,0,21.470679601033527,0,16.267592748006184,5.764072791110569,5.0821110661824545,5.508790682001495
2026-05-16 13:00:00,0,4.125893592834473,2.5080409049987793,6.633934497833252,0,5.55199999999968,34.900001525878906,27.46666717529297,16.46666653951009,16.600000381469727,16.666666666666668,16.666666666666668,11.2,16.422447204589844,10.216920852661133,NA,75,0,0,21.305402755737305,0,16.360880533854168,5.774950578399658,5.141133265177409,5.535328111765864
2026-05-16 13:15:00,0,4.08831262588501,2.507887125015259,6.5961997509002686,0,2.5529999999998836,34.900001525878906,26.933333079020183,16.600000381469727,16.700000762939453,16.666666666666668,16.666666666666668,10.8,16.22400665283203,10.053808212280272,NA,75,0,0,21.161343256632488,0,16.442206700642902,5.78722795840454,5.141133265177409,5.5415815826312995
2026-05-16 13:30:00,0,4.000713348388672,2.409733772277832,6.410447120666504,0,1.4310000000004948,34.79999923706055,26.600000381469727,16.700000762939453,16.799999237060547,16.09999974568685,16.09999974568685,10.3,15.968599319458008,9.748746871948242,NA,75,0,0,21.011882781982422,0,16.513966878255207,5.801472108734131,5.0803200043487555,5.530385779157484
2026-05-16 13:45:00,0,3.9855897426605225,2.452871799468994,6.438461542129517,0,0.8150000000005093,34.766666412353516,26.366666158040363,16.799999237060547,16.899999618530273,15.93333371480306,15.93333371480306,9.8,15.85007095336914,9.622568130493164,NA,75,0,0,20.876158396402992,0,16.598147710164387,5.812369275828044,5.062584499575298,5.526722476308102
2026-05-16 14:00:00,0,3.983017683029175,2.3967812061309814,6.379798889160156,0,0.8040000000000873,34.666666666666664,26.233333587646484,16.899999618530273,17,15.133333524068197,15.133333524068197,9.4,15.968216896057127,9.973833084106444,NA,75,0,0,20.74328931172689,0,16.674692153930664,5.82663996480306,4.974711133109199,5.506584889676112
2026-05-16 14:15:00,0,3.983418464660645,2.4806199073791504,6.464038372039795,0,1.3289999999997235,33.86666742960612,26,17,17.066666920979817,14.699999809265135,14.699999809265135,9.2,15.803773880004885,9.880414962768556,NA,75,0,0,20.608334223429363,0,16.73888905843099,5.876346628061931,4.958893278605144,5.524267492424619
2026-05-16 14:30:00,0,3.956231594085694,0,3.956231594085694,0.055999999996856786,0.4069999999992433,31.133333841959637,26.233332951863606,17.100000381469727,17.133333841959637,13.466666857401531,13.466666857401531,9,15.852639198303224,NA,NA,75,0,0,20.486111958821617,0,16.801774978637695,6,4.9290044460254245,6
2026-05-16 14:45:00,0,3.972107172012329,0,3.972107172012329,0.35900000000401633,0,31.266667048136394,27.6999994913737,17.166667302449543,17.200000762939453,13.46666685740153,13.46666685740153,8.8,15.986493110656738,NA,NA,75,0,0,20.366435368855793,0,16.84961446126302,6,4.923475562383864,6
2026-05-16 15:00:00,0,3.9985475540161137,0,3.9985475540161137,0.04499999999825377,0.05199999999967986,32.40000025431315,28.566666920979817,17.233333587646484,17.299999237060547,13.166666666666666,13.166666666666666,8.6,15.982921600341797,NA,NA,75,0,0,20.256945927937824,0,16.92399787902832,5.972512011010064,4.841199989530776,5.972512011010064
2026-05-16 15:15:00,0,4.007747173309326,0,4.007747173309326,0,0.13900000000103319,33.53333409627279,29.599999745686848,17.299999237060547,17.366666158040363,13,13,8.8,15.95204734802246,NA,NA,75,0,0,20.152546564737957,0,16.98765500386556,5.92116522345988,4.775133302052815,5.92116522345988
2026-05-16 15:30:00,0,3.989379644393921,0,3.989379644393921,0,0.3220000000001164,34.266666412353516,31.03333346048991,17.399999618530273,17.433333079020183,12.933333396911621,12.933333396911621,9.1,15.998754501342772,NA,NA,75,0,0,20.050695419311523,0,17.0222225189209,5.893141310963948,4.737351128879123,5.893141310963948
2026-05-16 15:45:00,0,4.013271331787109,0,4.013271331787109,0,1.7119999999995343,34.666665395100914,32.10000038146973,17.433333079020183,17.5,12.899999936421713,12.899999936421713,9.3,16.182193756103516,NA,NA,75,0,0,19.96157391866048,0,17.066666920979817,5.875848930206299,4.717133378007677,5.875848930206299
2026-05-16 16:00:00,0,4.036627292633057,0,4.036627292633057,0,3.011000000000422,34.833333333333336,32.26666768391927,17.5,17.566666920979817,13.300000190734863,13.300000190734863,9.6,16.157472610473633,NA,NA,75,0,0,19.875001271565758,0,17.123071034749348,5.873499999999999,4.756383355299632,5.873499999999999
2026-05-16 16:15:00,0,4.050358772277832,0,4.050358772277832,0,2.5010000000002037,34.96666717529297,30.400000254313152,17.600000381469727,17.633333841959637,13.800000190734863,13.800000190734863,9.7,16.2087345123291,10.145272254943848,NA,75,0,0,19.78588040669759,0,17.175695419311523,5.875902675791422,4.808393334013621,5.875902675791422
2026-05-16 16:30:00,0,4.050615310668945,2.481314182281494,6.5319294929504395,0,2.1239999999997963,34.900001525878906,28.566666920979817,17.666667302449543,17.700000762939453,13.566666920979818,13.566666920979818,9.8,16.196043014526367,9.615803718566896,NA,75,0,0,19.71458371480306,0,17.216357549031574,5.885446647186279,4.784323299179077,5.467157842507614
2026-05-16 16:45:00,0,4.045126914978027,2.4112648963928223,6.45639181137085,0,1.1299999999991996,34.900001525878906,27.56666628519694,17.700000762939453,17.766666412353516,13.866666475931803,13.866666475931803,9.8,16.12369155883789,9.91284465789795,NA,75,0,0,19.643288294474285,0,17.264197667439777,5.888515992187498,4.818853247496287,5.4890296687722095
2026-05-16 17:00:00,0,4.016953468322754,2.494804859161377,6.511758327484131,0,1.1329999999998108,34.900001525878906,27.03333346048991,17.799999237060547,17.799999237060547,13.866666793823242,13.866666793823242,9.9,16.083724975585938,10.187253952026367,NA,75,0,0,19.572839101155598,0,17.295679728190105,5.8977238515625015,4.818853284085591,5.484383644695903
2026-05-16 17:15:00,0,4.020047187805176,2.430385112762451,6.450432300567627,0,1.1499999999996362,34.86666742960612,26.700000127156574,17.799999237060547,17.899999618530273,13.733333587646484,13.733333587646484,9.8,16.100961685180664,10.265867233276367,NA,75,0,0,19.50617345174154,0,17.335186004638672,5.8994318906351735,4.804897775217692,5.487034814661339
2026-05-16 17:30:00,0,4.008639335632324,2.444490909576416,6.45313024520874,0,0.8290000000015425,34.79999923706055,26.399999618530273,17.899999618530273,17.899999618530273,13.899999936421713,13.899999936421713,9.7,16.077510833740234,9.91166877746582,NA,75,0,0,19.44444465637207,0,17.35740788777669,5.912064003997803,4.826880024642945,5.500988716199222
2026-05-16 17:45:00,0,4.016482830047607,2.4815492630004883,6.498032093048096,0,0.7179999999989377,34.666666666666664,26.233333587646484,17.899999618530273,18,13.433333396911621,13.433333396911621,9.5,15.96742057800293,10.011127471923828,NA,75,0,0,19.376389185587566,0,17.406789779663086,5.918906631469726,4.778644451777141,5.483449137396909
2026-05-16 18:00:00,0,3.998755693435669,2.498488426208496,6.497244119644165,0,0.706000000000131,34.16666793823242,26.066666920979817,17.96666653951009,18,13.566666920979818,13.566666920979818,9.4,15.93820571899414,10.059234619140623,NA,75,0,0,19.320371627807617,0,17.41666603088379,5.950744367336697,4.814805532158745,5.513923773818916
2026-05-16 18:15:00,0,3.987853527069092,2.5146830081939697,6.5025365352630615,0.10499999999592546,0.2070000000003347,32.5,25.96666653951009,18,18.066666920979817,13.400000254313152,13.400000254313152,9,15.876432418823242,10.177139282226562,NA,75,0,0,19.25424575805664,0,17.44629669189453,6,4.864500029881796,5.5608755959807175
2026-05-16 18:30:00,0,3.962827682495117,0,3.962827682495117,0.569999999999709,0,31.03333346048991,27.566666920979817,18,18.100000381469727,13.099999745686848,13.099999745686848,8.6,15.805984497070312,NA,NA,75,0,0,19.1993834177653,0,17.477855682373047,6,4.889529964519077,6
2026-05-16 18:45:00,0,3.9474849700927734,0,3.9474849700927734,0.7750000000014552,0,31.933333079020183,29.03333346048991,18.100000381469727,18.100000381469727,12.566666603088379,12.566666603088379,8.2,15.758813858032228,NA,NA,75,0,0,19.145062764485676,0,17.485031127929688,6,4.789571113921271,6
2026-05-16 19:00:00,0,3.9330615997314458,0,3.9330615997314458,0.8329999999987194,0,32.96666590372721,30.1999994913737,18.100000381469727,18.200000762939453,12,12,7.8,15.737223625183104,NA,NA,75,0,0,19.0907408396403,0,17.501774470011394,6,4.681333363850912,6
2026-05-16 19:15:00,0,3.9407124519348145,0,3.9407124519348145,0.7640000000028522,0,33.833333333333336,31.06666628519694,18.100000381469727,18.200000762939453,11.5,11.5,7.5,15.784433364868164,NA,NA,75,0,0,19.0432866414388,0,17.525694529215496,5.980260035451253,4.588583333333333,5.980260035451253
2026-05-16 19:30:00,0,3.9297168254852295,0,3.9297168254852295,0.6560000000026776,0,34.43333307902018,32.20000076293945,18.166667302449543,18.233333587646484,11.166666666666666,11.166666666666666,7.2,15.704751968383787,NA,NA,75,0,0,18.992360432942707,0,17.547222137451172,5.9555356274414075,4.52636112107171,5.9555356274414075
2026-05-16 19:45:00,0,3.9377634525299072,0,3.9377634525299072,0.6100000000005821,0,34.800000508626304,32.733333587646484,18.200000762939453,18.299999237060547,10.600000063578289,10.600000063578289,7,15.783700942993164,NA,NA,75,0,0,18.9465274810791,0,17.54004732767741,5.939712044087727,4.446719987691243,5.939712044087727
2026-05-16 20:00:00,0,4.005033016204834,0,4.005033016204834,0.11299999999755528,0,35,31.53333346048991,18.200000762939453,18.299999237060547,10.299999872843424,10.299999872843424,6.7,16.188016891479492,9.475090026855469,NA,75,0,0,18.89560317993164,0,17.554398854573567,5.929400070190429,4.404499985376993,5.929400070190429
2026-05-16 20:15:00,0,4.045340061187744,2.4454421997070312,6.490782260894775,0.07699999999749707,0,35,29.366666158040363,18.200000762939453,18.299999237060547,10.066666920979818,10.066666920979818,6.6,16.191001892089844,10.352338790893556,NA,75,0,0,18.853087107340496,0,17.568750381469727,5.929400070190429,4.377666695912679,5.34477496282633
2026-05-16 20:30:00,0,4.0050368309021,2.455826997756958,6.460863828659058,0.07700000000477303,0,35,28.200000127156574,18.233333587646484,18.299999237060547,9.766666730244955,9.766666730244955,6.4,15.906991958618164,10.117618560791016,NA,75,0,0,18.798766454060875,0,17.575925827026367,5.932466690063476,4.343166673978169,5.328360801045236
2026-05-16 20:45:00,0,3.9787135124206543,2.409679651260376,6.38839316368103,0.07899999999790452,0,34.93333435058594,27.43333371480306,18.299999237060547,18.399999618530273,9.366666475931803,9.366666475931803,6.3,15.908568382263184,9.754650115966797,NA,75,0,0,18.751851399739582,0,17.578317642211914,5.942042543904623,4.299657717819214,5.322540707753321
2026-05-16 21:00:00,0,3.986517429351806,2.4338064193725586,6.420323848724365,0.08000000000174623,0,34.900001525878906,26.899999618530273,18.299999237060547,18.399999618530273,9,9,6.2,16.01005744934082,9.309605598449709,NA,75,0,0,18.70494079589844,0,17.5735346476237,5.943763850952149,4.258699943542481,5.304992435126841
2026-05-16 21:15:00,0,3.9968764781951904,2.4560768604278564,6.452953338623047,0.07799999999406282,0,34.79999923706055,26.600000381469727,18.299999237060547,18.399999618530273,8.799999872843424,8.799999872843424,6.1,15.960784912109377,10.019472122192385,NA,75,0,0,18.65555763244629,0,17.563966751098633,5.948927969085694,4.239360013427734,5.2982444638929485
2026-05-16 21:30:00,0,4.0031633377075195,2.433011054992676,6.436174392700195,0.07900000000518048,0,34.733333587646484,26.399999618530273,18.299999237060547,18.399999618530273,8.600000381469727,8.600000381469727,6,16.057004928588867,9.716431617736816,NA,75,0,0,18.608641306559242,0,17.563966115315754,5.9523705831807465,4.218760034662883,5.2970288580746425
2026-05-16 21:45:00,0,4.011282920837402,2.397016763687134,6.408299684524536,0.07800000000133878,0,34.33333206176758,26.166667302449543,18.266666412353516,18.399999618530273,8.399999618530273,8.399999618530273,5.8,16.009275436401367,9.705082893371582,NA,75,0,0,18.544443130493164,0,17.55200703938802,5.969942264319525,4.210266668828328,5.311737731340277
2026-05-16 22:00:00,0,4.015659332275391,2.446678876876831,6.462338209152222,0.19499999999970896,0,32.666666666666664,25.96666653951009,18.200000762939453,18.333332697550457,8.399999936421713,8.399999936421713,5.7,16.049280166625977,10.399018287658691,NA,75,0,0,18.50000063578288,0,17.53526242574056,6,4.2709333258734805,5.345365288634125
2026-05-16 22:15:00,0,4.020419597625732,0,4.020419597625732,0.9209999999948195,0,31.066666920979817,27.333333333333332,18.200000762939453,18.299999237060547,8.366666475931803,8.366666475931803,5.6,16.119403839111328,NA,NA,75,0,0,18.450618743896484,0,17.51612726847331,6,4.325208856955634,6
2026-05-16 22:30:00,0,4.023749351501465,0,4.023749351501465,1.0460000000020955,0,32.06666628519694,29.066666920979817,18.200000762939453,18.299999237060547,8.466666539510092,8.466666539510092,5.6,16.131723403930664,NA,NA,75,0,0,18.396296819051106,0,17.48263931274414,6,4.300635554470486,6
2026-05-16 22:45:00,0,4.023116111755371,0,4.023116111755371,0.9689999999973224,0,33.199999491373696,30.46666653951009,18.200000762939453,18.299999237060547,8.566666603088379,8.566666603088379,5.5,16.071504592895508,NA,NA,75,0,0,18.332098642985027,0,17.460880279541016,6,4.270986677839491,6
2026-05-16 23:00:00,0,4.025046348571777,0,4.025046348571777,0.8000000000029104,0,34.09999974568685,31.899999618530273,18.200000762939453,18.299999237060547,8.699999809265137,8.699999809265137,5.4,16.121522903442383,NA,NA,75,0,0,18.280248641967773,0,17.44135856628418,5.9758040838521325,4.253529987227122,5.9758040838521325
2026-05-16 23:15:00,0,4.036909580230713,0,4.036909580230713,0.6429999999963911,0,34.63333257039388,32.766666412353516,18.200000762939453,18.299999237060547,8.766666730244955,8.766666730244955,5.6,16.039052963256836,NA,NA,75,0,0,18.24074109395345,0,17.451234181722004,5.948305443084717,4.2416478131633335,5.948305443084717
2026-05-16 23:30:00,0,4.0173187255859375,0,4.0173187255859375,0.19100000000617,0,34.93333435058594,31.866666793823242,18.200000762939453,18.299999237060547,8.766666730244955,8.766666730244955,5.7,16.107707977294922,10.42313003540039,NA,75,0,0,18.1913579305013,0,17.42160479227702,5.932837351114908,4.230617747692532,5.932837351114908
2026-05-16 23:45:00,0,4.0414042472839355,2.5706090927124023,6.612013339996338,0.07699999999749707,0,34.900001525878906,29.299999872843426,18.200000762939453,18.299999237060547,8.699999809265137,8.699999809265137,5.8,16.150558471679688,10.35732364654541,NA,75,0,0,18.146914800008137,0,17.396913528442383,5.934555991577147,4.224169922046661,5.269594540911633
2026-05-17 00:00:00,0,4.0446367263793945,2.515960454940796,6.56059718132019,0.07899999999790452,0,34.900001525878906,27.75,18.100000381469727,18.25,8.699999809265137,8.699999809265137,6,16.23220729827881,9.867794513702393,NA,75,0,0,18.09629726409912,0,17.394445419311523,5.925347956573486,4.224169922046661,5.2729535870685265
2026-05-17 00:15:00,0,4.062289714813232,2.4581780433654785,6.520467758178711,0.07800000000133878,0,34.900001525878906,27.099999745686848,18.100000381469727,18.200000762939453,8.699999809265137,8.699999809265137,6.2,16.251115798950195,9.9871063232421875,NA,75,0,0,18.058025360107422,0,17.35740788777669,5.925347956573486,4.224169922046661,5.2840138303393385
2026-05-17 00:30:00,0,4.043027877807617,2.457703113555908,6.500730991363525,0.07800000000133878,0,34.79999923706055,26.600000381469727,18.100000381469727,18.200000762939453,8.699999809265137,8.699999809265137,6.3,15.905221939086914,9.942692756652832,NA,75,0,0,18.01604970296224,0,17.35740788777669,5.930496074432374,4.227840006027222,5.286780294438764
2026-05-17 00:45:00,0,3.9736227989196777,2.4278109073638916,6.401433706283569,0.07699999999749707,0,34.766666412353516,26.333332697550457,18.100000381469727,18.200000762939453,8.633333524068197,8.633333524068197,6.4,15.878403663635254,9.856830596923828,NA,75,0,0,17.97160466512044,0,17.327777862548828,5.932212048258465,4.2213811424064644,5.283361474393169
2026-05-17 01:00:00,0,3.9722630977630615,2.4291532039642334,6.401416301727295,0.07600000000093132,0,34.666666666666664,26.100000381469727,18.100000381469727,18.200000762939453,8.700000127156576,8.700000127156576,6.6,15.879225730895996,10.357099533081056,NA,75,0,0,17.917285919189453,0,17.28109614054362,5.9373600351969404,4.2327333479987255,5.2905032798171705
2026-05-17 01:15:00,0,3.973026752471924,2.506678342819214,6.479705095291138,0.07800000000133878,0,34.43333307902018,25.933333079020183,18.066666920979817,18.200000762939453,8.600000381469727,8.600000381469727,6.6,15.876626968383787,10.082585334777832,NA,75,0,0,17.88024838765462,0,17.2739200592041,5.94629025881958,4.229740053393047,5.282241639163806
2026-05-17 01:30:00,0,3.9691812992095943,2.503405809402466,6.4725871086120605,0.1239999999961583,0,32.79999923706055,25.799999237060547,18,18.100000381469727,8.566666920979818,8.566666920979818,6.6,15.77857494354248,9.40071964263916,NA,75,0,0,17.83827082316081,0,17.233102162679035,6,4.285613391036988,5.336925818931141
2026-05-17 01:45:00,0,3.9401330947875977,0,3.9401330947875977,0.772000000004482,0,30.666666666666668,26.93333371480306,18,18.100000381469727,8.566666920979818,8.566666920979818,6.5,15.795340538024902,NA,NA,75,0,0,17.78888765970866,0,17.216358820597332,6,4.363622252570258,6
2026-05-17 02:00:00,0,3.9530820846557617,0,3.9530820846557617,0.9939999999987776,0,31.333333333333332,28.333333333333332,18,18.100000381469727,8.533333460489908,8.533333460489908,6.5,15.844446182250977,NA,NA,75,0,0,17.74691390991211,0,17.190046946207683,6,4.335288903978136,6
2026-05-17 02:15:00,0,3.961507797241211,0,3.961507797241211,1.0140000000028522,0,32.56666692097982,29.53333346048991,18,18.100000381469727,8.566666920979818,8.566666920979818,6.7,15.85278034210205,NA,NA,75,0,0,17.707408269246418,0,17.166126251220703,6,4.2941455761210126,6
2026-05-17 02:30:00,0,3.962759256362915,0,3.962759256362915,0.885999999998603,0,33.59999974568685,30.766667048136394,17.899999618530273,18.03333346048991,8.600000381469727,8.600000381469727,6.8,15.84488582611084,NA,NA,75,0,0,17.665432612101238,0,17.144599278767902,5.9736479775288895,4.2602400537109375,5.9736479775288895
2026-05-17 02:45:00,0,3.968326568603515,0,3.968326568603515,0.7289999999993597,0,34.36666615804037,31.733332951863606,17.899999618530273,18,8.533333460489908,8.533333460489908,6.9,15.87751293182373,NA,NA,75,0,0,17.621373494466145,0,17.125309626261394,5.934302657480876,4.224471144396464,5.934302657480876
2026-05-17 03:00:00,0,3.979778289794922,0,3.979778289794922,0.6100000000005821,0,34.800000508626304,32.53333282470703,17.899999618530273,18,8.633333524068197,8.633333524068197,7.1,15.90466022491455,NA,NA,75,0,0,17.590277989705402,0,17.103703180948894,5.912063938741048,4.22016000333998,5.912063938741048
2026-05-17 03:15:00,0,3.97509241104126,0,3.97509241104126,0.09900000000197906,0,34.96666717529297,30.53333282470703,17.899999618530273,18,8.733333269755045,8.733333269755045,7.1,15.893267631530762,10.132965087890623,NA,75,0,0,17.55439821879069,0,17.08148129781087,5.903510605458577,4.225557751780616,5.903510605458577
2026-05-17 03:30:00,0,3.961554527282715,2.565157413482666,6.526711940765381,0.08199999999487773,0,34.96666717529297,28.133333841959637,17.899999618530273,18,8.666666666666666,8.666666666666666,7.2,15.7708158493042,10.389599800109863,NA,75,0,0,17.53287124633789,0,17.056790669759113,5.903510605458577,4.217888870239257,5.241020039049683
2026-05-17 03:45:00,0,3.9522593021392822,2.5464017391204834,6.498661041259766,0.07500000000436557,0,34.900001525878906,27.133333206176758,17.866666158040363,18,8.633333524068197,8.633333524068197,7.2,15.881875991821287,10.505369186401367,NA,75,0,0,17.494599024454754,0,17.044445037841797,5.903862541564942,4.216496632722219,5.2426938088783075
2026-05-17 04:00:00,0,3.9647421836853023,2.5477936267852783,6.512535810470581,0.0629999999946449,0,34.86666742960612,26.700000127156574,17.799999237060547,17.899999618530273,8.733333269755045,8.733333269755045,7.3,15.855658531188965,10.335726737976074,NA,75,0,0,17.461034138997395,0,17.012346267700195,5.8994318906351735,4.229231075765822,5.246026348552137
2026-05-17 04:15:00,0,3.9688801765441895,2.586338520050049,6.555218696594238,0.01600000000325963,0.0010000000002037268,34.79999923706055,26.266666412353516,17.799999237060547,17.899999618530273,8.700000127156576,8.700000127156576,7.4,15.85061264038086,10.359067916870115,NA,75,0,0,17.431481679280598,0,17.007407506306965,5.9028479687805175,4.227840042648316,5.241979472814758
2026-05-17 04:30:00,0,3.965259313583374,2.605946779251098,6.571206092834473,0,0.07799999999951979,34.63333384195963,25.899999618530273,17.799999237060547,17.899999618530273,8.733333269755045,8.733333269755045,7.4,15.830259323120115,10.442781448364258,NA,75,0,0,17.404321670532227,0,16.985186258951824,5.911387903523764,4.237802196203868,5.247693108051335
2026-05-17 04:45:00,0,3.9593546390533447,2.554534435272217,6.5138890743255615,0.021000000000640284,0.1610000000000582,32.93333371480306,25.5,17.799999237060547,17.899999618530273,8.833333333333334,8.833333333333334,7.5,15.819772720336914,10.52949333190918,NA,75,0,0,17.367284774780273,0,16.97037188212077,5.998495909001669,4.311955541504754,5.337089889327684
2026-05-17 05:00:00,0,3.9534623622894287,0,3.9534623622894287,0.47699999999895226,0,30.600000381469727,26.5,17.733333587646484,17.833332697550457,9,9,7.6,15.845351219177246,NA,NA,75,0,0,17.3327153523763,0,16.945910771687824,6,4.417799985885621,6
2026-05-17 05:15:00,0,3.9407994747161865,0,3.9407994747161865,0.555000000000291,0,31.233333587646484,27.766666412353516,17.700000762939453,17.799999237060547,9.066666920979818,9.066666920979818,7.7,15.786270141601562,NA,NA,75,0,0,17.300617218017578,0,16.911806106567383,6,4.402284465221829,6
2026-05-17 05:30:00,0,3.936681509017944,0,3.936681509017944,0.3629999999975553,0,32.36666742960612,28.633333206176758,17.700000762939453,17.799999237060547,9.199999809265137,9.199999809265137,7.8,15.770102500915527,NA,NA,75,0,0,17.27384312947591,0,16.892669677734375,6,4.375959949181875,6
2026-05-17 05:45:00,0,3.93554162979126,0,3.93554162979126,0.20300000000133878,0.004000000000814907,33.40000025431315,29.733332951863606,17.700000762939453,17.799999237060547,9.199999809265137,9.199999809265137,7.8,16.002031326293945,NA,NA,75,0,0,17.242669423421223,0,16.87831751505534,5.9652560581563305,4.3375199682998655,5.9652560581563305
2026-05-17 06:00:00,0,4.0023884773254395,0,4.0023884773254395,0.029999999998835847,0.04399999999986903,34.20000076293945,31.066666920979817,17.700000762939453,17.799999237060547,9.366666475931803,9.366666475931803,7.9,16.013622283935547,NA,NA,75,0,0,17.2211430867513,0,16.859181722005207,5.924328031646728,4.327059949404399,5.924328031646728
2026-05-17 06:15:00,0,4.003606796264648,0,4.003606796264648,0,0.1749999999992724,34.73333231608073,31.933332443237305,17.700000762939453,17.799999237060547,9.46666653951009,9.46666653951009,8.2,15.908644676208496,NA,NA,75,0,0,17.20439847310384,0,16.868751525878906,5.897042789062501,4.318657801233927,5.897042789062501
2026-05-17 06:30:00,0,3.9838366508483887,0,3.9838366508483887,0,0.683999999999287,34.96666717529297,31.799999237060547,17.700000762939453,17.799999237060547,9.666666666666668,9.666666666666668,8.5,15.883515357971191,10.44182014465332,NA,75,0,0,17.185262044270832,0,16.844830830891926,5.885105377522786,4.332922203063965,5.885105377522786
2026-05-17 06:45:00,0,3.96575927734375,0,3.96575927734375,0,1.2300000000013824,34.93333435058594,28.96666653951009,17.700000762939453,17.766666412353516,9.96666653951009,9.96666653951009,8.8,15.888229370117188,10.61020278930664,NA,75,0,0,17.16851806640625,0,16.84722328186035,5.886810684855142,4.368697724524604,5.886810684855142
2026-05-17 07:00:00,0,3.9579150676727295,2.61820387840271,6.5761189460754395,0,1.4830000000001746,34.900001525878906,27.399999618530273,17.666667302449543,17.700000762939453,10.133333524068197,10.133333524068197,9.1,15.952444076538086,10.422746658325195,NA,75,0,0,17.156558990478516,0,16.832871119181316,5.885446647186279,4.3891466304334,5.289712515969808
2026-05-17 07:15:00,0,3.9826955795288086,2.5893149375915527,6.572010517120361,0,1.683999999999287,34.79999923706055,26.599999745686848,17.600000381469727,17.700000762939453,10.433333396911621,10.433333396911621,9.1,15.934358596801758,10.439251899719238,NA,75,0,0,17.13503074645996,0,16.84722328186035,5.884416074127198,4.427520036646525,5.31041171693095
2026-05-17 07:30:00,0,3.994905471801758,2.6099226474761963,6.604828119277954,0,2.0309999999990396,34.766666412353516,26.100000381469727,17.600000381469727,17.700000762939453,10.666666984558107,10.666666984558107,9,15.97528839111328,10.420602798461914,NA,75,0,0,17.125463485717773,0,16.83047930399577,5.8861187148234055,4.455688935354021,5.32087901295064
2026-05-17 07:45:00,0,3.982258558273315,2.606572151184082,6.5888307094573975,0,2.117000000000189,34.666666666666664,25.833332697550457,17.600000381469727,17.700000762939453,10.966666857401531,10.966666857401531,8.9,15.84210968017578,10.52548599243164,NA,75,0,0,17.10864194234212,0,16.83047930399577,5.891226701863607,4.494155577553643,5.338538850797287
2026-05-17 08:00:00,0,3.956454277038574,2.557656526565552,6.514110803604126,0,2.0380000000004657,34.266666412353516,25.700000762939453,17.600000381469727,17.700000762939453,11.133333524068197,11.133333524068197,8.9,16.139320373535156,10.09700870513916,NA,75,0,0,17.103703180948894,0,16.811343510945637,5.911658714975993,4.5290311431376145,5.368793151349818
2026-05-17 08:15:00,0,4.051352024078369,2.5532591342926025,6.604611158370972,0,2.7260000000005675,32.13333384195963,25.566666920979817,17.600000381469727,17.700000762939453,11.433333396911621,11.433333396911621,9.1,16.127338409423828,10.672799110412598,NA,75,0,0,17.08395004272461,0,16.825695037841797,6,4.647875542992486,5.477285787494206
2026-05-17 08:30:00,0,4.030863285064697,0,4.030863285064697,0,2.106999999999971,30.833333333333332,27.100000381469727,17.600000381469727,17.700000762939453,11.733333269755045,11.733333269755045,9.4,16.09835433959961,NA,NA,75,0,0,17.07654317220052,0,16.825695037841797,6,4.734888881312476,6
2026-05-17 08:45:00,0,4.032670974731445,0,4.032670974731445,0,2.547999999998865,31.799999872843426,28.299999872843426,17.600000381469727,17.700000762939453,11.96666653951009,11.96666653951009,9.6,16.04643440246582,NA,NA,75,0,0,17.071605682373047,0,16.811344146728516,6,4.724059990052117,6
2026-05-17 09:00:00,0,4.0313873291015625,0,4.0313873291015625,0,3.6310000000012224,32.90000025431315,29.399999618530273,17.600000381469727,17.700000762939453,12.53333346048991,12.53333346048991,9.8,16.116464614868164,NA,NA,75,0,0,17.066667556762695,0,16.825695673624676,5.981468022745768,4.7464533379152085,5.981468022745768
2026-05-17 09:15:00,0,4.000168323516846,0,4.000168323516846,0,2.0789999999997235,33.833333333333336,30.299999872843426,17.600000381469727,17.700000762939453,12.666666666666668,12.666666666666668,10.1,15.973776817321776,NA,NA,75,0,0,17.071605682373047,0,16.835262298583984,5.9337933687845865,4.72411111111111,5.9337933687845865
2026-05-17 09:30:00,0,4.002501964569092,0,4.002501964569092,0,1.4030000000002474,34.40000025431315,31.200000127156574,17.633333841959637,17.700000762939453,12.566666920979818,12.566666920979818,10.3,16.089258193969727,NA,NA,75,0,0,17.066667556762695,0,16.83047930399577,5.907930700707329,4.689506685748629,5.907930700707329
2026-05-17 09:45:00,0,4.0252227783203125,0,4.0252227783203125,0,2.100000000000364,34.599998474121094,31.03333346048991,17.700000762939453,17.766666412353516,12.700000127156576,12.700000127156576,10.6,16.150226593017578,NA,NA,75,0,0,17.074074427286785,0,16.84961446126302,5.903864148498536,4.69678007677714,5.903864148498536
2026-05-17 10:00:00,0,4.037904739379883,0,4.037904739379883,0,1.0759999999991123,34.53333282470703,30.83333396911621,17.700000762939453,17.799999237060547,12.766666730244955,12.766666730244955,10.8,16.131982803344727,NA,NA,75,0,0,17.08888816833496,0,16.868750890096027,5.907274763163249,4.707191139187283,5.907274763163249
2026-05-17 10:15:00,0,4.041769981384277,0,4.041769981384277,0,0.5419999999994616,34.43333435058594,30.766667048136394,17.700000762939453,17.799999237060547,12.46666653951009,12.46666653951009,11.1,16.20671272277832,NA,NA,75,0,0,17.098765691121418,0,16.890278498331707,5.912390685160319,4.6765977219178945,5.912390685160319
2026-05-17 10:30:00,0,4.053921222686768,0,4.053921222686768,0,0.5230000000010477,34.56666564941406,31.299999872843426,17.700000762939453,17.799999237060547,12.366666475931803,12.366666475931803,11.4,16.24542999267578,NA,NA,75,0,0,17.10864194234212,0,16.911806106567383,5.905569455830892,4.6596589079348245,5.905569455830892
2026-05-17 10:45:00,0,4.028766632080078,0,4.028766632080078,0,0.8869999999988067,34.733333587646484,32.06666692097982,17.700000762939453,17.799999237060547,12.399999618530272,12.399999618530272,11.6,15.94069766998291,NA,NA,75,0,0,17.115895589192707,0,16.916589736938477,5.8970427240091965,4.6567732790883385,5.8970427240091965
2026-05-17 11:00:00,0,4.018134593963623,0,4.018134593963623,0,2.856000000001586,35,30.766666412353516,17.700000762939453,17.799999237060547,12.833333333333334,12.833333333333334,11.9,16.234539031982422,10.481382369995115,NA,75,0,0,17.130247751871746,0,16.933488210042317,5.883400070190429,4.695833333333333,5.883400070190429
2026-05-17 11:15:00,0,4.048994541168213,2.5625038146972656,6.6114983558654785,0,2.7159999999985303,34.96666717529297,28.899999618530273,17.700000762939453,17.799999237060547,13.333333333333334,13.333333333333334,11.8,16.164552688598633,10.02922534942627,NA,75,0,0,17.139815012613933,0,16.9629643758138,5.885105377522786,4.75471109008789,5.446983862890006
2026-05-17 11:30:00,0,4.106039047241211,2.568214178085327,6.674253225326538,0,5.431000000000495,34.900001525878906,27.900000254313152,17.799999237060547,17.833332697550457,14.133333524068197,14.133333524068197,11.6,16.469160079956055,10.158924102783203,NA,75,0,0,17.16134262084961,0,16.990123112996418,5.8977238515625015,4.849546624329885,5.494391295058659
2026-05-17 11:45:00,0,4.090859889984131,2.583817720413208,6.674677610397339,0,4.010000000000218,34.86666742960612,27.299999872843426,17.799999237060547,17.899999618530273,14.733333269755045,14.733333269755045,11.5,16.316192626953125,10.532856941223145,NA,75,0,0,17.173302332560223,0,16.99259312947591,5.8994318906351735,4.920031071188185,5.520298494179835
2026-05-17 12:00:00,0,4.1078386306762695,2.595679521560669,6.7035181522369385,0,3.537000000000262,34.79999923706055,26.766666412353516,17.799999237060547,17.899999618530273,15.233333269755045,15.233333269755045,11.3,16.395244598388672,10.437349319458008,NA,75,0,0,17.19243876139323,0,17.00246810913086,5.9028479687805175,4.980480025660197,5.5456964661024015
2026-05-17 12:15:00,0,4.088489532470703,2.577709436416626,6.666198968887329,0,4.4799999999995634,34.59999974568685,26.399999618530273,17.799999237060547,17.899999618530273,15.46666653951009,15.46666653951009,11.4,16.33081817626953,10.289532661437988,NA,75,0,0,17.211575826009113,0,17.03209940592448,5.913095942596435,5.016053329713609,5.566224326719382
2026-05-17 12:30:00,0,4.074630260467529,2.5723798274993896,6.647010087966919,0,2.129000000000815,33.46666590372721,26.133333841959637,17.833332697550457,17.899999618530273,15.666666348775227,15.666666348775227,11.4,16.18208122253418,10.156235694885254,NA,75,0,0,17.240277608235676,0,17.066667556762695,5.974275535396999,5.088622218492295,5.631529444084775
2026-05-17 12:45:00,0,4.059399604797363,0,4.059399604797363,0,2.6999999999989086,31.5,26.666666666666668,17.899999618530273,17.933333079020183,15.733333269755045,15.733333269755045,11.5,16.361520767211914,NA,NA,75,0,0,17.261805216471355,0,17.108489354451496,6,5.182399992465974,6
2026-05-17 13:00:00,0,4.0632548332214355,0,4.0632548332214355,0,1.0079999999998108,32.166665395100914,28.733333587646484,17.899999618530273,18,15.5,15.5,11.6,16.202495574951172,NA,NA,75,0,0,17.288272221883137,0,17.113502502441406,6,5.12575005531311,6
2026-05-17 13:15:00,0,4.043961048126221,0,4.043961048126221,0,1.5010000000002037,33.300000508626304,30.566666920979817,17.899999618530273,18,15.266666412353516,15.266666412353516,12.1,16.228792190551758,NA,NA,75,0,0,17.32037099202474,0,17.144598642985027,5.989043938283284,5.04921994831509,5.989043938283284
2026-05-17 13:30:00,0,4.065811634063721,0,4.065811634063721,0,2.279000000000451,34.20000076293945,31.566666920979817,17.96666653951009,18,15.600000063578287,15.600000063578287,12.6,16.296648025512695,NA,NA,75,0,0,17.352468490600586,0,17.180479685465496,5.949031949025472,5.048879974098206,5.949031949025472
2026-05-17 13:45:00,0,4.082608699798584,0,4.082608699798584,0,2.118000000000393,34.766666412353516,32.66666793823242,18,18.066666920979817,15.833333333333332,15.833333333333332,13.1,16.315258026123047,NA,NA,75,0,0,17.38703791300456,0,17.221142450968426,5.922993346405029,5.051061122258504,5.922993346405029
2026-05-17 14:00:00,0,4.076091289520264,0,4.076091289520264,0,2.7590000000000146,35,30.50000063578288,18,18.100000381469727,16.033333460489906,16.033333460489906,13.6,16.124711990356445,10.264556884765623,NA,75,0,0,17.419135411580402,0,17.240278879801433,5.911,5.063833347956338,5.911
2026-05-17 14:15:00,0,4.042253017425537,2.5512876510620117,6.593540668487549,0,3.382999999999811,34.93333435058594,28.600000381469727,18.03333346048991,18.100000381469727,16.333333333333332,16.333333333333332,13.3,16.291988372802734,10.374582290649414,NA,75,0,0,17.456096013387043,0,17.278858820597332,5.917495070502387,5.10128884379069,5.601674334477848
2026-05-17 14:30:00,0,4.082120895385742,2.523360252380371,6.605481147766113,0,5.153000000000247,34.900001525878906,27.56666628519694,18.100000381469727,18.166667302449543,16.633333841959637,16.633333841959637,13.1,16.441192626953125,10.160024642944336,NA,75,0,0,17.492207209269207,0,17.30308659871419,5.925347956573486,5.137296657104491,5.624304432047001
2026-05-17 14:45:00,0,4.102483749389648,2.4788434505462646,6.581327199935913,0,5.320999999999913,34.900001525878906,26.933333079020183,18.100000381469727,18.200000762939453,16.933333079020183,16.933333079020183,12.8,16.35635757446289,9.63475227355957,NA,75,0,0,17.53287124633789,0,17.35740788777669,5.925347956573486,5.171826568832397,5.641535664598894
2026-05-17 15:00:00,0,4.075181484222412,2.4554171562194824,6.5305986404418945,0,3.029000000000451,34.833333333333336,26.53333346048991,18.166667302449543,18.200000762939453,17.166666666666668,17.166666666666668,12.6,16.214927673339844,10.275716781616213,NA,75,0,0,17.568751017252605,0,17.382099151611328,5.934922280799018,5.201694444444444,5.659238487026492
2026-05-17 15:15:00,0,4.049313068389893,2.53515625,6.584469318389893,0,2.789999999999054,34.733333587646484,26.100000381469727,18.200000762939453,18.266666412353516,16.1999994913737,16.1999994913737,12.7,16.154083251953125,10.048673629760742,NA,75,0,0,17.60702069600423,0,17.414199193318684,5.9431493905741375,5.094786596798368,5.616512248701325
2026-05-17 15:30:00,0,4.049313068389893,2.4812254905700684,6.530538558959961,0,0.7870000000002619,34.599998474121094,25.899999618530273,18.200000762939453,18.299999237060547,16.399999618530273,16.399999618530273,12.8,16.4089412689209,9.20689582824707,NA,75,0,0,17.611804962158203,0,17.41666603088379,5.950024149108887,5.123760023727416,5.6360917542029165
2026-05-17 16:15:00,0,4.003650188446045,0,4.003650188446045,0,6.557999999999083,32.5,28.200000762939453,18.299999237060547,18.399999618530273,16,16,13,15.94512939453125,NA,NA,75,0,0,17.729629516601562,0,17.547222137451172,6,5.170000000000001,6
2026-05-17 16:30:00,0,3.97739052772522,0,3.97739052772522,0,1.0520000000014988,33.26666768391927,29.733332951863606,18.333332697550457,18.399999618530273,15.866666793823242,15.866666793823242,13.1,15.85128116607666,NA,NA,75,0,0,17.764198939005535,0,17.568749745686848,6,5.120702192442152,6
2026-05-17 16:45:00,0,3.960777997970581,0,3.960777997970581,0,0.8719999999993888,34.266666412353516,31.700000127156574,18.399999618530273,18.399999618530273,15.800000190734863,15.800000190734863,13.1,15.747416496276855,NA,NA,75,0,0,17.783950169881184,0,17.60941441853841,5.985727977834066,5.069120033213298,5.985727977834066
2026-05-17 17:00:00,0,3.927332639694214,0,3.927332639694214,0.04899999999906868,0.2000000000007276,34.90000025431315,32.49999872843424,18.399999618530273,18.5,15.766666730244955,15.766666730244955,13.1,15.841273307800291,NA,NA,75,0,0,17.825924555460613,0,17.64321009318034,5.952971951721191,5.037543329520756,5.952971951721191
2026-05-17 17:15:00,0,3.984381675720215,0,3.984381675720215,0,0.7179999999989377,35,29.733333587646484,18.46666653951009,18.5,15.366666793823242,15.366666793823242,12.6,15.95798683166504,9.578083038330078,NA,75,0,0,17.853086471557617,0,17.67037073771159,5.953933321634928,4.987166681289672,5.953933321634928
2026-05-17 17:30:00,0,4.008685111999512,2.4257071018218994,6.434392213821411,0,0.7209999999995489,34.96666717529297,28.100000381469727,18.5,18.53333346048991,15.266666730244955,15.266666730244955,12.1,16.293087005615234,10.036687850952148,NA,75,0,0,17.885186513264973,0,17.71234639485677,5.958726640319823,4.977108874195947,5.588665707222448
2026-05-17 17:45:00,0,4.056825160980225,2.509865045547486,6.56669020652771,0,0.29500000000007276,34.900001525878906,27.03333346048991,18.5,18.600000381469727,15.299999872843424,15.299999872843424,11.5,16.115070343017578,9.299443244934082,NA,75,0,0,17.90740903218587,0,17.72963015238444,5.962179920959472,4.983829919293721,5.588243220085227
2026-05-17 18:00:00,0,4.02485466003418,2.44994592666626,6.4748005867004395,0,0.20100000000093132,34.900001525878906,26.366666158040363,18.53333346048991,18.600000381469727,15.233333269755045,15.233333269755045,11,15.870630264282228,9.559283256530762,NA,75,0,0,17.93456967671712,0,17.74691390991211,5.9652492659606935,4.976156593379974,5.59099471837478
2026-05-17 18:15:00,0,3.982522010803222,2.386047124862671,6.3685691356658936,0,0.05500000000029104,34.833333333333336,26.133333841959637,18.600000381469727,18.600000381469727,15,15,10.8,16.04689598083496,9.608875274658203,NA,75,0,0,17.951852798461914,0,17.78148015340169,5.974846701812744,4.952166666666666,5.5916895584209705
2026-05-17 18:30:00,0,3.9906246662139897,2.3967151641845703,6.38733983039856,0.05500000000029104,0,34.79999923706055,26.03333346048991,18.600000381469727,18.700000762939453,14.566666603088379,14.566666603088379,10.7,16.067058563232422,9.522927284240724,NA,75,0,0,17.97901153564453,0,17.808640162150066,5.97657607473755,4.903680025151571,5.573994358418257
2026-05-17 18:45:00,0,3.9763026237487793,2.401723623275757,6.378026247024536,0.08200000000215368,0,34.46666717529297,25.899999618530273,18.600000381469727,18.700000762939453,13.633333206176758,13.633333206176758,10.6,15.916454315185549,9.858773231506348,NA,75,0,0,17.98148028055827,0,17.818517049153645,5.9938693422037765,4.810037741911147,5.548083105163819
2026-05-17 19:00:00,0,3.979752779006958,2.4165005683898926,6.396253347396851,0.1529999999984284,0,32.800000508626304,25.833332697550457,18.600000381469727,18.700000762939453,13.666666984558107,13.666666984558107,10.4,15.902647018432615,9.837705612182615,NA,75,0,0,18.00123341878255,0,17.843210220336914,6,4.883333349397447,5.578124028345232
2026-05-17 19:15:00,0,3.981633424758911,0,3.981633424758911,0.8720000000030268,0,31.200000127156574,26.93333371480306,18.700000762939453,18.700000762939453,13.833333333333332,13.833333333333332,10.3,15.904218673706056,NA,NA,75,0,0,18.01111094156901,0,17.85308583577474,6,4.969799994680617,6
2026-05-17 19:30:00,0,3.980640649795532,0,3.980640649795532,0.9589999999952852,0,32.233333587646484,28.8000005086263,18.700000762939453,18.766666412353516,13.799999872843424,13.799999872843424,10.2,15.89263153076172,NA,NA,75,0,0,18.02592595418294,0,17.86543337504069,6,4.922646641061571,6
2026-05-17 19:45:00,0,3.978628158569336,0,3.978628158569336,0.8590000000040163,0,33.333334604899086,30.366666158040363,18.700000762939453,18.799999237060547,13.566666920979818,13.566666920979818,10,15.854707717895508,NA,NA,75,0,0,18.025925318400066,0,17.872840881347656,6,4.849444421259562,6
2026-05-17 20:00:00,0,3.973399162292481,0,3.973399162292481,0.6990000000005239,0,34.20000076293945,31.599999745686848,18.700000762939453,18.799999237060547,13.5,13.5,9.9,15.74305534362793,NA,NA,75,0,0,18.03333282470703,0,17.909878412882488,6,4.805699968338013,6
2026-05-17 20:15:00,0,3.928959846496582,0,3.928959846496582,0.5950000000011642,0,34.666666666666664,32.06666628519694,18.700000762939453,18.799999237060547,13.433333396911621,13.433333396911621,9.8,15.713733673095703,NA,NA,75,0,0,18.03333282470703,0,17.90493901570638,5.99272007039388,4.778644451777141,5.99272007039388
2026-05-17 20:30:00,0,3.947476625442505,0,3.947476625442505,0.2959999999948195,0,34.96666717529297,31.599999109903973,18.700000762939453,18.799999237060547,13.299999872843424,13.299999872843424,9.8,15.891117095947266,9.34709358215332,NA,75,0,0,18.038272857666016,0,17.924692153930664,5.977132043782551,4.750876631033156,5.977132043782551
2026-05-17 20:45:00,0,3.9760565757751465,0,3.9760565757751465,0.07700000000477303,0,35,28.866666158040363,18.700000762939453,18.799999237060547,13.066666920979818,13.066666920979818,9.7,15.899133682250977,9.627678871154783,NA,75,0,0,18.04567909240723,0,17.937039057413738,5.975400070190429,4.722666695912679,5.975400070190429
2026-05-17 21:00:00,0,3.987194299697876,2.424896001815796,6.412090301513672,0.07699999999749707,0,34.93333435058594,27.733333587646484,18.766666412353516,18.899999618530273,12.899999936421711,12.899999936421711,9.6,16.044103622436523,9.835824012756348,NA,75,0,0,18.04567845662435,0,17.937039057413738,5.985000812567817,4.706226617745293,5.501399633164848
2026-05-17 21:15:00,0,4.012058734893799,2.414905071258545,6.426963806152344,0.07600000000093132,0,34.900001525878906,27.133333206176758,18.799999237060547,18.899999618530273,12.766666730244955,12.766666730244955,9.6,16.11358642578125,9.796934127807615,NA,75,0,0,18.050617853800457,0,17.94444529215495,5.989803850341798,4.692243278446197,5.502250831553015
2026-05-17 21:30:00,0,4.033044338226318,2.4290974140167236,6.462141752243042,0.07699999999749707,0,34.900001525878906,26.700000127156574,18.799999237060547,18.899999618530273,12.766666412353516,12.766666412353516,9.5,16.154211044311523,9.536741256713867,NA,75,0,0,18.05555534362793,0,17.93456967671712,5.989803850341798,4.692243241856893,5.502055168953525
2026-05-17 21:45:00,0,4.042778015136719,2.419938564300537,6.462716579437256,0.07700000000477303,0,34.79999923706055,26.46666653951009,18.799999237060547,18.899999618530273,12.666666666666668,12.666666666666668,9.4,16.201969146728516,9.698834419250488,NA,75,0,0,18.038272857666016,0,17.927162806193035,5.995007969390869,4.684800031026205,5.5044058087778724
2026-05-17 22:00:00,0,4.014877796173096,2.427269458770752,6.442147254943848,0.07699999999749707,0,34.79999923706055,26.266666412353516,18.799999237060547,18.899999618530273,12.600000381469728,12.600000381469728,9.4,15.831092834472656,9.549835205078123,NA,75,0,0,18.040740966796875,0,17.93456967671712,5.995007969390869,4.677120074920656,5.498454738032124
2026-05-17 22:15:00,0,3.9730496406555176,2.373661994934082,6.3467116355896,0.07600000000093132,0,34.666666666666664,26.133333841959637,18.799999237060547,18.899999618530273,12.600000381469728,12.600000381469728,9.4,15.942015647888184,9.400945663452148,NA,75,0,0,18.03333282470703,0,17.939507166544598,6,4.682533377329509,5.507269176325734
2026-05-17 22:30:00,0,3.9879260063171382,2.4096713066101074,6.397597312927246,0.07800000000133878,0,34.1000010172526,25.96666653951009,18.799999237060547,18.899999618530273,12.53333346048991,12.53333346048991,9.4,15.932281494140623,9.309913635253906,NA,75,0,0,18.030863444010418,0,17.94197718302409,6,4.697813306838141,5.5095280686045704
2026-05-17 22:45:00,0,3.986673593521118,2.413551568984986,6.4002251625061035,0.39400000000023283,0,31.700000127156574,26,18.766666412353516,18.899999618530273,12.366666475931803,12.366666475931803,9.4,15.947216987609863,NA,NA,75,0,0,18.018517812093098,0,17.92963155110677,6,4.7753766389698455,5.538189429374286
2026-05-17 23:00:00,0,3.9920058250427246,0,3.9920058250427246,0.9769999999989523,0,31.166666666666668,27.266666412353516,18.700000762939453,18.899999618530273,12.366666475931803,12.366666475931803,9.4,15.991676330566406,NA,NA,75,0,0,17.991357167561848,0,17.927161534627277,6,4.7969055328898955,6
2026-05-17 23:15:00,0,3.994968891143799,0,3.994968891143799,1.0349999999962165,0,32.29999987284342,29.099999745686848,18.700000762939453,18.899999618530273,12.100000063578289,12.100000063578289,9.2,15.989036560058594,NA,NA,75,0,0,17.986419677734375,0,17.917285919189453,6,4.719770012582143,6
2026-05-17 23:30:00,0,4.006568431854248,0,4.006568431854248,0.8840000000054715,0,33.5,30.899999618530273,18.700000762939453,18.899999618530273,11.833333651224773,11.833333651224773,9,16.030048370361328,NA,NA,75,0,0,17.97901153564453,0,17.90740903218587,6,4.640583370367686,6
2026-05-17 23:45:00,0,4.002143383026123,0,4.002143383026123,0.6739999999990687,0,34.46666717529297,32.26666577657064,18.700000762939453,18.899999618530273,11.933333079020182,11.933333079020182,8.8,15.962468147277832,NA,NA,75,0,0,17.964197158813477,0,17.89259401957194,6,4.613631061418322,6
2026-05-18 00:00:00,0,4.0096869468688965,0,4.0096869468688965,0.45499999999447027,0,34.95000076293945,33,18.700000762939453,18.899999618530273,12.050000190734863,12.050000190734863,8.6,16.143942832946777,NA,NA,75,0,0,17.962963104248047,0,17.8962984085083,5.977998030578612,4.607752491388321,5.977998030578612
2026-05-18 00:15:00,0,4.037439346313477,0,4.037439346313477,0.07900000000518048,0,35,30.366666158040363,18.700000762939453,18.899999618530273,12,12,8.5,16.130481719970703,10.02579402923584,NA,75,0,0,17.949382781982422,0,17.897531509399414,5.975400070190429,4.6,5.975400070190429
2026-05-18 00:30:00,0,4.033963680267334,2.5625760555267334,6.596539735794067,0.07800000000133878,0,35,28.433333079020183,18.700000762939453,18.899999618530273,11.96666653951009,11.96666653951009,8.4,16.109724044799805,10.112276077270508,NA,75,0,0,17.946914672851562,0,17.89259401957194,5.975400070190429,4.59616665204366,5.4396054454499865
2026-05-18 00:45:00,0,4.032691478729248,2.552610158920288,6.585301637649536,0.07599999999365536,0,34.93333435058594,27.53333282470703,18.700000762939453,18.866666158040363,11.800000190734863,11.800000190734863,8.3,16.077762603759766,10.346220970153809,NA,75,0,0,17.944446563720703,0,17.882717768351238,5.978864017374674,4.579653314793904,5.436498663378153
2026-05-18 01:00:00,0,4.029166221618652,2.512634515762329,6.5418007373809814,0.07700000000477303,0,34.900001525878906,26.96666653951009,18.700000762939453,18.799999237060547,11.833333015441893,11.833333015441893,8.2,16.146839141845703,10.406936645507812,NA,75,0,0,17.94197718302409,0,17.882715861002605,5.980595990966796,4.584816569296519,5.444492295352921
2026-05-18 01:15:00,0,4.030679702758789,2.5611610412597656,6.591840744018555,0.07699999999749707,0,34.833333333333336,26.600000381469727,18.700000762939453,18.799999237060547,11.700000127156576,11.700000127156576,8.3,16.130126953125,10.260549545288086,NA,75,0,0,17.922224044799805,0,17.853086471557617,5.984060070292155,4.572116681310866,5.435470603290161
2026-05-18 01:30:00,0,4.033710956573486,2.5745909214019775,6.608301877975464,0.07699999999749707,0,34.79999923706055,26.399999618530273,18.700000762939453,18.799999237060547,11.566666603088379,11.566666603088379,8.4,16.200092315673828,10.195858001708984,NA,75,0,0,17.90247090657552,0,17.870371500651043,5.985792109954835,4.558080022862753,5.429556234887751
2026-05-18 01:45:00,0,4.057206630706787,2.5784270763397217,6.635633707046509,0.07800000000133878,0,34.70000076293945,26.166667302449543,18.700000762939453,18.799999237060547,11.46666653951009,11.46666653951009,8.6,16.015666961669922,10.356778144836426,NA,75,0,0,17.892593383789062,0,17.850618362426758,5.990988030731201,4.5505066218948365,5.431256069703347
2026-05-18 02:00:00,0,3.9911997318267822,2.5615904331207275,6.55279016494751,0.07600000000093132,0,34.36666742960612,26.03333346048991,18.700000762939453,18.799999237060547,11.46666653951009,11.46666653951009,8.7,15.910848617553713,10.194984436035156,NA,75,0,0,17.877779006958008,0,17.830862681070965,6,4.563662177408006,5.438512582813557
2026-05-18 02:15:00,0,3.977285385131836,2.561068058013916,6.538353443145752,0.09999999999854481,0,33,25.833332697550457,18.633333841959637,18.799999237060547,11.5,11.5,8.6,15.860374450683594,10.404809951782228,NA,75,0,0,17.85555648803711,0,17.813579559326172,6,4.6215,5.460042601142465
2026-05-18 02:30:00,0,3.9765679836273193,0,3.9765679836273193,0.7340000000040163,0,30.96666653951009,26.799999872843426,18.600000381469727,18.799999237060547,11.46666653951009,11.46666653951009,8.6,15.835948944091797,NA,NA,75,0,0,17.84320831298828,0,17.791357676188152,6,4.697848878771464,6
2026-05-18 02:45:00,0,3.965337038040161,0,3.965337038040161,0.930000000000291,0,31.599999745686848,28.233333587646484,18.600000381469727,18.766666412353516,11.333333333333332,11.333333333333332,8.5,15.852388381958008,NA,NA,75,0,0,17.820985794067383,0,17.791357040405273,6,4.6570666766696505,6
2026-05-18 03:00:00,0,3.9597201347351074,0,3.9597201347351074,0.9379999999946449,0,32.699999491373696,29.666666666666668,18.600000381469727,18.700000762939453,11.200000127156576,11.200000127156576,8.4,15.736873626708984,NA,NA,75,0,0,17.796295166015625,0,17.764197031656902,6,4.598160034853618,6
2026-05-18 03:15:00,0,3.944711685180664,0,3.944711685180664,0.8260000000009313,0,33.70000076293945,30.666667302449543,18.600000381469727,18.700000762939453,11,11,8.3,15.76053237915039,NA,NA,75,0,0,17.78148015340169,0,17.75432014465332,6,4.535699970245361,6
2026-05-18 03:30:00,0,3.938519239425659,0,3.938519239425659,0.7110000000029686,0,34.266666412353516,31.49999936421712,18.600000381469727,18.700000762939453,10.933333079020182,10.933333079020182,8.2,15.704459190368652,NA,NA,75,0,0,17.766666412353516,0,17.744443893432617,6,4.505884424913194,6
2026-05-18 03:45:00,0,3.951603412628174,0,3.951603412628174,0.603000000002794,0,34.63333257039388,32.20000012715658,18.600000381469727,18.700000762939453,10.700000127156576,10.700000127156576,8.2,16.025279998779297,NA,NA,75,0,0,17.759259541829426,0,17.734568913777668,5.985222741455078,4.464690044195387,5.985222741455078
2026-05-18 04:00:00,0,4.005482196807861,0,4.005482196807861,0.32400000000052387,0,34.93333435058594,31.83333396911621,18.5,18.700000762939453,10.46666653951009,10.46666653951009,8.1,15.904695510864258,10.337871551513672,NA,75,0,0,17.739505767822266,0,17.719753901163738,5.960453280639648,4.426231057349311,5.960453280639648
2026-05-18 04:15:00,0,3.9814045429229736,0,3.9814045429229736,0.010999999998603016,0.0010000000002037268,34.900001525878906,29.00000063578288,18.5,18.700000762939453,10.333333333333332,10.333333333333332,8.1,15.814437866210938,10.377569198608398,NA,75,0,0,17.72469202677409,0,17.700000762939453,5.962179920959472,4.412166608174641,5.962179920959472
2026-05-18 04:30:00,0,3.963053941726685,2.571183919906616,6.534237861633301,0,0.10799999999835563,34.900001525878906,27.333333333333332,18.5,18.666667302449543,10.299999872843424,10.299999872843424,8.1,15.80722999572754,9.952579498291016,NA,75,0,0,17.71234639485677,0,17.692593256632488,5.962179920959472,4.408329926923116,5.350749146136925
2026-05-18 04:45:00,0,3.95440411567688,2.5358693599700928,6.490273475646973,0,0.2360000000007858,34.833333333333336,26.46666717529297,18.5,18.600000381469727,10.399999618530272,10.399999618530272,8,15.75921630859375,10.29832363128662,NA,75,0,0,17.692593256632488,0,17.69012387593587,5.965633333333333,4.4223999560674025,5.362663635465288
2026-05-18 05:00:00,0,3.948508739471435,2.5675265789031982,6.516035318374634,0,0.31600000000071304,34.766666412353516,25.933333079020183,18.5,18.600000381469727,10.433333079020182,10.433333079020182,8,15.864471435546877,10.374663352966309,NA,75,0,0,17.68518575032552,0,17.675308227539062,5.969086679840088,4.428801091579861,5.362164833390343
2026-05-18 05:15:00,0,3.962887525558472,2.528507709503174,6.4913952350616455,0,0.6859999999996944,34.56666692097982,25.633333841959637,18.5,18.600000381469727,10.53333346048991,10.53333346048991,8.2,15.833664894104004,10.364019393920898,NA,75,0,0,17.672840118408203,0,17.67283821105957,5.979446653493245,4.448031115989685,5.382934524310908
2026-05-18 05:30:00,0,3.9778854846954346,2.5843939781188965,6.562279462814331,0,1.0499999999992724,32.73333295186361,25.433333079020183,18.5,18.600000381469727,10.833333333333334,10.833333333333334,8.4,15.934612274169922,10.441123962402344,NA,75,0,0,17.645679473876953,0,17.630943298339844,6,4.553855570369297,5.430471229302854
2026-05-18 05:45:00,0,3.9693939685821538,0,3.9693939685821538,0,0.9230000000006839,30.53333346048991,26.53333346048991,18.399999618530273,18.600000381469727,11.133333524068197,11.133333524068197,8.6,15.911199569702148,NA,NA,75,0,0,17.63333511352539,0,17.60702133178711,6,4.675128906699287,6
2026-05-18 06:00:00,0,3.9792542457580566,0,3.9792542457580566,0,0.7819999999992433,31.233333587646484,27.666666666666668,18.399999618530273,18.600000381469727,11.233333587646484,11.233333587646484,8.8,15.915282249450684,NA,NA,75,0,0,17.61419677734375,0,17.611805597941082,6,4.659612242448595,6
2026-05-18 06:15:00,0,3.969881772994995,0,3.969881772994995,0,0.25200000000040745,32.46666717529297,28.866666158040363,18.399999618530273,18.53333346048991,11.433333079020182,11.433333079020182,8.9,15.80472469329834,NA,NA,75,0,0,17.611804962158203,0,17.592669169108074,6,4.6347310611640085,6
2026-05-18 06:30:00,0,3.956010580062866,0,3.956010580062866,0,0.7999999999992724,33.70000076293945,30.400000254313152,18.399999618530273,18.5,11.600000063578289,11.600000063578289,8.9,15.833986282348633,NA,NA,75,0,0,17.602237701416016,0,17.583101908365887,6,4.605479977181752,6
2026-05-18 06:45:00,0,3.9564406871795654,0,3.9564406871795654,0,1.7000000000007276,34.40000025431315,31.266666412353516,18.399999618530273,18.5,12.066666920979818,12.066666920979818,9,15.831014633178713,NA,NA,75,0,0,17.59984525044759,0,17.5735346476237,5.978831951568603,4.631706685875786,5.978831951568603
2026-05-18 07:00:00,0,3.966983795166016,0,3.966983795166016,0,2.1970000000001164,34.766666412353516,31.866666158040363,18.399999618530273,18.566666920979817,12.333333333333332,12.333333333333332,9.1,15.985567092895508,NA,NA,75,0,0,17.59984525044759,0,17.583101272583008,5.959867977986654,4.6477444547017415,5.959867977986654
2026-05-18 07:15:00,0,3.980165958404541,0,3.980165958404541,0,2.261000000000422,34.900001525878906,31.200000762939453,18.399999618530273,18.600000381469727,12.399999936421711,12.399999936421711,9.3,15.848260879516602,10.27320671081543,NA,75,0,0,17.609413782755535,0,17.59984525044759,5.952971885955811,4.650039931036631,5.952971885955811
2026-05-18 07:30:00,0,3.966136693954468,2.561464548110962,6.52760124206543,0,2.3799999999991996,34.900001525878906,28.899999618530273,18.399999618530273,18.600000381469727,12.633333524068197,12.633333524068197,9.5,15.869346618652344,10.209280967712402,NA,75,0,0,17.611804962158203,0,17.609413782755535,5.952971885955811,4.676896626618703,5.452233342607035
2026-05-18 07:45:00,0,3.981122493743897,2.5757672786712646,6.556889772415161,0,3.077000000001135,34.86666742960612,27.599999745686848,18.399999618530273,18.600000381469727,12.766666730244955,12.766666730244955,9.7,15.980669021606444,10.182157516479492,NA,75,0,0,17.621373494466145,0,17.604628880818684,5.9546959254048675,4.693602198439704,5.459295808886211
2026-05-18 08:00:00,0,4.00674295425415,2.5713889598846436,6.578131914138794,0,3.3219999999982974,34.79999923706055,26.933333079020183,18.46666653951009,18.600000381469727,13.266666412353516,13.266666412353516,9.9,16.14808464050293,10.417616844177246,NA,75,0,0,17.630943298339844,0,17.60463015238444,5.964288027781169,4.753920002187093,5.491155682757735
2026-05-18 08:15:00,0,4.033512115478516,2.5751805305480957,6.608692646026611,0,5.21900000000096,34.733333587646484,26.600000381469727,18.5,18.600000381469727,13.933333396911621,13.933333396911621,10.2,16.240604400634766,10.50034999847412,NA,75,0,0,17.655555725097656,0,17.640818913777668,5.9708133201599125,4.833515552219815,5.527647443593384
2026-05-18 08:30:00,0,4.024267673492432,2.5834848880767822,6.607752561569214,0,1.6440000000002328,34.59999974568685,26.333332697550457,18.5,18.600000381469727,13.833333333333334,13.833333333333334,10.6,15.971232414245604,10.326902389526367,NA,75,0,0,17.672840118408203,0,17.626158396402996,5.97772001317342,4.827566677305433,5.528035535054828
2026-05-18 08:45:00,0,3.994154691696167,2.565129518508911,6.559284210205078,0,3.9899999999997817,33.86666615804037,26.133333841959637,18.5,18.600000381469727,14.03333314259847,14.03333314259847,10.9,16.141481399536133,10.248858451843262,NA,75,0,0,17.677778244018555,0,17.650618235270183,6,4.881471110339694,5.562578571041528
2026-05-18 09:00:00,0,4.059665679931641,2.559351682662964,6.6190173625946045,0,6.038000000000466,31.50000063578288,26.233333587646484,18.5,18.600000381469727,15.066666603088379,15.066666603088379,11.2,16.25320053100586,NA,NA,75,0,0,17.692593256632488,0,17.655555089314777,6,5.103399965084923,5.653314883111884
2026-05-18 09:15:00,0,4.032287120819092,0,4.032287120819092,0,3.219999999999345,31.633333206176758,28.133333206176758,18.5,18.600000381469727,15.5,15.5,11.5,15.962421417236328,NA,NA,75,0,0,17.72222328186035,0,17.690123240152996,6,5.148950005531311,6
2026-05-18 09:30:00,0,4.02382230758667,0,4.02382230758667,0,4.558000000000902,32.800000508626304,29.899999618530273,18.5,18.666667302449543,15.566666603088379,15.566666603088379,11.8,16.221506118774414,NA,NA,75,0,0,17.74938201904297,0,17.702470143636067,6,5.106013303722805,6
2026-05-18 09:45:00,0,4.03481912612915,0,4.03481912612915,0,3.0169999999998254,33.93333435058594,31.200000127156574,18.600000381469727,18.700000762939453,16.366666793823242,16.366666793823242,12.1,16.19036102294922,NA,NA,75,0,0,17.776543299357098,0,17.72963015238444,6,5.1494910807376435,6
2026-05-18 10:00:00,0,4.056559085845947,0,4.056559085845947,0,2.1970000000001164,34.56666692097982,32.46666717529297,18.600000381469727,18.700000762939453,15.266666730244955,15.266666730244955,12.4,16.252065658569336,NA,NA,75,0,0,17.825924555460613,0,17.75925890604655,5.988681355367024,4.994415551891327,5.988681355367024
2026-05-18 10:15:00,0,4.066810131072998,0,4.066810131072998,0,2.6790000000000873,34.96666590372721,31.899998982747395,18.600000381469727,18.700000762939453,15.599999745686848,15.599999745686848,12.6,16.25126075744629,9.5528717041015625,NA,75,0,0,17.862963994344074,0,17.823455174763996,5.96792940802002,5.015453337343003,5.96792940802002
2026-05-18 10:30:00,0,4.084414482116699,0,4.084414482116699,0,5.221999999999753,35,29.03333346048991,18.633333841959637,18.766666412353516,15.90000025431315,15.90000025431315,12.9,16.604854583740234,10.046783447265623,NA,75,0,0,17.900000890096027,0,17.833332697550457,5.969266713460286,5.0485000292460125,5.969266713460286
2026-05-18 10:45:00,0,4.170714855194092,2.4388232231140137,6.6095380783081055,0,4.8729999999995925,34.900001525878906,27.633333206176758,18.700000762939453,18.799999237060547,17.166666666666668,17.166666666666668,13.1,16.529142379760742,10.193636894226074,NA,75,0,0,17.94197718302409,0,17.885186513264973,5.980595990966796,5.198683264414469,5.692081590509276
2026-05-18 11:00:00,0,4.075045585632324,2.4300179481506348,6.505063533782959,0,1.0129999999990105,34.900001525878906,27.03333346048991,18.700000762939453,18.799999237060547,16.53333346048991,16.53333346048991,13.3,16.030412673950195,10.027687072753906,NA,75,0,0,17.991357167561848,0,17.909876505533855,5.980595990966796,5.125786613349915,5.661275185094741
2026-05-18 11:15:00,0,4.036539554595947,2.501652479171753,6.5381920337677,0,3.1260000000002037,34.86666742960612,26.600000381469727,18.766666412353516,18.799999237060547,15.733333269755045,15.733333269755045,13.5,16.263275146484375,9.97787094116211,NA,75,0,0,18.03333282470703,0,17.959259033203125,5.988468381337484,5.035164403758579,5.623713836564612
2026-05-18 11:30:00,0,4.1005730628967285,2.507596254348755,6.608169317245483,0,3.764000000001033,34.79999923706055,26.399999618530273,18.799999237060547,18.899999618530273,15.5,15.5,13.7,16.44124412536621,10.153260231018066,NA,75,0,0,18.058025360107422,0,17.97407404581706,5.995007969390869,5.011200033187866,5.621683228848422
2026-05-18 11:45:00,0,4.108231544494629,2.5082709789276123,6.616502523422241,0,2.07300000000032,34.79999923706055,26.233333587646484,18.799999237060547,18.899999618530273,16.266666412353516,16.266666412353516,13.8,16.389659881591797,9.96224594116211,NA,75,0,0,18.10246976216634,0,18.02839533487956,5.995007969390869,5.099520004475912,5.6555345895464715
2026-05-18 12:00:00,0,4.121708393096924,2.521599054336548,6.643307447433472,0,6.40099999999984,34.666666666666664,26.066666920979817,18.833332697550457,18.899999618530273,16.566666920979817,16.566666920979817,14,16.789356231689453,9.713374137878418,NA,75,0,0,18.129632314046223,0,18.03333282470703,6,5.140022251553006,5.673578395340986
2026-05-18 12:15:00,0,4.167484283447266,2.4233973026275635,6.590881586074829,0,6.890999999999622,34.06666692097982,25.96666653951009,18.899999618530273,18.933333079020183,17.399999618530273,17.399999618530273,14.1,16.376689910888672,9.59605598449707,NA,75,0,0,18.16419728597005,0,18.08271662394206,6,5.26337327756246,5.729150161646031
2026-05-18 12:30:00,0,4.081020355224609,2.4190142154693604,6.50003457069397,0,4.560999999999694,31.799999872843426,25.96666653951009,18.899999618530273,19,17.966665903727215,17.966665903727215,14.2,16.260774612426758,NA,NA,75,0,0,18.196296056111652,0,18.095064163208008,6,5.43325991566552,5.789085380151287
2026-05-18 12:45:00,0,4.070016860961914,0,4.070016860961914,0,5.736000000000786,31.46666653951009,27.566666920979817,18.933333079020183,19,18.299999872843426,18.299999872843426,14.2,16.31947898864746,NA,NA,75,0,0,18.24074109395345,0,18.134569803873696,6,5.488093324148391,6
2026-05-18 13:00:00,0,4.072110176086426,0,4.072110176086426,0,4.1049999999995634,32.53333409627279,29.099999745686848,19,19.03333346048991,18.56666628519694,18.56666628519694,14.3,16.194904327392578,NA,NA,75,0,0,18.280248641967773,0,18.181481043497723,6,5.470031030773587,6
2026-05-18 13:15:00,0,4.0394086837768555,0,4.0394086837768555,0,2.7379999999993743,33.56666564941406,30.200000762939453,19,19.100000381469727,18.56666628519694,18.56666628519694,13.6,16.139198303222656,NA,NA,75,0,0,18.329629898071293,0,18.228395462036133,6,5.421912225176493,6
2026-05-18 13:30:00,0,4.078068733215332,0,4.078068733215332,0,4.80199999999968,34.29999923706055,31.6999994913737,19.100000381469727,19.100000381469727,18.666666666666668,18.666666666666668,12.9,16.390745162963867,NA,NA,75,0,0,18.36913553873698,0,18.270371754964195,6,5.3993333689371745,6
2026-05-18 13:45:00,0,4.083550930023193,0,4.083550930023193,0,3.7770000000000437,34.86666742960612,32.76666768391927,19.133333841959637,19.200000762939453,18,18,12.3,16.359554290771484,NA,NA,75,0,0,18.42098871866862,0,18.314815521240234,6,5.296133298238118,6
2026-05-18 14:00:00,0,4.12170934677124,0,4.12170934677124,0,6.262000000000626,35,30.3000005086263,19.200000762939453,19.200000762939453,18.333333333333332,18.333333333333332,11.6,16.605091094970703,10.027827262878418,NA,75,0,0,18.47531000773112,0,18.374073028564453,6,5.328333333333332,6
2026-05-18 14:15:00,0,4.14763069152832,2.472240209579468,6.619870901107788,0,7.007999999999811,35,28.833333333333332,19.233333587646484,19.299999237060547,18.733333587646484,18.733333587646484,11.7,16.653730392456055,9.660423278808594,NA,75,0,0,18.52468999226888,0,18.418519337972004,6,5.374333362579345,5.766340123254538
2026-05-18 14:30:00,0,4.141834735870361,2.4372942447662354,6.579128980636597,0,4.261000000000422,34.93333435058594,27.900000254313152,19.299999237060547,19.299999237060547,18.53333282470703,18.53333282470703,11.8,16.573711395263672,9.860780715942385,NA,75,0,0,18.581480662027996,0,18.4629643758138,6,5.354435449693468,5.760845125894618
2026-05-18 14:45:00,0,4.145016193389893,2.3902695178985596,6.535285711288452,0,5.992000000000189,34.900001525878906,27.266666412353516,19.333332697550457,19.366666158040363,18.399999618530273,18.399999618530273,12,16.624523162841797,9.6568450927734375,NA,75,0,0,18.625926971435547,0,18.507408142089844,6,5.340639885292053,5.7588401711677
2026-05-18 15:00:00,0,4.137017726898193,2.4054551124572754,6.542472839355469,0,2.106999999999971,34.833333333333336,26.833333333333332,19.399999618530273,19.399999618530273,18.433333079020183,18.433333079020183,12.1,16.40311622619629,9.547329902648926,NA,75,0,0,18.682717641194664,0,18.569135665893555,6,5.347572192933825,5.760123451399574
2026-05-18 15:15:00,0,4.074244976043701,2.408519506454468,6.482764482498169,0,2.7629999999990105,34.79999923706055,26.5,19.433333079020183,19.433333079020183,18,18,12,16.232486724853516,9.241961479187012,NA,75,0,0,18.724690755208332,0,18.593826293945312,6,5.299200035095215,5.739634165308233
2026-05-18 15:30:00,0,4.069201469421387,2.356306552886963,6.42550802230835,0,1.9880000000011933,34.70000076293945,26.233333587646484,19.5,19.5,18.03333346048991,18.03333346048991,11.8,16.15740203857422,8.830058097839355,NA,75,0,0,18.7543207804362,0,18.638273874918617,6,5.307643312873841,5.746104962728784
2026-05-18 15:45:00,0,4.028703212738037,2.3058266639709473,6.334529876708984,0,0.6719999999986612,34.36666615804037,26.03333346048991,19.5,19.5,16.299999872843426,16.299999872843426,11.7,16.042877197265625,9.18092155456543,NA,75,0,0,18.796296437581383,0,18.687655766805012,6,5.122556674495273,5.680602624748645
2026-05-18 16:00:00,0,3.980437994003296,2.29082989692688,6.271267890930176,0.008999999998195563,0.29200000000128057,32.73333422342936,25.933333079020183,19.566666920979817,19.5,14.099999745686848,14.099999745686848,11.6,15.905948638916016,9.830571174621582,NA,75,0,0,18.816049575805664,0,18.714816411336262,6,4.936926599371168,5.611670180393611
2026-05-18 16:15:00,0,3.9682672023773193,0,3.9682672023773193,0.37599999999656575,0,31.06666628519694,26.866666793823242,19.600000381469727,19.600000381469727,13.266666730244955,13.266666730244955,11.6,15.844106674194336,NA,NA,75,0,0,18.838272094726562,0,18.7320982615153,6,4.907982245525784,6
2026-05-18 16:30:00,0,3.953587532043457,0,3.953587532043457,0.07700000000477303,0.042999999999665306,31.96666717529297,28.46666653951009,19.600000381469727,19.600000381469727,12.866666475931803,12.866666475931803,11.6,15.747705459594728,NA,NA,75,0,0,18.85555648803711,0,18.749382654825844,6,4.823628845589956,6
2026-05-18 16:45:00,0,3.937715768814087,0,3.937715768814087,0.11799999999493593,0,33.13333257039388,29.899999618530273,19.600000381469727,19.600000381469727,13.733333269755045,13.733333269755045,11.6,15.73598575592041,NA,NA,75,0,0,18.865434646606445,0,18.75925890604655,6,4.8772355799653795,6
2026-05-18 17:00:00,0,3.928719520568848,0,3.928719520568848,0.01900000000023283,0.03499999999985448,34.06666692097982,31.46666653951009,19.700000762939453,19.700000762939453,14.399999936421711,14.399999936421711,11.6,16.054370880126953,NA,NA,75,0,0,18.890509923299152,0,18.788888931274414,6,4.915573315179613,6
2026-05-18 17:15:00,0,4.030449867248535,0,4.030449867248535,0,0.26599999999962165,34.699999491373696,32.199999491373696,19.700000762939453,19.700000762939453,14.600000063578289,14.600000063578289,11.5,16.074148178100586,NA,NA,75,0,0,18.9032408396403,0,18.816049575805664,6,4.911780028998057,6
2026-05-18 17:30:00,0,4.03007173538208,0,4.03007173538208,0,0.38000000000101863,34.90000025431315,31.366666158040363,19.700000762939453,19.700000762939453,14.733333269755045,14.733333269755045,11.3,16.1205997467041,9.480225563049316,NA,75,0,0,18.918519337972004,0,18.825926462809246,6,4.918606648481157,6
2026-05-18 17:45:00,0,4.042017459869385,0,4.042017459869385,0,0.3319999999985157,34.96666717529297,29.133333841959637,19.700000762939453,19.766666412353516,14.566666603088379,14.566666603088379,11.2,16.127208709716797,9.23935317993164,NA,75,0,0,18.926156997680664,0,18.83333396911621,6,4.896585526591407,6
2026-05-18 18:00:00,0,4.029184341430664,2.3674206733703613,6.396605014801025,0,0.18699999999989814,34.900001525878906,27.99999936421712,19.799999237060547,19.799999237060547,14.266666730244955,14.266666730244955,11.1,16.113845825195312,9.66469669342041,NA,75,0,0,18.951621373494465,0,18.85308774312337,6,4.864893276157379,5.5798904077571345
2026-05-18 18:15:00,0,4.025497913360596,2.3952395915985107,6.4207375049591064,0,0.125,34.900001525878906,27.433333079020183,19.799999237060547,19.799999237060547,13.933333396911621,13.933333396911621,10.8,16.048450469970703,9.844182968139648,NA,75,0,0,18.95671272277832,0,18.887964248657227,6,4.8265266099993385,5.562238773778557
2026-05-18 18:30:00,0,4.0149922370910645,2.3580241203308105,6.373016357421875,0,0.08000000000174623,34.79999923706055,27.066666920979817,19.799999237060547,19.799999237060547,13.433333396911621,13.433333396911621,10.4,16.072166442871094,9.257940292358398,NA,75,0,0,18.966896692911785,0,18.870372772216797,6,4.773120038935344,5.546052861205691
2026-05-18 18:45:00,0,4.000672817230225,2.361628293991089,6.3623011112213135,0,0.029999999998835847,34.63333384195963,26.700000127156574,19.799999237060547,19.866666158040363,13.166666666666668,13.166666666666668,10,16.024822235107422,9.494327545166016,NA,75,0,0,18.966896692911785,0,18.875464121500652,6,4.749261090172662,5.535737094769976
2026-05-18 19:00:00,0,4.001961708068848,2.379127264022827,6.381088972091675,0.00900000000547152,0.0020000000004074536,33.56666692097982,26.433333079020183,19.799999237060547,19.899999618530273,12.866666475931803,12.866666475931803,9.7,15.9930419921875,9.931292533874512,NA,75,0,0,18.959259033203125,0,18.88310178120931,6,4.758242189621395,5.5370226187244915
2026-05-18 19:15:00,0,4.000042915344238,0,4.000042915344238,0.7209999999977299,0,31.333333333333332,26.666666666666668,19.799999237060547,19.899999618530273,12.600000063578289,12.600000063578289,9.5,16.04891586303711,NA,NA,75,0,0,18.94907506306966,0,18.893133799235027,6,4.81786667421129,6
2026-05-18 19:30:00,0,4.010930061340332,0,4.010930061340332,1.0160000000032596,0,31.833333333333332,28.233332951863606,19.799999237060547,19.899999618530273,12.299999872843424,12.299999872843424,9.3,15.980438232421877,NA,NA,75,0,0,18.946529388427734,0,18.900693893432617,6,4.762116651640998,6
2026-05-18 19:45:00,0,4.001120567321777,0,4.001120567321777,0.9739999999947031,0,33,29.799999872843426,19.799999237060547,19.899999618530273,12.066666603088379,12.066666603088379,9.1,16.052478790283203,NA,NA,75,0,0,18.931250254313152,0,18.873072306315102,6,4.68779999256134,6
2026-05-18 20:00:00,0,4.009815216064453,0,4.009815216064453,0.819999999999709,0,33.96666717529297,30.96666653951009,19.799999237060547,19.899999618530273,11.833333333333332,11.833333333333332,8.9,15.945743560791016,NA,NA,75,0,0,18.921065012613933,0,18.865510304768883,6,4.621994424184163,6
2026-05-18 20:15:00,0,3.981377601623535,0,3.981377601623535,0.6500000000014552,0,34.5,32.53333282470703,19.799999237060547,19.899999618530273,11.600000063578289,11.600000063578289,8.7,15.929036140441896,NA,NA,75,0,0,18.908334732055664,0,18.855557123819988,6,4.5738000073432925,6
2026-05-18 20:30:00,0,3.982551097869873,0,3.982551097869873,0.4510000000009313,0,34.96666717529297,33,19.799999237060547,19.899999618530273,11.333333333333334,11.333333333333334,8.4,15.982620239257812,NA,NA,75,0,0,18.893056233723957,0,18.855557123819988,6,4.524644424438477,6
2026-05-18 20:45:00,0,4.003646373748779,0,4.003646373748779,0.07699999999749707,0,35,30.400000254313152,19.799999237060547,19.899999618530273,11.03333346048991,11.03333346048991,8.2,16.100460052490234,9.46695327758789,NA,75,0,0,18.882872263590496,0,18.843211491902668,6,4.48883334795634,6
2026-05-18 21:00:00,0,4.023736953735352,2.457920789718628,6.4816577434539795,0.07900000000518048,0,35,28.233333587646484,19.799999237060547,19.899999618530273,11.066666603088379,11.066666603088379,8,16.09229278564453,9.852166175842283,NA,75,0,0,18.865434646606445,0,18.835803985595703,6,4.492666659355163,5.428401482823021
2026-05-18 21:15:00,0,4.03350830078125,2.3863677978515625,6.4198760986328125,0.07599999999365536,0,35,27.266666412353516,19.799999237060547,19.899999618530273,11.133333524068197,11.133333524068197,7.9,16.140037536621094,9.45888900756836,NA,75,0,0,18.843211491902668,0,18.816049575805664,6,4.500333355267842,5.442550582983516
2026-05-18 21:30:00,0,4.0479607582092285,2.44758939743042,6.495550155639648,0.07800000000133878,0,34.96666717529297,26.899999618530273,19.733333587646484,19.833332697550457,11.133333524068197,11.133333524068197,7.8,16.241809844970703,10.026799201965332,NA,75,0,0,18.823458989461262,0,18.80617396036784,6,4.501637779814402,5.4354018680846545
2026-05-18 21:45:00,0,4.062877178192139,2.459284782409668,6.522161960601807,0.07700000000477303,0,34.900001525878906,26.600000381469727,19.700000762939453,19.799999237060547,11.066666920979818,11.066666920979818,7.7,16.256927490234375,9.401442527770996,NA,75,0,0,18.798765182495117,0,18.79135831197103,6,4.496573302993774,5.433109079512235
2026-05-18 22:00:00,0,4.032840251922607,2.4311363697052,6.463976621627808,0.07999999999447027,0,34.86666742960612,26.299999872843426,19.700000762939453,19.799999237060547,10.899999618530272,10.899999618530272,7.6,15.967364311218262,9.644887924194336,NA,75,0,0,18.776543299357098,0,18.771605173746746,6,4.478686593068441,5.427825846254368
2026-05-18 22:15:00,0,3.996093273162842,2.3804774284362793,6.376570701599121,0.07600000000093132,0,34.766666412353516,26.133333841959637,19.700000762939453,19.799999237060547,11.03333346048991,11.03333346048991,7.5,15.986616134643556,9.818462371826172,NA,75,0,0,18.74938201904297,0,18.744443893432617,6,4.4979411356904775,5.439257025445549
2026-05-18 22:30:00,0,3.997857809066773,2.413158178329468,6.411015987396241,0.07700000000477303,0,34.29999923706055,26.03333346048991,19.700000762939453,19.799999237060547,10.866666793823242,10.866666793823242,7.4,15.952707290649414,9.380562782287598,NA,75,0,0,18.71728515625,0,18.722222646077476,6,4.496873377698262,5.434211003559614
2026-05-18 22:45:00,0,3.978548049926758,2.38219690322876,6.360744953155518,0.25099999999656575,0,32.36666742960612,25.899999618530273,19.600000381469727,19.733333587646484,10.833333333333332,10.833333333333332,7.3,15.864530563354492,9.42013168334961,NA,75,0,0,18.680248260498047,0,18.680248260498047,6,4.568094414816962,5.463729315377316
2026-05-18 23:00:00,0,3.9710631370544434,0,3.9710631370544434,0.7960000000020955,0,30.96666653951009,27.399999618530273,19.600000381469727,19.700000762939453,10.766666730244955,10.766666730244955,7.2,15.85682487487793,NA,NA,75,0,0,18.645680109659832,0,18.645681381225582,6,4.614525568052928,6
2026-05-18 23:15:00,0,3.977497816085815,0,3.977497816085815,0.9539999999979045,0,31.799999872843426,28.933333079020183,19.600000381469727,19.700000762939453,10.633333524068197,10.633333524068197,7.2,15.920703887939451,NA,NA,75,0,0,18.625926335652668,0,18.645680109659832,6,4.566460027457343,6
2026-05-18 23:30:00,0,3.984470844268799,0,3.984470844268799,0.9660000000003492,0,32.83333206176758,29.56666628519694,19.566666920979817,19.700000762939453,10.566666920979818,10.566666920979818,7.2,15.94171905517578,NA,NA,75,0,0,18.596295674641926,0,18.608641306559246,6,4.518727856614855,6
2026-05-18 23:45:00,0,3.9882192611694336,0,3.9882192611694336,0.8669999999983702,0,33.733333587646484,30.099999745686848,19.5,19.633333841959637,10.666666666666668,10.666666666666668,7.2,15.93732738494873,NA,NA,75,0,0,18.559258778889973,0,18.571603775024414,6,4.495644434611003,6
2026-05-19 00:00:00,0,3.996608018875122,0,3.996608018875122,0.7370000000009895,0,34.35000038146973,31.399999618530273,19.5,19.600000381469727,10.550000190734863,10.550000190734863,7.2,16.04185962677002,NA,NA,75,0,0,18.522220611572266,0,18.537036895751953,6,4.4583075073528295,6
2026-05-19 00:15:00,0,4.002415180206299,0,4.002415180206299,0.6149999999979627,0,34.70000076293945,32.56666692097982,19.5,19.600000381469727,10.5,10.5,7.4,16.055402755737305,NA,NA,75,0,0,18.500001907348633,0,18.52222188313802,6,4.439049970626831,6
2026-05-19 00:30:00,0,4.0152764320373535,0,4.0152764320373535,0.24600000000646105,0,35,31.899998982747395,19.46666653951009,19.600000381469727,10.566666920979818,10.566666920979818,7.6,16.050493240356445,9.487587928771973,NA,75,0,0,18.472841262817383,0,18.50247065226237,6,4.435166695912678,6
2026-05-19 00:45:00,0,4.022106170654297,0,4.022106170654297,0.07899999999790452,0,35,29.299999872843426,19.399999618530273,19.53333346048991,10.46666653951009,10.46666653951009,7.7,16.06165313720703,9.54783535003662,NA,75,0,0,18.453086853027344,0,18.487656275431313,6,4.42366665204366,6
2026-05-19 01:00:00,0,4.022381782531738,2.5521366596221924,6.574518442153931,0.07899999999790452,0,35,28.03333346048991,19.399999618530273,19.5,10.433333079020182,10.433333079020182,7.9,16.099014282226562,10.274383544921877,NA,75,0,0,18.428394317626953,0,18.45802625020345,6,4.41983330408732,5.386601256284315
2026-05-19 01:15:00,0,4.023123741149902,2.554405927658081,6.577529668807983,0.07800000000133878,0,34.93333435058594,27.333333333333332,19.399999618530273,19.5,10.366666475931803,10.366666475931803,8.2,16.115402221679688,10.440319061279297,NA,75,0,0,18.403704325358074,0,18.428396224975586,6,4.414724383468628,5.384352844344765
2026-05-19 01:30:00,0,4.033759593963623,2.576749324798584,6.610508918762207,0.07699999999749707,0,34.900001525878906,26.96666653951009,19.366666158040363,19.5,10.333333333333332,10.333333333333332,8.4,16.143218994140625,10.325922966003418,NA,75,0,0,18.38888931274414,0,18.396296819051106,6,4.412166608174641,5.381069041648801
2026-05-19 01:45:00,0,4.035372257232666,2.559437990188598,6.594810247421265,0.07700000000477303,0,34.86666742960612,26.633333841959637,19.299999237060547,19.399999618530273,10.266666730244955,10.266666730244955,8.7,16.13013458251953,10.075555801391602,NA,75,0,0,18.349380493164062,0,18.379011154174805,6,4.40576886701372,5.381280799018894
2026-05-19 02:00:00,0,4.028029918670654,2.5627243518829346,6.590754270553589,0.07699999999749707,0,34.79999923706055,26.399999618530273,19.299999237060547,19.399999618530273,10.199999809265137,10.199999809265137,8.9,16.06066131591797,10.39039421081543,NA,75,0,0,18.327161788940433,0,18.346912384033203,6,4.4006400071716305,5.378110815121574
2026-05-19 02:15:00,0,4.015178203582764,2.5510056018829346,6.566183805465698,0.07699999999749707,0,34.56666692097982,26.166667302449543,19.266666412353516,19.399999618530273,10.133333524068197,10.133333524068197,8.9,16.052406311035156,10.23183536529541,NA,75,0,0,18.292593638102215,0,18.32469113667806,6,4.4018577900971305,5.379111238604956
2026-05-19 02:30:00,0,4.0085344314575195,2.517449140548706,6.525983572006226,0.07800000000133878,0,33.56666564941406,25.96666653951009,19.200000762939453,19.333332697550457,10,10,8.9,15.995866775512695,10.323160171508787,NA,75,0,0,18.26543362935384,0,18.30987866719564,6,4.424466705322265,5.392225724317445
2026-05-19 02:45:00,0,4.005865573883057,0,4.005865573883057,0.580999999998312,0,30.900000254313152,26.46666653951009,19.200000762939453,19.299999237060547,10,10,8.9,15.977888107299805,NA,NA,75,0,0,18.235802968343098,0,18.260494232177734,6,4.5257999903361,6
2026-05-19 03:00:00,0,3.991415023803711,0,3.991415023803711,0.9120000000038999,0,31.266667048136394,28,19.133333841959637,19.299999237060547,9.96666653951009,9.96666653951009,8.9,16.16489028930664,NA,NA,75,0,0,18.196296056111652,0,18.225926081339516,6,4.507908859308031,6
2026-05-19 03:15:00,0,4.051851272583008,0,4.051851272583008,0.9619999999995343,0,32.43333435058594,29.366666793823242,19.100000381469727,19.200000762939453,9.899999618530272,9.899999618530272,8.7,16.14565658569336,NA,NA,75,0,0,18.16419728597005,0,18.193827311197918,6,4.45577658326467,6
2026-05-19 03:30:00,0,4.0285868644714355,0,4.0285868644714355,0.8580000000001746,0,33.44999885559082,30.600000381469727,19.100000381469727,19.200000762939453,9.899999618530272,9.899999618530272,8.4,16.119004249572754,NA,NA,75,0,0,18.137038230895996,0,18.174074172973633,6,4.417244998912811,6
2026-05-19 03:45:00,0,4.020880699157715,0,4.020880699157715,0.6869999999980791,0,34.29999923706055,32.09999974568685,19.066666920979817,19.200000762939453,9.833333333333332,9.833333333333332,8.2,16.139482498168945,NA,NA,75,0,0,18.119754791259762,0,18.15679105122884,6,4.377316695531209,6
2026-05-19 04:00:00,0,4.009188652038574,0,4.009188652038574,0.5409999999974389,0,34.733333587646484,32.733333587646484,19,19.166667302449543,9.833333015441893,9.833333015441893,7.9,15.919771194458008,NA,NA,75,0,0,18.092594146728516,0,18.129632314046223,6,4.360922175958422,6
2026-05-19 04:15:00,0,3.9688596725463863,0,3.9688596725463863,0.03900000000430737,0.0059999999994033715,34.900001525878906,31.03333282470703,19,19.100000381469727,9.899999618530272,9.899999618530272,8.1,15.824997901916504,10.297063827514648,NA,75,0,0,18.077777862548828,0,18.102471033732098,6,4.362289898262024,6
2026-05-19 04:30:00,0,3.9617295265197754,2.578143835067749,6.539873361587524,0,0.06199999999989814,34.900001525878906,28.799999237060547,19,19.100000381469727,9.866666475931803,9.866666475931803,8.3,15.808826446533203,10.24197006225586,NA,75,0,0,18.048148473103844,0,18.07037289937337,6,4.358453253599802,5.352870707089678
2026-05-19 04:45:00,0,3.9473466873168945,2.5627012252807617,6.510047912597656,0,0.23500000000058208,34.900001525878906,27.599999745686848,18.96666653951009,19.100000381469727,9.96666653951009,9.96666653951009,8.5,15.80134391784668,10.178545951843262,NA,75,0,0,18.038270950317383,0,18.067900975545246,6,4.369963260765076,5.358330813386723
2026-05-19 05:00:00,0,3.9578819274902344,2.544619083404541,6.502501010894775,0,0.37700000000040745,34.79999923706055,26.833333333333332,18.899999618530273,19.03333346048991,10.066666920979818,10.066666920979818,8.7,15.876681327819824,10.473487854003906,NA,75,0,0,18.030863444010418,0,18.04321034749349,6,4.385280058339437,5.368112796750194
2026-05-19 05:15:00,0,3.96026349067688,2.5633230209350586,6.5235865116119385,0,0.7639999999992142,34.766666412353516,26.299999872843426,18.899999618530273,19,10.266666730244955,10.266666730244955,9,15.83934211730957,10.297733306884766,NA,75,0,0,17.99876530965169,0,18.035802841186523,6,4.40959557261361,5.375079908259047
2026-05-19 05:30:00,0,3.9501078128814697,2.585482358932495,6.535590171813965,0,1.004000000000815,34.666666666666664,26.066666920979817,18.899999618530273,19,10.600000063578287,10.600000063578287,9.3,15.76591682434082,10.531901359558104,NA,75,0,0,17.9740727742513,0,18.016048431396484,6,4.451866673999363,5.387557772378008
2026-05-19 05:45:00,0,3.950754165649414,2.548728704452514,6.499482870101929,0,1.1649999999990541,34.333333333333336,25.799999872843426,18.866666158040363,19,10.96666653951009,10.96666653951009,9.6,16.14840316772461,10.032349586486816,NA,75,0,0,17.961727142333984,0,17.993825912475586,6,4.507144429736668,5.414586680267331
2026-05-19 06:00:00,0,4.04801082611084,2.5424249172210693,6.590435743331909,0,0.7450000000008004,31.700000127156574,25.8000005086263,18.799999237060547,18.933333079020183,11.133333524068197,11.133333524068197,9.9,16.317079544067383,NA,NA,75,0,0,17.944446563720703,0,17.966665267944336,6,4.629473350921208,5.47128517171889
2026-05-19 06:15:00,0,4.050677299499512,0,4.050677299499512,0,0.3069999999988795,30.8000005086263,27.233333587646484,18.799999237060547,18.899999618530273,11.200000127156576,11.200000127156576,9.9,16.159252166748047,NA,NA,75,0,0,17.922224044799805,0,17.954320907592773,6,4.672639995218913,6
2026-05-19 06:30:00,0,4.023979187011719,0,4.023979187011719,0,0.6240000000016153,31.766666412353516,28.299999872843426,18.799999237060547,18.899999618530273,11.366666475931803,11.366666475931803,10,16.059947967529297,NA,NA,75,0,0,17.900000890096027,0,17.94444529215495,6,4.654452209682465,6
2026-05-19 06:45:00,0,3.998059034347534,0,3.998059034347534,0,0.31899999999950523,32.93333307902018,29.733333587646484,18.799999237060547,18.899999618530273,11.566666920979818,11.566666920979818,10.1,15.914128303527832,NA,NA,75,0,0,17.890125274658203,0,17.937039057413738,6,4.6319378176116945,6
2026-05-19 07:00:00,0,3.989785671234131,0,3.989785671234131,0,0.9179999999996653,33.96666717529297,31.53333346048991,18.799999237060547,18.899999618530273,11.699999809265137,11.699999809265137,10.1,16.095252990722656,NA,NA,75,0,0,17.877779006958008,0,17.90740903218587,6,4.6065232910092675,6
2026-05-19 07:15:00,0,4.021379470825195,0,4.021379470825195,0,1.3340000000007421,34.666666666666664,32.46666590372721,18.799999237060547,18.899999618530273,12.03333346048991,12.03333346048991,10.4,16.215137481689453,NA,NA,75,0,0,17.872838973999023,0,17.90740903218587,6,4.61717779244317,6
2026-05-19 07:30:00,0,4.057487487792969,0,4.057487487792969,0,2.5349999999998545,35,31.266667048136394,18.700000762939453,18.866666158040363,12.399999936421713,12.399999936421713,10.8,16.18126678466797,10.299548149108888,NA,75,0,0,17.867900848388672,0,17.91481653849284,5.975400070190429,4.6459999926884965,5.975400070190429
2026-05-19 07:45:00,0,4.060789585113525,2.578013181686402,6.638802766799927,0,3.1829999999990832,35,28.933333079020183,18.700000762939453,18.799999237060547,12.800000190734863,12.800000190734863,11.1,16.288219451904297,10.501836776733398,NA,75,0,0,17.86790148417155,0,17.897531509399414,5.975400070190429,4.692000021934509,5.4770237276476355
2026-05-19 08:00:00,0,4.092310905456543,2.584143877029419,6.676454782485962,0,2.9240000000008877,35,27.700000127156574,18.700000762939453,18.799999237060547,13.333333333333334,13.333333333333334,11.4,16.41908836364746,10.42904567718506,NA,75,0,0,17.86049524943034,0,17.87777837117513,5.975400070190429,4.753333333333334,5.502395102995143
2026-05-19 08:15:00,0,4.096579551696777,2.5936553478240967,6.690234899520874,0,3.345999999999549,34.900001525878906,26.96666653951009,18.700000762939453,18.799999237060547,13.766666730244955,13.766666730244955,11.5,16.482624053955078,10.417612075805664,NA,75,0,0,17.85555648803711,0,17.885186513264973,5.980595990966796,4.807343276920319,5.525751994928076
2026-05-19 08:30:00,0,4.061980247497559,2.569082498550415,6.631062746047974,0,3.5049999999991996,34.86666742960612,26.5,18.700000762939453,18.799999237060547,14.266666730244955,14.266666730244955,11.6,16.13973617553711,10.499356269836426,NA,75,0,0,17.858025868733723,0,17.88024838765462,5.982328030629476,4.866302197295295,5.5499444827497975
2026-05-19 08:45:00,0,4.0471577644348145,2.5855844020843506,6.632742166519165,0,4.356000000001586,34.79999923706055,26.100000381469727,18.700000762939453,18.799999237060547,14.800000190734863,14.800000190734863,11.7,16.12919807434082,10.227200508117676,NA,75,0,0,17.867900848388672,0,17.885186513264973,5.985792109954835,4.930560054626465,5.5744401420449625
2026-05-19 09:00:00,0,4.022384166717529,2.5845272541046143,6.6069114208221436,0,4.542999999999665,34.666666666666664,25.933333079020183,18.700000762939453,18.799999237060547,15.233333587646486,15.233333587646486,11.8,16.117998123168945,10.128573417663574,NA,75,0,0,17.87777837117513,0,17.88765589396159,5.99272007039388,4.986244473775228,5.599001516539194
2026-05-19 09:15:00,0,4.107198715209961,2.499880313873291,6.607079029083252,0,4.9319999999988795,34.13333384195963,25.799999237060547,18.766666412353516,18.799999237060547,15.96666685740153,15.96666685740153,12.4,16.569400787353516,9.743969917297363,NA,75,0,0,17.895063400268555,0,17.919753392537434,6,5.094271110848322,5.657304868046845
2026-05-19 09:30:00,0,4.113937854766846,2.515338182449341,6.6292760372161865,0,3.0120000000006257,31.766667048136394,25.866666793823242,18.799999237060547,18.799999237060547,16.100000381469727,16.100000381469727,12.9,16.361392974853516,NA,NA,75,0,0,17.912346522013348,0,17.92963155110677,6,5.214090028279622,5.7018031307282735
2026-05-19 09:45:00,0,4.097347259521484,0,4.097347259521484,0,3.911000000000058,31.3000005086263,27.200000127156574,18.799999237060547,18.866666158040363,16.5,16.5,13.5,16.291152954101562,NA,NA,75,0,0,17.937039057413738,0,17.93950843811035,6,5.282149977366131,6
2026-05-19 10:00:00,0,4.081737518310547,0,4.081737518310547,0,3.2260000000005675,32.40000025431315,28.666666666666668,18.799999237060547,18.899999618530273,16.733332951863606,16.733332951863606,14.1,16.356952667236328,NA,NA,75,0,0,17.951852798461914,0,17.95926030476888,6,5.260639943762885,6
2026-05-19 10:15:00,0,4.112964630126953,0,4.112964630126953,0,3.513999999999214,33.53333282470703,30.433333079020183,18.799999237060547,18.899999618530273,16.933333079020183,16.933333079020183,14.3,16.46826171875,NA,NA,75,0,0,17.991357803344727,0,17.976542154947918,6,5.233235548790826,6
2026-05-19 10:30:00,0,4.096846103668213,0,4.096846103668213,0,3.0229999999992287,34.43333435058594,32.166666666666664,18.799999237060547,18.899999618530273,16.96666653951009,16.96666653951009,14.5,16.377628326416016,NA,NA,75,0,0,18.025925318400066,0,18.040740331013996,6,5.196647717340258,6
2026-05-19 10:45:00,0,4.115921974182129,0,4.115921974182129,0,3.507000000001426,34.96666590372721,32.46666717529297,18.899999618530273,18.899999618530273,17.03333346048991,17.03333346048991,14.7,16.42665672302246,9.869385719299316,NA,75,0,0,18.06049346923828,0,18.04567845662435,5.99553733799235,5.180334493429396,5.99553733799235
2026-05-19 11:00:00,0,4.1002116203308105,0,4.1002116203308105,0,4.445999999999913,35.03333282470703,29.700000127156574,18.899999618530273,18.96666653951009,17.266666412353516,17.266666412353516,14.9,16.53192138671875,10.349727630615234,NA,75,0,0,18.104939778645832,0,18.08271662394206,5.992062658091227,5.204157771564059,5.992062658091227
2026-05-19 11:15:00,0,4.103854179382324,2.49141001701355,6.595264196395874,0,3.4069999999992433,35,28.133333841959637,18.899999618530273,19,17.5,17.5,14.7,16.281951904296875,10.037659645080566,NA,75,0,0,18.139507929484047,0,18.137039820353188,5.993799964904785,5.232499999999999,5.706213250857401
2026-05-19 11:30:00,0,4.07547664642334,2.5353434085845947,6.610820055007935,0,4.358000000000175,34.96666717529297,27.200000127156574,18.96666653951009,19,17.600000381469727,17.600000381469727,14.6,16.453937530517578,10.17868995666504,NA,75,0,0,18.183950424194336,0,18.151853561401367,6,5.245520020688374,5.710646209314424
2026-05-19 11:45:00,0,4.098522663116455,2.52077579498291,6.619298458099365,0,2.8430000000007567,34.900001525878906,26.799999872843426,19,19,17.733333587646484,17.733333587646484,14.4,16.22672462463379,10.02041244506836,NA,75,0,0,18.233333587646484,0,18.211111068725586,6,5.263906626154581,5.7196793026659165
2026-05-19 12:00:00,0,4.0530290603637695,2.5221991539001465,6.575228214263916,0,2.1929999999993015,34.86666742960612,26.566666920979817,19,19.100000381469727,17.133333206176758,17.133333206176758,14.2,16.192604064941406,10.03614902496338,NA,75,0,0,18.2679017384847,0,18.24074109395345,6,5.1963510620371505,5.691727403930182
2026-05-19 12:15:00,0,4.064221382141113,2.451723098754883,6.515944480895996,0,3.480999999999767,34.79999923706055,26.433333079020183,19.03333346048991,19.100000381469727,16.866666158040363,16.866666158040363,14.2,16.393945693969727,10.168058395385742,NA,75,0,0,18.30493927001953,0,18.28024737040202,6,5.1686399756368004,5.687188161119446
2026-05-19 12:30:00,0,4.119108200073242,2.4546661376953125,6.573774337768555,0,4.875,34.699999491373696,26.266666412353516,19.100000381469727,19.100000381469727,16.900000254313152,16.900000254313152,14.3,16.582244873046875,10.105429649353027,NA,75,0,0,18.339505513509117,0,18.32222366333008,6,5.176970052159628,5.692678263738717
2026-05-19 12:45:00,0,4.141146183013916,2.4676055908203125,6.6087517738342285,0,3.0640000000003056,34.233333587646484,26.133333841959637,19.100000381469727,19.100000381469727,17.299999237060547,17.299999237060547,14.3,16.44646453857422,10.065207481384276,NA,75,0,0,18.376542409261067,0,18.33209991455078,6,5.2442299001566575,5.717807146104042
2026-05-19 13:00:00,0,4.122876167297363,2.5288403034210205,6.651716470718384,0,2.8179999999993015,32.46666717529297,26.03333346048991,19.100000381469727,19.166667302449543,17.433333079020183,17.433333079020183,14.4,16.534666061401367,10.605224609375,NA,75,0,0,18.4086430867513,0,18.374073028564453,6,5.339931058112251,5.74905590900781
2026-05-19 13:15:00,0,4.095036029815674,0,4.095036029815674,0,0.9330000000009022,31.366666793823242,27.53333282470703,19.100000381469727,19.200000762939453,17.100000381469727,17.100000381469727,14.3,16.295513153076172,NA,NA,75,0,0,18.43827184041341,0,18.388888676961262,6,5.350363372853597,6
2026-05-19 13:30:00,0,4.094542026519775,0,4.094542026519775,0,1.9509999999991123,32.53333282470703,29.400000254313152,19.200000762939453,19.200000762939453,17.133333841959637,17.133333841959637,14.2,16.44707679748535,NA,NA,75,0,0,18.47037188212077,0,18.418518702189125,6,5.301662304924859,6
2026-05-19 13:45:00,0,4.114262104034424,0,4.114262104034424,0,2.2880000000004657,33.70000076293945,30.666666666666668,19.200000762939453,19.233333587646484,16.666666666666668,16.666666666666668,14.2,16.42630958557129,NA,NA,75,0,0,18.49753252665202,0,18.44567934672038,6,5.194733299255371,6
2026-05-19 14:00:00,0,4.113631248474121,0,4.113631248474121,0,1.764999999999418,34.43333307902018,32.36666679382324,19.200000762939453,19.299999237060547,16.700000762939453,16.700000762939453,14.1,16.47064781188965,NA,NA,75,0,0,18.539505004882812,0,18.477779388427734,6,5.165830099538168,6
2026-05-19 14:15:00,0,4.106904983520508,0,4.106904983520508,0,2.272000000000844,34.96666717529297,31.96666717529297,19.299999237060547,19.299999237060547,16.600000381469727,16.600000381469727,14.1,16.492212295532227,10.011333465576172,NA,75,0,0,18.5691343943278,0,18.52468999226888,6,5.130486687863668,6
2026-05-19 14:30:00,0,4.120020866394043,0,4.120020866394043,0,2.52599999999984,35,29.366666158040363,19.299999237060547,19.333332697550457,16.600000381469727,16.600000381469727,14.1,16.02298927307129,9.929304122924805,NA,75,0,0,18.603703180948894,0,18.544444402058918,6,5.129000043869018,6
2026-05-19 14:45:00,0,4.015766620635986,2.4734914302825928,6.489258050918579,0,2.2010000000009313,34.96666717529297,27.933333079020183,19.299999237060547,19.399999618530273,16.633333841959637,16.633333841959637,14.2,16.10972785949707,10.059477806091309,NA,75,0,0,18.638272603352863,0,18.56419626871745,6,5.134321146918402,5.670031734341172
2026-05-19 15:00:00,0,4.022263526916504,2.5023458003997803,6.524609327316284,0,1.8439999999991414,34.900001525878906,27.200000127156574,19.399999618530273,19.399999618530273,16.600000381469727,16.600000381469727,14.2,16.08231544494629,10.190813064575195,NA,75,0,0,18.66543451944987,0,18.608643849690758,6,5.133459975852966,5.6676609002129235
2026-05-19 15:15:00,0,3.974268674850464,2.498504638671875,6.472773313522339,0,0.9400000000005093,34.900001525878906,26.700000127156574,19.399999618530273,19.399999618530273,16.600000381469727,16.600000381469727,14.2,15.944236755371094,9.919978141784668,NA,75,0,0,18.687655766805015,0,18.62839635213216,6,5.133459975852966,5.665513657738768
2026-05-19 15:30:00,0,3.9758284091949463,2.455068349838257,6.430896759033203,0,1.2729999999992287,34.833333333333336,26.399999618530273,19.399999618530273,19.46666653951009,16.433333079020183,16.433333079020183,14.3,15.935977935791016,9.749322891235352,NA,75,0,0,18.714816411336262,0,18.670372645060223,6,5.117238859600491,5.662995843741741
2026-05-19 15:45:00,0,3.98173189163208,2.448768138885498,6.430500030517578,0,0.9290000000000873,34.699999491373696,26.100000381469727,19.399999618530273,19.5,16.400000254313152,16.400000254313152,14.3,15.843609809875488,9.352846145629885,NA,75,0,0,18.741973876953125,0,18.677780151367188,6,5.119320051905314,5.664632456696214
2026-05-19 16:00:00,0,3.970977783203125,2.3499503135681152,6.32092809677124,0,0.5900000000001455,33.900001525878906,25.799999872843426,19.433333079020183,19.5,15.833333651224773,15.833333651224773,14.4,15.833452224731444,9.590974807739258,NA,75,0,0,18.74938201904297,0,18.697533289591473,6,5.089049970022837,5.661333387151929
2026-05-19 16:15:00,0,3.965526342391968,2.4666237831115723,6.43215012550354,0,0.3610000000007858,31.133333206176758,26.00000063578288,19.5,19.5,15.633333524068197,15.633333524068197,14.3,15.92405891418457,NA,NA,75,0,0,18.766666412353516,0,18.717284520467125,6,5.186548917109173,5.688054888597723
2026-05-19 16:30:00,0,3.969430685043335,0,3.969430685043335,9.99999996565748e-4,0.33100000000013097,31.166666666666668,27.46666653951009,19.5,19.5,15.53333346048991,15.53333346048991,14.2,15.911468505859377,NA,NA,75,0,0,18.779012044270836,0,18.734567642211914,6,5.173211126221551,6
2026-05-19 16:45:00,0,3.96399450302124,0,3.96399450302124,0.23200000000360887,0,32.33333396911621,29.200000127156574,19.5,19.53333346048991,15.666666666666668,15.666666666666668,14,15.76350212097168,NA,NA,75,0,0,18.79135894775391,0,18.751851399739582,6,5.138111083348592,6
2026-05-19 17:00:00,0,3.944340944290161,0,3.944340944290161,0.38100000000122236,0,33.56666692097982,31.03333346048991,19.5,19.600000381469727,15.699999809265137,15.699999809265137,13.9,15.712675094604492,NA,NA,75,0,0,18.798766454060875,0,18.766666412353516,6,5.088136633345285,6
2026-05-19 17:15:00,0,3.9290764331817623,0,3.9290764331817623,0.2900000000008731,0,34.46666590372721,32.36666615804037,19.53333346048991,19.600000381469727,15.666666666666666,15.666666666666666,13.8,15.742582321166992,NA,NA,75,0,0,18.820987701416016,0,18.78148142496745,6,5.04495558887058,6
2026-05-19 17:30:00,0,3.927415609359741,0,3.927415609359741,0.00399999999353895,0.5739999999987049,34.96666717529297,32.16666730244955,19.600000381469727,19.600000381469727,15.46666653951009,15.46666653951009,13.6,15.746813774108888,9.395068168640137,NA,75,0,0,18.835803985595703,0,18.806172688802082,6,5.00011551882002,6
2026-05-19 17:45:00,0,3.93735671043396,0,3.93735671043396,0,0.42000000000007276,35,29.333333333333332,19.600000381469727,19.666667302449543,15.299999872843424,15.299999872843424,13.5,15.736778259277344,9.534985542297363,NA,75,0,0,18.84814961751302,0,18.818518956502277,6,4.979499985376993,6
2026-05-19 18:00:00,0,3.9536774158477783,2.3638222217559814,6.31749963760376,0,0.1319999999996071,34.93333435058594,27.633333841959637,19.600000381469727,19.700000762939453,15.100000381469728,15.100000381469728,13.3,15.946983337402344,9.47052764892578,NA,75,0,0,18.862964630126953,0,18.816049575805664,6,4.959373333384196,5.610628163006699
2026-05-19 18:15:00,0,3.98651671409607,2.3692405223846436,6.355757236480713,0,0.10300000000097498,34.900001525878906,26.599999745686848,19.600000381469727,19.700000762939453,14.899999618530272,14.899999618530272,13.2,15.900283813476562,9.57219123840332,NA,75,0,0,18.87531089782715,0,18.830865224202473,6,4.937789890632629,5.604039119059667
2026-05-19 18:30:00,0,3.971136093139648,2.375976324081421,6.347112417221069,0.004000000000814907,0.011000000000422006,34.79999923706055,26.200000127156574,19.600000381469727,19.700000762939453,14.866666475931803,14.866666475931803,13.1,15.80951690673828,9.344645500183104,NA,75,0,0,18.88032658894857,0,18.843210220336914,6,4.938240010732015,5.602541056384473
2026-05-19 18:45:00,0,3.9677016735076904,2.337784767150879,6.305486440658569,0.02500000000145519,0,34.733333587646484,26,19.600000381469727,19.700000762939453,14.733333269755045,14.733333269755045,13,15.847238540649414,9.443716049194336,NA,75,0,0,18.88032658894857,0,18.84814961751302,6,4.925728870692783,5.601709605512675
2026-05-19 19:00:00,0,3.960212469100952,2.3502683639526367,6.310480833053589,0.05700000000069849,0,34.300000508626304,25.899999618530273,19.666667302449543,19.700000762939453,14.600000063578289,14.600000063578289,12.9,15.89316749572754,9.537036895751951,NA,75,0,0,18.898147583007812,0,18.862964630126953,6,4.928819985688528,5.601050923639941
2026-05-19 19:15:00,0,3.970355272293091,2.3662009239196777,6.3365561962127686,0.33699999999953434,0.002999999998792191,31.766666412353516,26.099999745686848,19.700000762939453,19.700000762939453,14.566666603088379,14.566666603088379,12.7,15.954280853271484,NA,NA,75,0,0,18.895601272583008,0,18.865432739257812,6,5.032798892197079,5.638827135113668
2026-05-19 19:30:00,0,3.974156379699707,0,3.974156379699707,0.771999999997206,0,31.366666793823242,28.166666666666668,19.700000762939453,19.733333587646484,14.566666920979818,14.566666920979818,12.4,15.894346237182615,NA,NA,75,0,0,18.903241475423176,0,18.870372772216797,6,5.04982558031294,6
2026-05-19 19:45:00,0,3.940507650375366,0,3.940507650375366,0.805000000000291,0,32.5,29.833333333333332,19.700000762939453,19.799999237060547,14.5,14.5,12.2,15.78033447265625,NA,NA,75,0,0,18.900693893432617,0,18.8580265045166,6,4.99375,6
2026-05-19 20:00:00,0,3.94635272026062,0,3.94635272026062,0.6990000000005239,0,33.53333409627279,31.366666793823242,19.700000762939453,19.799999237060547,14.399999618530272,14.399999618530272,11.9,15.69569492340088,NA,NA,75,0,0,18.900693893432617,0,18.880480448404946,6,4.9381865898895265,6
2026-05-19 20:15:00,0,3.9176764488220215,0,3.9176764488220215,0.588000000003376,0,34.33333206176758,32.36666615804037,19.700000762939453,19.799999237060547,14.5,14.5,11.8,15.672613143920898,NA,NA,75,0,0,18.900693893432617,0,18.895601272583008,6,4.915833387374878,6
2026-05-19 20:30:00,0,3.9242427349090576,0,3.9242427349090576,0.4400000000023283,0,34.90000025431315,32.23333295186361,19.700000762939453,19.799999237060547,14.53333346048991,14.53333346048991,11.8,15.86218547821045,NA,NA,75,0,0,18.905787150065105,0,18.888118108113606,6,4.895586670485603,6
2026-05-19 20:45:00,0,3.9677369594573975,0,3.9677369594573975,0.08199999999487773,0,35,29.233333587646484,19.700000762939453,19.799999237060547,14.433333079020182,14.433333079020182,11.8,15.894018173217772,9.640705108642578,NA,75,0,0,18.905787150065105,0,18.882872263590496,6,4.87983330408732,6
2026-05-19 21:00:00,0,3.98337197303772,2.3997929096221924,6.383164882659912,0.08299999999871943,0,35,27.53333346048991,19.700000762939453,19.799999237060547,14.366666475931803,14.366666475931803,11.7,15.938443183898926,9.305441856384276,NA,75,0,0,18.90833282470703,0,18.908334732055664,6,4.872166644732157,5.575983616440857
2026-05-19 21:15:00,0,3.992539644241333,2.357827425003052,6.350367069244385,0.07900000000518048,0,35,26.933333079020183,19.700000762939453,19.799999237060547,14.300000190734863,14.300000190734863,11.7,16.073163986206055,10.209837913513184,NA,75,0,0,18.91088040669759,0,18.898148854573567,6,4.864500021934509,5.578400278254821
2026-05-19 21:30:00,0,4.021761894226074,2.480367660522461,6.502129554748535,0.07899999999790452,0,34.900001525878906,26.600000381469727,19.700000762939453,19.799999237060547,14.300000190734863,14.300000190734863,11.8,16.098400115966797,9.823393821716309,NA,75,0,0,18.903241475423176,0,18.903241475423176,6,4.868729957408904,5.568454364783979
2026-05-19 21:45:00,0,4.025903224945068,2.439857482910156,6.465760707855225,0.07699999999749707,0,34.86666742960612,26.46666653951009,19.700000762939453,19.799999237060547,14.200000127156576,14.200000127156576,11.8,16.093360900878906,9.361881256103516,NA,75,0,0,18.903241475423176,0,18.8854185740153,6,4.858626649110582,5.5693022929879605
2026-05-19 22:00:00,0,4.029407501220703,2.432276487350464,6.461683988571167,0.07700000000477303,0,34.699999491373696,26.366666158040363,19.700000762939453,19.799999237060547,14.199999809265137,14.199999809265137,11.8,16.121143341064453,9.4395170211792,NA,75,0,0,18.893056233723957,0,18.8854185740153,6,4.8656599994723,5.573017108725132
2026-05-19 22:15:00,0,4.041236877441406,2.3941893577575684,6.435426235198975,0.07600000000093132,0,34.1000010172526,26.233333587646484,19.700000762939453,19.799999237060547,14.133333524068197,14.133333524068197,11.9,16.139633178710938,9.88812255859375,NA,75,0,0,18.890509287516277,0,18.890586217244465,6,4.88325331257926,5.584533652221858
2026-05-19 22:30:00,0,4.038412570953369,2.498202085494995,6.536614656448364,0.3019999999960419,0,32.06666692097982,26.133333841959637,19.700000762939453,19.799999237060547,14.133333524068197,14.133333524068197,12,16.156856536865234,NA,NA,75,0,0,18.87778091430664,0,18.8854185740153,6,4.968924456223382,5.605937444817162
2026-05-19 22:45:00,0,4.035670280456543,0,4.035670280456543,0.7520000000004075,0,31.333333333333332,27.933333079020183,19.700000762939453,19.799999237060547,14.03333346048991,14.03333346048991,12.1,16.184215545654297,NA,NA,75,0,0,18.870372772216797,0,18.870372772216797,6,4.987955570644803,6
2026-05-19 23:00:00,0,4.0429301261901855,0,4.0429301261901855,0.7969999999986612,0,32.43333307902018,29.633333206176758,19.700000762939453,19.799999237060547,14.03333346048991,14.03333346048991,12.2,16.253875732421875,NA,NA,75,0,0,18.8580265045166,0,18.87284278869629,6,4.941718914527893,6
2026-05-19 23:15:00,0,4.057570934295654,0,4.057570934295654,0.713000000003376,0,33.5,31.099999745686848,19.700000762939453,19.799999237060547,14.03333346048991,14.03333346048991,12,16.133121490478516,NA,NA,75,0,0,18.85555648803711,0,18.848148981730144,6,4.896883348147075,6
2026-05-19 23:30:00,0,4.043120384216309,0,4.043120384216309,0.602999999995518,0,34.233333587646484,32.06666692097982,19.700000762939453,19.799999237060547,14.066666920979818,14.066666920979818,11.8,16.137313842773438,NA,NA,75,0,0,18.850618998209637,0,18.853087107340496,6,4.869917796520657,6
2026-05-19 23:45:00,0,4.038339138031006,0,4.038339138031006,0.5910000000003492,0,34.766666412353516,32.86666615804037,19.600000381469727,19.799999237060547,14.133333524068197,14.133333524068197,11.6,16.15953826904297,NA,NA,75,0,0,18.83333396911621,0,18.850618998209633,6,4.85516447713852,6
2026-05-20 00:00:00,0,4.046114444732666,0,4.046114444732666,0.13200000000506407,0,35.04999923706055,30.5,19.600000381469727,19.799999237060547,14,14,11.4,16.156801223754883,10.224520206451416,NA,75,0,0,18.83333396911621,0,18.84444522857666,6,4.827900032043457,6
2026-05-20 00:15:00,0,4.043362617492676,2.536870241165161,6.580232858657837,0.07699999999749707,0,35,29.066666920979817,19.600000381469727,19.799999237060547,14.066666920979818,14.066666920979818,11.4,16.155324935913086,10.175535202026367,NA,75,0,0,18.82592709859212,0,18.845679601033527,6,4.837666695912679,5.551886865891895
2026-05-20 00:30:00,0,4.045539379119873,2.504884958267212,6.550424337387085,0.07600000000093132,0,35,28.06666628519694,19.600000381469727,19.799999237060547,13.96666653951009,13.96666653951009,11.4,16.169734954833984,10.080920219421388,NA,75,0,0,18.83333396911621,0,18.840741475423176,6,4.826166652043661,5.5511256453988524
2026-05-20 00:45:00,0,4.045962810516357,2.530920028686523,6.576882839202881,0.07699999999749707,0,35,27.366666793823242,19.600000381469727,19.799999237060547,14,14,11.4,16.100019454956055,9.990328788757324,NA,75,0,0,18.82098897298177,0,18.830864588419598,6,4.83,5.549759892952246
2026-05-20 01:00:00,0,4.0209760665893555,2.4636120796203613,6.484588146209717,0.07600000000093132,0,34.900001525878906,27,19.600000381469727,19.799999237060547,14,14,11.4,16.10915756225586,9.936108589172363,NA,75,0,0,18.811111450195312,0,18.83333396911621,6,4.834199935913086,5.557091513670692
2026-05-20 01:15:00,0,4.032027244567871,2.525700092315674,6.557727336883545,0.07600000000093132,0,34.900001525878906,26.700000127156574,19.600000381469727,19.733333587646484,14,14,11.4,16.082181930541992,10.431692123413086,NA,75,0,0,18.806174596150715,0,18.825926462809246,6,4.834199935913086,5.5509936326682885
2026-05-20 01:30:00,0,4.030762195587158,2.549428939819336,6.580191135406494,0.07699999999749707,0,34.833333333333336,26.5,19.600000381469727,19.700000762939453,14.100000063578289,14.100000063578289,11.4,16.110126495361328,10.323774337768556,NA,75,0,0,18.79382705688477,0,18.801234563191734,6,4.848516673988766,5.5538693550622655
2026-05-20 01:45:00,0,4.038679599761963,2.5307369232177734,6.569416522979736,0.07800000000133878,0,34.733333587646484,26.299999872843426,19.600000381469727,19.700000762939453,14.100000381469728,14.100000381469728,11.4,16.233545303344727,9.635336875915527,NA,75,0,0,18.788888931274418,0,18.796296437581383,6,4.852726699930827,5.558035802517508
2026-05-20 02:00:00,0,4.056130886077881,2.5404763221740723,6.596607208251953,0.07800000000133878,0,34.166666666666664,26.133333841959637,19.600000381469727,19.700000762939453,14.100000063578289,14.100000063578289,11.4,16.18880844116211,10.076322555541992,NA,75,0,0,18.774073918660484,0,18.793827056884766,6,4.8765833406978185,5.567351316700668
2026-05-20 02:15:00,0,4.059236526489258,2.55025315284729,6.609489679336548,0.2849999999962165,0,32.23333422342936,26.066666920979817,19.566666920979817,19.700000762939453,14.199999809265137,14.199999809265137,11.4,16.246747970581055,NA,NA,75,0,0,18.761727650960285,0,18.78395144144694,6,4.969753273309072,5.60248217480871
2026-05-20 02:30:00,0,4.060872554779053,0,4.060872554779053,0.739000000001397,0,31.299999872843426,27.866666158040363,19.5,19.700000762939453,14.066666920979818,14.066666920979818,11.4,16.27304458618164,NA,NA,75,0,0,18.744443893432617,0,18.776543299357098,6,4.993313368869358,6
2026-05-20 02:45:00,0,4.057039737701416,0,4.057039737701416,0.8000000000029104,0,32.36666615804037,29.5,19.5,19.700000762939453,14.066666920979818,14.066666920979818,11.3,16.20064926147461,NA,NA,75,0,0,18.744443893432617,0,18.751851399739582,6,4.948442273534139,6
2026-05-20 03:00:00,0,4.050379276275635,0,4.050379276275635,0.7209999999977299,0,33.40000025431315,31,19.5,19.700000762939453,14,14,11.3,16.179452896118164,NA,NA,75,0,0,18.73456573486328,0,18.751851399739582,6,4.897199989318848,6
2026-05-20 03:15:00,0,4.054186820983887,0,4.054186820983887,0.6019999999989523,0,34.20000076293945,32.233333587646484,19.5,19.666667302449543,13.866666475931803,13.866666475931803,11.4,16.264568328857422,NA,NA,75,0,0,18.717283248901367,0,18.751851399739582,6,4.8481599459711715,6
2026-05-20 03:30:00,0,4.0530548095703125,0,4.0530548095703125,0.44600000000355067,0,34.86666742960612,32.53333409627279,19.5,19.600000381469727,13.833333333333332,13.833333333333332,11.4,16.15696144104004,NA,NA,75,0,0,18.707406997680664,0,18.739505767822266,6,4.816411079194811,6
2026-05-20 03:45:00,0,4.044508457183838,0,4.044508457183838,0.07499999999708962,0,35,30.166666666666668,19.5,19.600000381469727,13.833333333333332,13.833333333333332,11.5,16.13226890563965,10.094886779785156,NA,75,0,0,18.70000267028809,0,18.734568277994793,6,4.810833333333333,6
2026-05-20 04:00:00,0.006835456420661468,4.034121990203857,2.5322234630584717,6.566345453262329,0.04800000000250293,0,35,28.399999618530273,19.5,19.600000381469727,13.866666793823242,13.866666793823242,11.6,16.16988754272461,10.075732231140137,NA,75,0,0,18.70000267028809,0,18.739505767822266,6,4.814666681289673,5.5428920298897735
2026-05-20 04:15:00,0.039075416650733205,4.044963359832764,2.5374886989593506,6.582452058792114,0.0029999999969732016,0.016999999999825377,34.900001525878906,27.46666717529297,19.5,19.600000381469727,14.066666920979818,14.066666920979818,11.6,16.144214630126953,10.287442207336426,NA,75,0,0,18.70000267028809,0,18.727158228556316,6,4.841873298416137,5.553550350084679
2026-05-20 04:30:00,0.09595226258949921,4.033107757568359,2.5568253993988037,6.589933156967163,0,0.023000000001047738,34.900001525878906,26.899999618530273,19.5,19.600000381469727,14.199999809265137,14.199999809265137,11.6,16.0657958984375,10.35525131225586,NA,75,0,0,18.695063273111984,0,18.734568277994793,6,4.857219913654328,5.556613233989084
2026-05-20 04:45:00,0.23883888905134776,4.007019996643066,2.530921220779419,6.537941217422485,0,0.15499999999883585,34.86666742960612,26.600000381469727,19.5,19.600000381469727,14.066666920979818,14.066666920979818,11.6,16.016273498535156,10.192350387573242,NA,75,0,0,18.687655131022137,0,18.722222010294598,6,4.843275552741157,5.552217073723414
2026-05-20 05:00:00,0.4001117966874889,4.017495632171631,2.542901039123535,6.560396671295166,0,0.3120000000017171,34.79999923706055,26.333332697550457,19.5,19.600000381469727,14.100000381469728,14.100000381469728,11.6,15.991979598999023,10.07823085784912,NA,75,0,0,18.677780151367188,0,18.709878285725914,6,4.849920076065064,5.554213017873522
2026-05-20 05:15:00,0.587045080833279,3.992171049118042,2.5310986042022705,6.5232696533203125,0,0.36199999999917054,34.666666666666664,26.100000381469727,19.399999618530273,19.600000381469727,14.300000190734863,14.300000190734863,11.7,15.947572708129885,9.957575798034668,NA,75,0,0,18.670372645060223,0,18.695062001546226,6,4.878600021998087,5.5648847786587545
2026-05-20 05:30:00,0.80501206819373,3.98647141456604,2.537503480911255,6.523974895477295,0,0.7420000000001892,33.833333333333336,26,19.399999618530273,19.600000381469727,14.5,14.5,11.8,15.929384231567385,10.325708389282228,NA,75,0,0,18.658027013142902,0,18.687655766805015,6,4.937083333333333,5.58657800117302
2026-05-20 05:45:00,1.0661118821658415,3.9827585220336914,2.5438990592956543,6.526657581329346,0.0030000000042491592,0.2510000000002037,31.400000254313152,26.200000127156574,19.399999618530273,19.600000381469727,14.600000381469728,14.600000381469728,12,15.786039352416992,NA,NA,75,0,0,18.653087615966797,0,18.66790262858073,6,5.05236003440857,5.6306378284782035
2026-05-20 06:00:00,1.2394839131989825,3.969956874847412,0,3.969956874847412,0.04499999999825377,0.04799999999886495,31.53333282470703,27.666667302449543,19.399999618530273,19.600000381469727,14.733333269755045,14.733333269755045,12.1,15.945558547973633,NA,NA,75,0,0,18.650619506835938,0,18.670372645060223,6,5.062475569758945,6
2026-05-20 06:15:00,1.4680878942407836,3.974955320358277,0,3.974955320358277,0,0.7600000000002183,32.833333333333336,29.733333587646484,19.399999618530273,19.600000381469727,15,15,12.2,15.805282592773438,NA,NA,75,0,0,18.640742619832356,0,18.672840754191082,6,5.038166666666666,6
2026-05-20 06:30:00,1.6389011982715378,3.973356962203979,0,3.973356962203979,0.0029999999969732016,0.3540000000011787,33.93333307902018,31.200000127156574,19.399999618530273,19.600000381469727,15.133333524068197,15.133333524068197,12.3,16.022830963134766,NA,NA,75,0,0,18.628395080566403,0,18.685185750325523,6,5.006342255329557,6
2026-05-20 06:45:00,1.7283104303835055,3.999425649642944,0,3.999425649642944,0,0.5,34.63333384195963,32.53333282470703,19.399999618530273,19.600000381469727,15.100000381469728,15.100000381469728,12.5,15.992297172546388,NA,NA,75,0,0,18.638273874918617,0,18.67037073771159,6,4.972303355420431,6
2026-05-20 07:00:00,1.7495478645033147,4.011044025421143,0,4.011044025421143,0,0.9459999999999127,34.96666717529297,31.700000127156574,19.399999618530273,19.600000381469727,15.133333524068197,15.133333524068197,12.6,16.054828643798828,10.11871337890625,NA,75,0,0,18.64321200052897,0,18.670372645060223,6,4.96177111111323,6
2026-05-20 07:15:00,1.8497403032681974,4.0151872634887695,2.5476438999176025,6.562831163406372,0,0.5720000000001164,34.93333435058594,29.133333841959637,19.399999618530273,19.600000381469727,15.133333524068197,15.133333524068197,12.8,15.984492301940918,10.314482688903809,NA,75,0,0,18.65555763244629,0,18.68765703837077,6,4.9632088669586185,5.597525132093974
2026-05-20 07:30:00,2.089931662306521,4.007029056549072,2.5428924560546875,6.54992151260376,0,1.0469999999986612,33.16666793823242,28.133333206176758,15.733332951863606,25.366666793823242,14.700000127156576,14.700000127156576,12.9,16.150392532348633,NA,NA,75,0,0,18.65555763244629,0,18.685187657674156,5.793375456848144,4.988783293893602,5.481006623505515
2026-05-20 07:45:00,2.5269622343141602,4.057511806488037,0,4.057511806488037,0.05500000000029104,1.018000000000029,25.133333206176758,24.93333371480306,12.600000063578289,28.46666653951009,14.600000063578289,14.600000063578289,13,16.39398765563965,10.367154121398926,NA,75,0,0,18.69506327311198,0,18.70494079589844,5.8787226790042455,5.319320013355679,5.8787226790042455
2026-05-20 08:00:00,3.6536428399507828,4.083860874176025,0,4.083860874176025,0,1.4000000000014552,23.333333333333332,23,13.866666793823242,22.900000254313152,14.899999618530272,14.899999618530272,13.2,16.2847900390625,10.249921798706056,NA,75,0,0,18.732098261515297,0,18.561729431152344,6,5.433999951680501,6
2026-05-20 08:15:00,4.438038879153854,4.061925411224365,0,4.061925411224365,0,1.9599999999991269,21.03333346048991,20.866666793823242,13.566666920979818,24.733333587646484,14.933333396911621,14.933333396911621,13.3,16.14969253540039,NA,NA,75,0,0,18.744443893432617,0,18.381482442220054,6,5.5,6
2026-05-20 08:30:00,4.764020699257912,4.059235095977783,0,4.059235095977783,0,5.433999999999287,19.700000127156574,19.46666653951009,13.899999936421711,19.400000254313152,16.03333346048991,16.03333346048991,13.5,16.311145782470703,NA,NA,75,0,0,18.744443893432617,0,18.223456700642906,6,5.5,6
2026-05-20 08:45:00,4.534795313086961,4.097026824951172,0,4.097026824951172,0,5.040000000000873,20.299999872843426,19.433333079020183,13.899999936421711,14.200000127156576,16.733333587646484,16.733333587646484,13.7,16.14200210571289,9.829601287841797,NA,75,0,0,18.756789525349934,0,18.10000165303548,6,5.5,6
2026-05-20 09:00:00,4.4784667657915636,4.026402473449707,2.5036911964416504,6.530093669891357,0,3.6379999999990105,20.733332951863606,19.799999872843426,13.566666603088379,13.899999936421711,16.833333333333332,16.833333333333332,13.8,16.125076293945312,10.591794967651367,NA,75,0,0,18.744443893432617,0,17.971604029337566,6,5.5,5.808295920165315
2026-05-20 09:15:00,4.712334413809703,4.030616283416748,2.4997997283935547,6.530416011810303,0,3.702000000001135,20.400000254313152,19.799999872843426,13.233333269755045,16.266666412353516,17.066666920979817,17.066666920979817,14.1,16.090347290039062,10.213573455810549,NA,75,0,0,22.191744486490883,0,16.060340881347656,6,5.5,5.808603332171132
2026-05-20 09:30:00,5.315645687729583,0,2.530146837234497,2.530146837234497,0.0030000000042491592,0.5619999999998981,23.299999872843426,21.766667048136394,12.633333524068197,9.366666475931803,16.933333079020183,16.933333079020183,14.4,NA,NA,NA,75,0,0,33.00277964274088,0,12.196759859720867,5.968414691989475,5.5,5.5
2026-05-20 09:45:00,5.790764738829892,0,0,0,0,1.3850000000002183,28.299999872843426,26.866666793823242,11.699999809265137,8.633333524068197,17.266667048136394,17.266667048136394,14.7,NA,NA,NA,75,0,0,36.463504791259766,0,11.233333587646484,5.642011987325033,5.5,5.571005993662517
2026-05-20 10:00:00,5.706326747751133,0,0,0,0,1.764999999999418,33.20000012715658,31.8000005086263,11.133333524068197,8.200000127156576,17.700000127156574,17.700000127156574,15,NA,NA,NA,75,0,0,40.89953867594401,0,10.66736094156901,5.361898678651597,5.3377600090408315,5.349829343846214
2026-05-20 10:15:00,5.937672222009777,0,0,0,0,3.113999999999578,35.29999923706055,33.86666742960612,11.366666793823242,11.600000063578289,17.666667302449543,17.666667302449543,15,16.026893615722656,9.996644973754885,NA,75,0,0,38.80802536010742,0,10.975077311197916,5.286905380167643,5.237966774431864,5.262436077299753
2026-05-20 10:30:00,6.3134030056888095,3.9893686771392822,2.4697558879852295,6.459124565124512,0,2.355999999999767,35.266666412353516,33.49999872843424,12.066666603088379,12.399999936421711,17.133333841959637,17.133333841959637,15.1,15.97043228149414,10.179948806762695,NA,75,0,0,37.09691492716471,0,11.878625869750977,5.352692450473361,5.178297847612169,5.286009714615491
2026-05-20 10:45:00,6.82873062396948,4.001580715179443,2.5159575939178467,6.51753830909729,0,3.081000000000131,35.233333587646484,31.633333206176758,12.566666603088379,12.799999872843424,17.100000381469727,17.100000381469727,15.1,16.124788284301758,9.8965606689453125,NA,75,0,0,35.5127321879069,0,12.579167366027834,5.400154204418605,5.175976698977152,5.313615227514747
2026-05-20 11:00:00,7.248471512089564,4.027469635009766,2.446063995361328,6.473533630371094,0,3.338000000001557,35.13333257039388,29.866666158040363,13.033333142598469,13.133333524068197,17.166667302449543,17.166667302449543,15.1,16.160795211791992,9.864158630371094,NA,75,0,0,34.248765309651695,0,13.236574490865072,5.447743129767524,5.188144551934136,5.3496522306168455
2026-05-20 11:15:00,7.435185476778006,4.016417026519775,2.464369773864746,6.4807868003845215,0,6.3729999999995925,35.03333282470703,28.700000127156574,13.399999936421711,13.533333142598469,17.799999872843426,17.799999872843426,15.4,16.228633880615234,9.56669807434082,NA,75,0,0,33.19259262084961,0,13.948997815450033,5.4862093517574735,5.265473342009649,5.402272760849442
2026-05-20 11:30:00,7.647925350405011,4.069563865661621,2.4149158000946045,6.484479665756226,0,6.593999999999141,34.96666717529297,27.766666412353516,13.799999872843424,13.966666857401531,18.900000254313152,18.900000254313152,15.6,16.326396942138672,9.884998321533203,NA,75,0,0,32.32322565714518,0,14.747916857401531,5.52620129719713,5.395063338733249,5.477363588666874
2026-05-20 11:45:00,7.803898037821922,4.06360387802124,2.4025354385375977,6.466139316558838,0,3.684000000001106,34.86666742960612,27.099999745686848,14.133333524068197,14.399999936421711,19.099999745686848,19.099999745686848,15.9,15.990690231323242,9.793099403381348,NA,75,0,0,31.594445546468098,0,15.380247433980307,5.561707536268446,5.422779934785631,5.510088096968904
2026-05-20 12:00:00,8.23588426231057,4.023943901062012,2.444772720336914,6.468716621398926,0,5.514999999999418,34.766666412353516,26.566666920979817,14.5,14.766666730244955,18.93333371480306,18.93333371480306,16.2,16.40077781677246,9.758784294128418,NA,75,0,0,30.952779134114582,0,15.69351895650228,5.60034001235962,5.408284500338237,5.527754968979148
2026-05-20 12:15:00,7.927338339065632,4.065841197967529,2.4289348125457764,6.494776010513306,0,3.2620000000006257,34.59999974568685,26.200000127156574,14.733333269755045,15.100000063578289,18.96666717529297,18.96666717529297,16.2,16.066390991210938,10.038951873779297,NA,75,0,0,30.348920822143555,0,15.813118616739908,5.629981339870876,5.419953403973049,5.551434494793606
2026-05-20 12:30:00,7.662473541075723,4.047248840332031,2.415626049041748,6.462874889373779,0,5.570999999999913,33.86666742960612,25.700000127156574,14.96666653951009,15.399999936421711,18.5,18.5,16.3,16.282947540283203,9.91794776916504,NA,75,0,0,29.784568786621094,0,15.846605936686197,5.6874363952670635,5.400199964523316,5.580076154474037
2026-05-20 12:45:00,7.533367487183871,4.108224868774414,2.4414353370666504,6.5496602058410645,0,5.860999999998967,32.066667556762695,25.366666793823242,15.166666666666668,15.700000127156576,19.133333206176758,19.133333206176758,16.3,16.389827728271484,NA,NA,75,0,0,29.26535479227702,0,15.870525360107422,5.794457734044393,5.5,5.6846963884821555
2026-05-20 13:00:00,7.171015190403031,4.084408760070801,0,4.084408760070801,0,5.52100000000064,31.666666666666668,26.599999745686848,15.399999936421711,15.899999936421711,20.06666628519694,20.06666628519694,16.4,16.317493438720703,NA,NA,75,0,0,28.787037531534832,0,15.887268702189127,5.836199993981255,5.5,5.836199993981255
2026-05-20 13:15:00,6.621254417318815,4.065859317779541,0,4.065859317779541,0,3.05199999999968,32.666666666666664,27.833333333333332,15.600000063578289,16.100000381469727,20.099999745686848,20.099999745686848,16.4,16.194969177246094,NA,NA,75,0,0,28.320833206176758,0,15.93032455444336,5.805653339301216,5.5,5.805653339301216
2026-05-20 13:30:00,6.252541856274899,4.07560920715332,0,4.07560920715332,0,3.4359999999996944,33.666666666666664,29.166666666666668,15.833333333333332,16.333332697550457,20.166666666666668,20.166666666666668,16.4,16.28060531616211,NA,NA,75,0,0,27.877931594848633,0,16.016434987386067,5.777888888888889,5.5,5.777888888888889
2026-05-20 13:45:00,5.817156180197365,4.06635856628418,0,4.06635856628418,0,3.9400000000005093,34.43333307902018,30.566666920979817,16.100000381469727,16.53333346048991,20.066666920979817,20.066666920979817,16.5,16.49273109436035,NA,NA,75,0,0,27.468055725097656,0,16.12885920206706,5.764465381286622,5.5,5.764465381286622
2026-05-20 14:00:00,5.259024714491056,4.130281448364258,0,4.130281448364258,0,4.356999999999971,34.90000025431315,31.133333206176758,16.299999872843426,16.733333587646484,20.5,20.5,16.5,16.27801513671875,NA,NA,75,0,0,27.104475021362305,0,16.274768829345703,5.759603975565592,5.5,5.759603975565592
2026-05-20 14:15:00,4.777362632913215,4.060324192047119,0,4.060324192047119,0,3.063000000000102,34.96666717529297,28.433333079020183,16.566666920979817,16.933333079020183,20.200000127156574,20.200000127156574,16.4,16.2076416015625,9.601499557495115,NA,75,0,0,26.741127649943035,0,16.406328837076824,5.780808442287868,5.5,5.780808442287868
2026-05-20 14:30:00,4.367089034701962,4.048722743988037,2.440808057785034,6.489530801773071,0,4.471999999999753,34.93333435058594,27,16.766666412353516,17.100000381469727,20.46666653951009,20.46666653951009,16.2,16.43679428100586,9.154335021972656,NA,75,0,0,26.397686004638672,0,16.557486216227215,5.800894147528754,5.5,5.687723429604451
2026-05-20 14:45:00,3.8322419847173705,4.0930562019348145,2.3906702995300293,6.483726501464844,0,2.5419999999994616,34.900001525878906,26.566666920979817,17,17.266666412353516,20.766666412353516,20.766666412353516,16,16.226909637451172,9.73344612121582,NA,75,0,0,26.087500254313152,0,16.69915262858073,5.824059922790528,5.5,5.704573014681698
2026-05-20 15:00:00,3.3421726572745456,4.057379722595215,2.406196355819702,6.463576078414917,0,2.9980000000014115,34.900001525878906,26.233332951863606,17.200000127156574,17.433333079020183,20.333333333333332,20.333333333333332,15.9,16.239044189453125,9.845032691955566,NA,75,0,0,25.78287124633789,0,16.8496150970459,5.842475934254964,5.5,5.71498237110001
2026-05-20 15:15:00,3.083412250847473,4.056829452514648,2.452366828918457,6.5091962814331055,0,2.0819999999985157,34.766666412353516,25.933333079020183,17.399999618530273,17.633333841959637,20.099999745686848,20.099999745686848,16,16.10849380493164,9.747621536254885,NA,75,0,0,25.50902811686198,0,17.007407506306965,5.867681311116537,5.5,5.729155844682619
2026-05-20 15:30:00,2.8088973967342774,4.022096633911133,2.4275248050689697,6.4496214389801025,0,2.3919999999998254,34.13333257039388,25.766666412353516,17.566666920979817,17.766666412353516,19.6999994913737,19.6999994913737,16,16.02136993408203,9.51536464691162,NA,75,0,0,25.227779388427734,0,17.163581212361652,5.9153796180792915,5.5,5.759037988427458
2026-05-20 15:45:00,2.479296805583986,4.021540641784668,2.4099671840667725,6.43150782585144,0,3.662000000000262,31.366666158040363,25.8000005086263,17.766666412353516,17.933333079020183,19.566666920979817,19.566666920979817,16,16.069795608520508,NA,NA,75,0,0,24.98549461364746,0,17.322916666666668,6,5.5,5.812643687194167
2026-05-20 16:00:00,2.1820458343924405,3.9909110069274902,0,3.9909110069274902,0,0.7920000000012806,31.56666628519694,27.133333206176758,17.933333079020183,18.066666920979817,19.433333079020183,19.433333079020183,16.1,15.865120887756348,NA,NA,75,0,0,24.740663528442383,0,17.433720270792644,6,5.5,6
2026-05-20 16:15:00,2.0537073986013046,3.978218555450439,0,3.978218555450439,0,1.0999999999985448,32.86666615804037,29.366666793823242,18.100000381469727,18.200000762939453,19.366666158040363,19.366666158040363,16,15.922021865844728,NA,NA,75,0,0,24.5222225189209,0,17.583101908365887,6,5.5,6
2026-05-20 16:30:00,1.8259806953888928,3.973471164703369,0,3.973471164703369,0.014999999999417923,0.3890000000010332,34,30.53333346048991,18.266666412353516,18.333332697550457,18.733333587646484,18.733333587646484,15.9,15.796504974365234,NA,NA,75,0,0,24.30393409729004,0,17.707407633463543,5.987146643066406,5.421066696166992,5.987146643066406
2026-05-20 16:45:00,1.5521603528906305,3.949068546295166,0,3.949068546295166,0.0319999999992433,0.10399999999935972,34.59999974568685,31.799999872843426,18.433333079020183,18.46666653951009,18.200000127156574,18.200000127156574,15.7,15.71568489074707,NA,NA,75,0,0,24.113503138224285,0,17.848147710164387,5.971565323015001,5.331480026423136,5.971565323015001
2026-05-20 17:00:00,1.3537493504769917,3.928993225097656,0,3.928993225097656,0,0.7790000000004511,35,30.899999618530273,18.566666920979817,18.600000381469727,17.600000381469727,17.600000381469727,15.6,15.678997039794922,9.846273422241213,NA,75,0,0,23.917593002319336,0,17.944443384806316,5.963133356730142,5.2440000438690175,5.963133356730142
2026-05-20 17:15:00,1.1350878515016074,4.006586074829102,2.3997843265533447,6.406370401382446,0,1.2250000000003638,35,28.5,18.700000762939453,18.733333587646484,17.799999872843426,17.799999872843426,15.4,16.254653930664062,9.348137855529783,NA,75,0,0,23.741591135660805,0,18.060495376586914,5.975400070190429,5.2669999853769935,5.710038045525497
2026-05-20 17:30:00,0.9129537944515552,4.06287956237793,2.371530294418335,6.434409856796265,0,1.0829999999987194,34.900001525878906,27.133333206176758,18.833332697550457,18.833332697550457,17.833333333333332,17.833333333333332,15.2,15.889636039733888,9.908093452453612,NA,75,0,0,23.57685152689616,0,18.174074808756508,5.9928731953430185,5.275416596730549,5.728440233127742
2026-05-20 17:45:00,0.6398645168111177,3.958316564559937,2.435046911239624,6.3933634757995605,0,0.8760000000002037,34.900001525878906,26.633333206176758,18.933333079020183,18.933333079020183,17.733333587646484,17.733333587646484,15.1,15.76629638671875,9.88253402709961,NA,75,0,0,23.41211446126302,0,18.262963612874348,6,5.263906626154581,5.71964336093967
2026-05-20 18:00:00,0.42855021965687196,3.945032358169556,2.4509761333465576,6.396008491516113,0,0.4719999999997526,34.79999923706055,26.200000127156574,19.066666920979817,19.066666920979817,18.03333346048991,18.03333346048991,14.9,15.677038192749023,8.989314079284668,NA,75,0,0,23.25547917683919,0,18.36913553873698,6,5.303040049769084,5.732922148840134
2026-05-20 18:15:00,0.2811675443194011,3.923285007476806,2.365410804748535,6.288695812225342,0,0.3010000000012951,34.53333409627279,26,19.166667302449543,19.133333841959637,17.833333333333332,17.833333333333332,14.8,15.656046867370604,9.303136825561523,NA,75,0,0,23.10964584350586,0,18.44814936319987,6,5.292222187254163,5.733778618712063
2026-05-20 18:30:00,0.17673492937913474,3.9150779247283936,2.314321517944336,6.2293994426727295,0.05099999999947613,0.12299999999959255,32.70000012715658,25.899999618530273,19.266666412353516,19.233333587646484,17.700000127156574,17.700000127156574,14.6,15.708345413208008,9.44466495513916,NA,75,0,0,22.980324427286785,0,18.5370356241862,6,5.360610009104411,5.762456392802289
2026-05-20 18:45:00,0.09024995669846612,3.93401837348938,0,3.93401837348938,0.6129999999975553,0,31.133333206176758,26.6999994913737,19.366666158040363,19.333332697550457,17.566666920979817,17.566666920979817,14.5,15.710063934326172,NA,NA,75,0,0,22.848303476969402,0,18.60370381673177,6,5.416357813801236,6
2026-05-20 19:00:00,0.02803633729757939,3.9280691146850586,0,3.9280691146850586,0.794000000001688,0,31.96666717529297,28.233332951863606,19.433333079020183,19.399999618530273,17.333332697550457,17.333332697550457,14.3,15.65015983581543,NA,NA,75,0,0,22.715511322021484,0,18.680248260498047,6,5.3508443463431465,6
2026-05-20 19:15:00,0.001608342687214463,3.8900203704833984,0,3.8900203704833984,0.7750000000014552,0,33.166666666666664,29.633333841959637,19.53333346048991,19.5,17.233333587646484,17.233333587646484,14.2,15.843061447143556,NA,NA,75,0,0,22.58611234029134,0,18.74691327412923,6,5.284761140823364,6
2026-05-20 19:30:00,0,3.966638803482056,0,3.966638803482056,0.6549999999988358,0,34,30.733332951863606,19.600000381469727,19.600000381469727,17.299999872843426,17.299999872843426,14.2,15.781889915466309,NA,NA,75,0,0,22.47808774312337,0,18.813581466674805,6,5.254799985249837,6
2026-05-20 19:45:00,0,3.9548003673553462,0,3.9548003673553462,0.580999999998312,0,34.53333409627279,31.53333346048991,19.700000762939453,19.666667302449543,17.266666412353516,17.266666412353516,14.1,15.775371551513672,NA,NA,75,0,0,22.383642196655273,0,18.8629633585612,6,5.2267910472106935,6
2026-05-20 20:00:00,0,3.9530181884765625,0,3.9530181884765625,0.3150000000023283,0,34.96666717529297,31.133333206176758,19.766666412353516,19.733333587646484,17.100000381469727,17.100000381469727,14,15.81924819946289,9.614534378051758,NA,75,0,0,22.273456573486328,0,18.926157633463543,6,5.18800335427602,6
2026-05-20 20:15:00,0,3.966588735580444,0,3.966588735580444,0.08000000000174623,0,35,28.733333587646484,19.799999237060547,19.799999237060547,16.899999618530273,16.899999618530273,13.8,15.87274932861328,9.552375793457031,NA,75,0,0,22.176390329996746,0,18.969444274902344,6,5.163499956130981,6
2026-05-20 20:30:00,0,3.98669958114624,2.3999204635620117,6.386620044708252,0.07800000000133878,0,34.96666717529297,27.700000127156574,19.899999618530273,19.866666158040363,16.799999872843426,16.799999872843426,13.6,15.922903060913086,9.892334938049316,NA,75,0,0,22.08456865946452,0,19.015277862548828,6,5.15349329591963,5.681905491880922
2026-05-20 20:45:00,0,3.992635488510132,2.4371211528778076,6.4297566413879395,0.07699999999749707,0,34.900001525878906,27.133333206176758,19.933333079020183,19.899999618530273,16.666666666666668,16.666666666666668,13.4,15.899177551269531,9.147723197937012,NA,75,0,0,21.987502415974934,0,19.0730717976888,6,5.141133265177409,5.674456996791188
2026-05-20 21:00:00,0,3.995198011398315,2.422877311706543,6.418075323104858,0.07800000000133878,0,34.900001525878906,26.799999872843426,20,20,16.53333346048991,16.53333346048991,13.2,15.920694351196287,9.187543869018556,NA,75,0,0,21.90617243448893,0,19.110493977864582,6,5.125786613349915,5.669977107859812
2026-05-20 21:15:00,0,3.994805812835694,2.3851840496063232,6.379989862442017,0.07899999999790452,0,34.79999923706055,26.5,20.03333346048991,20,16.366666158040363,16.366666158040363,12.9,16.063865661621094,9.61057949066162,NA,75,0,0,21.81960105895996,0,19.145063400268555,6,5.11103997525533,5.667658833716854
2026-05-20 21:30:00,0,4.023992538452148,2.3966634273529053,6.420655965805054,0.07699999999749707,0,34.666666666666664,26.333332697550457,20.100000381469727,20.100000381469727,16.299999237060547,16.299999237060547,12.6,16.102985382080078,9.219605445861816,NA,75,0,0,21.73564847310384,0,19.164816538492836,6,5.109266578674316,5.667512443310841
2026-05-20 21:45:00,0,4.033079624176025,2.3889729976654053,6.422052621841431,0.07600000000093132,0,34.36666615804037,26.233333587646484,20.100000381469727,20.100000381469727,16.166667302449543,16.166667302449543,12.3,16.2251033782959,9.664545059204102,NA,75,0,0,21.66481653849284,0,19.209259033203125,6,5.107138984870911,5.667859953598464
2026-05-20 22:00:00,0,4.061193943023682,2.4142632484436035,6.475457191467285,0.13200000000506407,0,32.86666615804037,26.133333841959637,20.166667302449543,20.166667302449543,15.96666653951009,15.96666653951009,12,16.318466186523438,9.414942741394045,NA,75,0,0,21.57561683654785,0,19.209260304768883,6,5.1499622296905505,5.683077983844716
2026-05-20 22:15:00,0,4.0613017082214355,0,4.0613017082214355,0.8369999999995343,0,31.599999745686848,26.766666412353516,20.200000762939453,20.200000762939453,15.933333079020182,15.933333079020182,11.8,16.246562957763672,NA,NA,75,0,0,21.494290033976235,0,19.229012171427406,6,5.201706647728815,6
2026-05-20 22:30:00,0,4.06530237197876,0,4.06530237197876,0.8689999999987776,0,32.5,28.866666793823242,20.200000762939453,20.200000762939453,15.833333333333332,15.833333333333332,11.7,15.95048713684082,NA,NA,75,0,0,21.420834223429363,0,19.256714502970375,6,5.150416666666667,6
2026-05-20 22:45:00,0,3.9945452213287354,0,3.9945452213287354,0.7330000000001746,0,33.666666666666664,30.599999745686848,20.233333587646484,20.266666412353516,15.699999809265137,15.699999809265137,11.6,16.056333541870117,NA,NA,75,0,0,21.35787010192871,0,19.269446690877277,6,5.083766644477844,6
2026-05-20 23:00:00,0,4.0031304359436035,0,4.0031304359436035,0.5950000000011642,0,34.46666717529297,32.29999923706055,20.299999237060547,20.299999237060547,15.5,15.5,11.4,15.929741859436035,NA,NA,75,0,0,21.30015500386556,0,19.305094401041668,6,5.025699977874756,6
2026-05-20 23:15:00,0,4.001029968261719,0,4.001029968261719,0.2569999999977881,0,34.96666717529297,31.333332697550457,20.299999237060547,20.299999237060547,15.46666653951009,15.46666653951009,11.4,16.02768325805664,9.881355285644531,NA,75,0,0,21.230093638102215,0,19.302548090616863,6,5.00011551882002,6
2026-05-20 23:30:00,0,4.006555557250977,0,4.006555557250977,0.07800000000133878,0,35,28.899999618530273,20.299999237060547,20.333332697550457,15.066666920979818,15.066666920979818,11.5,16.03448486328125,9.74277687072754,NA,75,0,0,21.168983459472656,0,19.322917302449543,6,4.952666695912679,6
2026-05-20 23:45:00,0,4.0048017501831055,2.4093611240386963,6.414162874221802,0.08099999999831198,0,34.93333435058594,27.666666666666668,20.333332697550457,20.399999618530273,14.733333587646484,14.733333587646484,11.6,15.956998825073242,9.710512161254885,NA,75,0,0,21.11805597941081,0,19.345834732055664,6,4.9171822080145935,5.593259612581387
2026-05-21 00:00:00,0,3.994488477706909,2.4778635501861572,6.472352027893066,0.07699999999749707,0,34.900001525878906,27,20.399999618530273,20.399999618530273,14.400000095367432,14.400000095367432,11.6,15.966347694396973,9.902132987976074,NA,75,0,0,21.05648136138916,0,19.35347270965576,6,4.880239946279525,5.57131308524149
2026-05-21 00:15:00,0,3.995727062225342,2.466024160385132,6.461751222610474,0.07700000000477303,0,34.900001525878906,26.700000127156574,20.399999618530273,20.399999618530273,14.066666920979818,14.066666920979818,11.4,16.02396011352539,10.29680347442627,NA,75,0,0,21.00138982137044,0,19.368751525878906,6,4.841873298416137,5.558019439544568
2026-05-21 00:30:00,0,4.001626014709473,2.482734203338623,6.484360218048096,0.07699999999749707,0,34.79999923706055,26.46666653951009,20.399999618530273,20.399999618530273,13.766666730244955,13.766666730244955,11.2,16.020740509033203,10.10154151916504,NA,75,0,0,20.938426971435543,0,19.353472391764324,6,4.8115200391896575,5.54495435949507
2026-05-21 00:45:00,0,4.006916046142578,2.496227264404297,6.503143310546875,0.07699999999749707,0,34.79999923706055,26.266666412353516,20.399999618530273,20.399999618530273,13.433333079020182,13.433333079020182,11,16.094276428222656,10.26916790008545,NA,75,0,0,20.891435623168945,0,19.361112594604496,6,4.773120002314251,5.5290629232468955
2026-05-21 01:00:00,0,4.033559799194336,2.509329319000244,6.54288911819458,0.07700000000477303,0,34.63333384195963,26.133333841959637,20.399999618530273,20.399999618530273,13.200000127156576,13.200000127156576,10.8,16.128023147583008,10.044751167297363,NA,75,0,0,20.829862594604492,0,19.35347366333008,6,4.753106660380894,5.521791374077921
2026-05-21 01:15:00,0,4.037378787994385,2.4491326808929443,6.486511468887329,0.07699999999749707,0,33.86666742960612,26.03333346048991,20.399999618530273,20.399999618530273,12.933333396911621,12.933333396911621,10.6,16.094219207763672,10.07509994506836,NA,75,0,0,20.76875114440918,0,19.348379770914715,6,4.753724420598348,5.529439781991945
2026-05-21 01:30:00,0,4.011203765869141,2.518829107284546,6.5300328731536865,0.5350000000034925,0,31.633333206176758,26.099999745686848,20.399999618530273,20.399999618530273,12.666666666666666,12.666666666666666,10.4,16.058427810668945,NA,NA,75,0,0,20.717824935913086,0,19.34583409627279,6,4.813577782948811,5.542361444132462
2026-05-21 01:45:00,0,4.0094804763793945,0,4.0094804763793945,0.9619999999995343,0,31.66666603088379,27.53333346048991,20.399999618530273,20.399999618530273,12.333333333333332,12.333333333333332,10.3,16.021909713745117,NA,NA,75,0,0,20.65416717529297,0,19.340740203857422,6,4.77277780342102,6
2026-05-21 02:00:00,0,4.009410858154297,0,4.009410858154297,0.9259999999994761,0,32.800000508626304,29.700000127156574,20.333332697550457,20.399999618530273,12.166666666666668,12.166666666666668,10.1,16.126440048217773,NA,NA,75,0,0,20.598147710164387,0,19.333102544148765,6,4.70753331290351,6
2026-05-21 02:15:00,0,4.039549350738525,0,4.039549350738525,0.7619999999951688,0,33.90000025431315,31.100000381469727,20.299999237060547,20.399999618530273,12.100000381469728,12.100000381469728,10,16.137880325317383,NA,NA,75,0,0,20.539583841959637,0,19.307640075683594,6,4.655610034090678,6
2026-05-21 02:30:00,0,4.034729480743408,0,4.034729480743408,0.6209999999991851,0,34.59999974568685,32.333333333333336,20.299999237060547,20.399999618530273,11.933333079020182,11.933333079020182,9.8,16.09151840209961,NA,NA,75,0,0,20.48611005147298,0,19.305094401041668,6,4.6083066474745005,6
2026-05-21 02:45:00,0,4.033668518066406,0,4.033668518066406,0.28200000000651926,0,34.93333435058594,32.13333320617676,20.299999237060547,20.399999618530273,11.633333206176758,11.633333206176758,9.7,16.078041076660156,10.514699935913086,NA,75,0,0,20.432640075683594,0,19.292362848917644,6,4.560475500606961,6
2026-05-21 03:00:00,0,4.026972770690918,0,4.026972770690918,0.07699999999749707,0,34.93333435058594,29.299999237060547,20.299999237060547,20.399999618530273,11.366666475931803,11.366666475931803,9.6,16.12465476989746,9.46082878112793,NA,75,0,0,20.3817138671875,0,19.274538040161133,6,4.5297910491180415,6
2026-05-21 03:15:00,0,4.029450416564941,2.39715576171875,6.426606178283691,0.07800000000133878,0,34.900001525878906,28.03333346048991,20.299999237060547,20.366666158040363,11.300000190734863,11.300000190734863,9.5,16.186935424804688,9.461809158325195,NA,75,0,0,20.333333333333332,0,19.251774470011394,6,4.523429961986541,5.449232102292827
2026-05-21 03:30:00,0,4.039154529571533,2.3883941173553467,6.42754864692688,0.07600000000093132,0,34.900001525878906,27.200000127156574,20.299999237060547,20.299999237060547,11.100000063578289,11.100000063578289,9.3,16.16598129272461,9.79236888885498,NA,75,0,0,20.272223790486652,0,19.24675941467285,6,4.500409947655996,5.442771691634658
2026-05-21 03:45:00,0,4.036434650421143,2.509145021438598,6.545579671859741,0.059999999997671694,0,34.833333333333336,26.633333206176758,20.266666412353516,20.299999237060547,10.899999618530272,10.899999618530272,9.2,16.0502872467041,9.507572174072266,NA,75,0,0,20.218751271565754,0,19.2240727742513,6,4.479983289400736,5.417325500092798
2026-05-21 04:00:00,0.19131967329273863,4.018640518188477,2.464564085006714,6.48320460319519,9.99999996565748e-4,0.02200000000084401,34.79999923706055,26.333332697550457,20.200000762939453,20.299999237060547,10.833333333333332,10.833333333333332,9.1,16.08305549621582,9.445595741271973,NA,75,0,0,20.17801030476888,0,19.19444529215495,6,4.473600029627482,5.419745206794585
2026-05-21 04:15:00,0.3650937899976831,3.997076749801636,2.4534645080566406,6.450541257858276,0,0.12599999999838474,34.70000076293945,26.233333587646484,20.200000762939453,20.299999237060547,11.066666920979818,11.066666920979818,9.3,15.956792831420898,10.179927825927734,NA,75,0,0,20.124537785847984,0,19.174692153930664,6,4.504386666183472,5.4311432040179755
2026-05-21 04:30:00,0.5835359695157202,3.987607717514038,2.529113292694092,6.51672101020813,0,0.2360000000007858,34.46666590372721,26.100000381469727,20.200000762939453,20.233333587646484,11.133333524068197,11.133333524068197,9.6,15.922122955322266,10.158334732055664,NA,75,0,0,20.06597391764323,0,19.157408396402992,6,4.5212044963370435,5.426085394843258
2026-05-21 04:45:00,0.807314922495878,3.95834755897522,2.4497692584991455,6.408116817474365,0.03500000000349246,0.29500000000007276,32.566667556762695,25.96666653951009,20.200000762939453,20.200000762939453,11.366666475931803,11.366666475931803,9.8,15.80471420288086,10.88093376159668,NA,75,0,0,20.012500127156574,0,19.1129633585612,6,4.622958831450144,5.47356872252982
2026-05-21 05:00:00,1.1698134322482832,3.9432601928710938,0,3.9432601928710938,0.06799999999930151,0.0059999999994033715,30.96666653951009,26.900000254313152,20.100000381469727,20.200000762939453,11.233333269755045,11.233333269755045,10.1,15.88747215270996,NA,NA,75,0,0,19.953935623168945,0,19.110493977864582,6,4.670074441865285,6
2026-05-21 05:15:00,1.6144105255344086,3.956198215484619,0,3.956198215484619,0.03899999999703141,0.08899999999994179,31.700000127156574,28.100000381469727,20.100000381469727,20.200000762939453,11.666666666666666,11.666666666666666,10.6,15.794235229492188,NA,NA,75,0,0,19.900463740030926,0,19.06110954284668,6,4.69256666162279,6
2026-05-21 05:30:00,2.068840441158277,3.9542157649993896,0,3.9542157649993896,0,0.29900000000088767,32.90000025431315,29.133333206176758,20.100000381469727,20.200000762939453,12.033333142598469,12.033333142598469,11.1,15.761513710021973,NA,NA,75,0,0,19.85972277323405,0,19.02800941467285,6,4.687903300817278,6
2026-05-21 05:45:00,2.4796623380128984,3.932092666625977,0,3.932092666625977,0,0.5259999999998399,33.90000025431315,30.133333206176758,20.100000381469727,20.100000381469727,12.699999809265137,12.699999809265137,11.7,15.715561866760254,NA,NA,75,0,0,19.813889185587566,0,19.022916158040363,6,4.725269967505137,6
2026-05-21 06:00:00,2.835106071887295,3.956677913665771,0,3.956677913665771,0,1.1640000000006694,34.46666590372721,31.43333371480306,20.100000381469727,20.100000381469727,13.53333346048991,13.53333346048991,12.2,16.006420135498047,NA,NA,75,0,0,19.770601908365887,0,18.999999999999996,6,4.798484490822687,6
2026-05-21 06:15:00,3.2288576043117083,4.007867336273193,0,4.007867336273193,0,1.8999999999996362,34.93333307902018,31.53333282470703,20.100000381469727,20.100000381469727,14.533333142598469,14.533333142598469,12.5,15.95917510986328,9.893430709838867,NA,75,0,0,19.74004618326823,0,19.002545674641926,6,4.8941688777584504,6
2026-05-21 06:30:00,3.783260639243112,3.998739004135132,0,3.998739004135132,0,2.0829999999987194,34.96666717529297,28.833333333333332,20.100000381469727,20.100000381469727,14.899999936421711,14.899999936421711,12.8,15.959516525268556,10.151910781860352,NA,75,0,0,19.722222646077473,0,18.994908014933266,6,4.934929970866309,6
2026-05-21 06:45:00,4.482122090080687,3.9923501014709473,2.4940526485443115,6.486402750015259,0,2.975000000000364,34.93333435058594,27.53333346048991,20.100000381469727,20.100000381469727,15.600000063578287,15.600000063578287,13.2,15.97103500366211,10.423528671264648,NA,75,0,0,19.691666920979817,0,18.99236234029134,6,5.016906629630195,5.621995932316815
2026-05-21 07:00:00,5.1133965948123645,3.987687349319458,2.484546899795532,6.47223424911499,0,3.1640000000006694,34.900001525878906,26.933333079020183,20.100000381469727,20.100000381469727,16.299999872843426,16.299999872843426,13.5,15.91069221496582,10.268577575683594,NA,75,0,0,19.678937276204426,0,18.994908014933266,6,5.098929917767843,5.654099219351565
2026-05-21 07:15:00,5.836602505415504,3.991177558898926,2.532796859741211,6.523974418640137,0,3.815999999998894,34.833333333333336,26.600000381469727,20.100000381469727,20.100000381469727,17.366666158040363,17.366666158040363,13.8,16.130399703979492,10.30634880065918,NA,75,0,0,19.66111119588216,0,19.012732187906902,6,5.224727719200982,5.699016723204525
2026-05-21 07:30:00,6.2797009157430885,4.046554088592529,2.546799659729004,6.593353748321533,0,4.3880000000008295,34.766666412353516,26.366666158040363,20.100000381469727,20.100000381469727,18.03333282470703,18.03333282470703,14.2,16.303495407104492,10.3858060836792,NA,75,0,0,19.65601984659831,0,19.007638931274414,6,5.304574397540622,5.7313795444145175
2026-05-21 07:45:00,6.687013701280152,4.0837273597717285,2.54087233543396,6.6245996952056885,0,4.808000000000902,34.53333409627279,26.233333587646484,20.100000381469727,20.100000381469727,18.266667048136394,18.266667048136394,14.5,16.28750228881836,10.229898452758787,NA,75,0,0,19.64838155110677,0,19,6,5.34225778652615,5.7477222668605465
2026-05-21 08:00:00,6.966243923726317,4.05617618560791,2.5602314472198486,6.616407632827759,0,3.7739999999994325,33.46666590372721,26.066666920979817,20.100000381469727,20.100000381469727,18.666666666666668,18.666666666666668,14.8,16.119508743286133,10.189838409423828,NA,75,0,0,19.645835876464844,0,19.02291742960612,6,5.438222257826063,5.782619040168301
2026-05-21 08:15:00,7.330825968323523,4.005624294281006,0,4.005624294281006,0,2.701999999999316,31.333333333333332,26.366666793823242,20.100000381469727,20.166667302449543,18.53333346048991,18.53333346048991,15.2,15.965046882629396,NA,NA,75,0,0,19.64838155110677,0,19.038196563720703,6,5.5,6
2026-05-21 08:30:00,7.650995822807874,3.9921255111694336,0,3.9921255111694336,0,2.970999999999549,32.199999491373696,28.166666666666668,20.100000381469727,20.200000762939453,18.6999994913737,18.6999994913737,15.6,15.953767776489258,NA,NA,75,0,0,19.66111119588216,0,19.063579559326172,6,5.5,6
2026-05-21 08:45:00,7.804702209165529,4.003280162811279,0,4.003280162811279,0,4.21900000000096,33.40000025431315,30.03333346048991,20.133333841959637,20.200000762939453,19.266666412353516,19.266666412353516,15.9,16.037137985229492,NA,NA,75,0,0,19.66874885559082,0,19.0907408396403,6,5.5,6
2026-05-21 09:00:00,7.881098486808217,4.000032424926758,0,4.000032424926758,0,4.781999999999243,34.36666615804037,31.766667048136394,20.200000762939453,20.200000762939453,19.33333396911621,19.33333396911621,16.3,15.981489181518556,NA,NA,75,0,0,19.684027989705402,0,19.11543337504069,6,5.473311208703783,6
2026-05-21 09:15:00,7.965828903830106,4.006868362426758,0,4.006868362426758,0,5.40900000000147,34.96666717529297,31.733332951863606,20.200000762939453,20.200000762939453,19.96666653951009,19.96666653951009,16.5,16.13905906677246,10.254335403442385,NA,75,0,0,19.719676335652668,0,19.137653986612957,6,5.5,6
2026-05-21 09:30:00,8.004502234809035,4.009624481201172,0,4.009624481201172,0,4.841999999998734,34.96666717529297,29.03333346048991,20.233333587646484,20.299999237060547,20.099999745686848,20.099999745686848,16.8,16.142309188842773,8.994298934936523,NA,75,0,0,19.747685114542644,0,19.182100931803387,6,5.5,6
2026-05-21 09:45:00,8.203534642351825,4.00740909576416,2.410522699356079,6.417931795120239,0,5.822000000000116,34.900001525878906,27.766667048136394,20.299999237060547,20.299999237060547,20.633333841959637,20.633333841959637,17,16.0710391998291,9.50701141357422,NA,75,0,0,19.783334732055664,0,19.21666653951009,6,5.5,5.812204088769775
2026-05-21 10:00:00,8.404065732853155,4.020247459411621,2.3868918418884277,6.407139301300049,0,5.647000000000844,34.900001525878906,27.133333206176758,20.299999237060547,20.299999237060547,21.200000127156574,21.200000127156574,17.2,16.28173828125,10.101715087890623,NA,75,0,0,19.821528116861977,0,19.254166285196938,6,5.5,5.813731859911012
2026-05-21 10:15:00,8.544905377713095,4.092470645904541,2.485544443130493,6.578015089035034,0,4.174999999999272,34.900001525878906,26.733333587646484,20.399999618530273,20.399999618530273,20.96666717529297,20.96666717529297,17.3,16.421722412109375,9.755688667297363,NA,75,0,0,19.864816665649414,0,19.305094401041668,6,5.5,5.811071849981488
2026-05-21 10:30:00,8.671269938388104,4.114935398101807,2.4600989818573,6.5750343799591064,0,4.977000000000771,34.79999923706055,26.53333346048991,20.399999618530273,20.399999618530273,21.03333346048991,21.03333346048991,17.4,16.53411865234375,9.239648818969728,NA,75,0,0,19.91319529215495,0,19.348379135131836,6,5.5,5.812921207731191
2026-05-21 10:45:00,8.649484205624926,4.120213985443115,2.355942487716675,6.47615647315979,0,6.18999999999869,34.79999923706055,26.399999618530273,20.5,20.399999618530273,21.1999994913737,21.1999994913737,17.4,16.53336524963379,9.305394172668455,NA,75,0,0,19.953934351603188,0,19.40949058532715,6,5.5,5.818106426436668
2026-05-21 11:00:00,8.589792759983535,4.1595458984375,2.4094271659851074,6.568973064422607,0,5.916000000001077,34.666666666666664,26.333332697550457,20.5,20.5,21.333333333333332,21.333333333333332,17.5,16.637441635131836,9.783732414245604,NA,75,0,0,20.002315521240234,0,19.44421323140462,6,5.5,5.816605492033869
2026-05-21 11:15:00,8.477208771878523,4.140084743499756,2.4600770473480225,6.600161790847778,0,5.618000000000393,34.333333333333336,26.266666412353516,20.566666920979817,20.5,22.099999745686848,22.099999745686848,17.9,16.62661361694336,9.3941192626953125,NA,75,0,0,20.05578867594401,0,19.488889694213867,6,5.5,5.813635095221504
2026-05-21 11:30:00,8.48656640205868,4.1400909423828125,2.452009916305542,6.5921008586883545,0,4.533999999999651,32.333333333333336,26.166667302449543,20.600000381469727,20.53333346048991,22.06666628519694,22.06666628519694,18.2,16.435579299926758,10.024046897888184,NA,75,0,0,20.096528371175133,0,19.54321225484212,6,5.5,5.814019083683026
2026-05-21 11:45:00,8.56837255964927,4.090330123901367,0,4.090330123901367,0,3.9830000000001746,31.46666653951009,26.899999618530273,20.666667302449543,20.600000381469727,22.00000063578288,22.00000063578288,18.6,16.33487892150879,NA,NA,75,0,0,20.150000254313152,0,19.585185368855793,6,5.5,6
2026-05-21 12:00:00,8.727415719469045,4.064333915710449,0,4.064333915710449,0,4.9759999999987485,32.5,28.833333333333332,20.700000762939453,20.600000381469727,22.03333346048991,22.03333346048991,19,16.26063346862793,NA,NA,75,0,0,20.203474044799805,0,19.630557378133137,6,5.5,6
2026-05-21 12:15:00,8.740794206367239,4.061704635620117,0,4.061704635620117,0,5.477000000000771,33.733333587646484,30.799999872843426,20.766666412353516,20.700000762939453,22.96666653951009,22.96666653951009,19,16.158720016479492,NA,NA,75,0,0,20.246760050455727,0,19.68402926127116,6,5.5,6
2026-05-21 12:30:00,8.786997505381763,4.059811115264893,0,4.059811115264893,0,5.755999999999403,34.59999974568685,32.29999923706055,20.833332697550457,20.733333587646484,23.633333206176758,23.633333206176758,18.9,16.284704208374023,NA,NA,75,0,0,20.29768435160319,0,19.734954198201496,6,5.5,6
2026-05-21 12:45:00,8.846213758865568,4.073849201202393,0,4.073849201202393,0,6.452000000001135,35,30.433333079020183,20.899999618530273,20.799999237060547,24.06666628519694,24.06666628519694,18.9,16.252004623413086,9.393527030944824,NA,75,0,0,20.366434733072918,0,19.793519337972004,6,5.5,6
2026-05-21 13:00:00,8.789702445355715,4.032930850982666,2.3369436264038086,6.369874477386475,0,5.875,35,28.666666666666668,21,20.866666158040363,23.96666653951009,23.96666653951009,18.8,16.199020385742188,9.302845001220703,NA,75,0,0,20.419907251993816,0,19.852083841959637,6,5.5,5.816562819667787
2026-05-21 13:15:00,8.524252795479546,4.061462879180908,2.3171989917755127,6.378661870956421,0,7.2369999999991705,35,27.633333206176758,21.03333346048991,20.899999618530273,24.46666717529297,24.46666717529297,18.9,16.292510986328125,9.039295196533203,NA,75,0,0,20.48611323038737,0,19.920834223429363,6,5.5,5.818363236784326
2026-05-21 13:30:00,8.382389659818651,4.075608253479004,2.306406736373902,6.382014989852905,0,5.185999999999694,34.96666717529297,27.099999745686848,21.100000381469727,21,25.166666666666668,25.166666666666668,19,16.185644149780273,8.758840560913086,NA,75,0,0,20.552316665649414,0,19.992129643758137,6,5.5,5.819304189974407
2026-05-21 13:45:00,8.278432237035972,4.0441155433654785,2.287242889404297,6.331358432769775,0,7.356999999999971,34.900001525878906,26.700000127156574,21.200000762939453,21.03333346048991,25.233333587646484,25.233333587646484,19,16.254899978637695,9.736798286437988,NA,75,0,0,20.60833485921224,0,20.04560343424479,6,5.5,5.8193718683208635
2026-05-21 14:00:00,7.988711233880021,4.083981990814209,2.3572168350219727,6.441198825836182,0,7.283999999999651,34.833333333333336,26.399999618530273,21.266666412353516,21.100000381469727,24.933333079020183,24.933333079020183,19.1,16.338478088378906,8.813241004943848,NA,75,0,0,20.67708396911621,0,20.119445164998375,6,5.5,5.817020332801483
2026-05-21 14:15:00,7.632901967576712,4.089226245880127,2.285903215408325,6.375129461288452,0,5.436000000001513,34.699999491373696,26.200000127156574,21.333332697550457,21.166667302449543,24.866666793823242,24.866666793823242,19.2,16.33441162109375,9.314451217651367,NA,75,0,0,20.740741729736328,0,20.203473409016926,6,5.5,5.8207171141159595
2026-05-21 14:30:00,7.3961831666130555,4.086935997009277,2.2949044704437256,6.381840467453003,0,2.9169999999994616,33.70000076293945,26.03333346048991,21.399999618530273,21.200000762939453,24.93333371480306,24.93333371480306,19.2,16.272586822509766,9.28921127319336,NA,75,0,0,20.794213612874348,0,20.251853307088215,6,5.5,5.8202004200710125
2026-05-21 14:45:00,6.9323956208090305,4.094118118286133,0,4.094118118286133,0,4.8619999999991705,31.233333587646484,26.133333206176758,21.46666653951009,21.299999237060547,25.266666412353516,25.266666412353516,19.3,16.462806701660156,NA,NA,75,0,0,20.84513982137044,0,20.315510431925457,6,5.5,6
2026-05-21 15:00:00,6.523584152313427,4.133047580718994,0,4.133047580718994,0,5.103000000000975,32,27.75,21.5,21.299999237060547,26.15000057220459,26.15000057220459,19.4,16.643485069274902,NA,NA,75,0,0,20.891202926635742,0,20.38298797607422,6,5.5,6
2026-05-21 15:15:00,6.045723607996275,4.150404930114746,0,4.150404930114746,0,4.52100000000064,33.13333257039388,29.733333587646484,21.600000381469727,21.399999618530273,25.83333396911621,25.83333396911621,19.4,16.573123931884766,NA,NA,75,0,0,20.946298599243164,0,20.41736094156901,6,5.5,6
2026-05-21 15:30:00,5.559163391871009,4.131683826446533,0,4.131683826446533,0,4.507999999999811,34.233333587646484,31.566666920979817,21.666667302449543,21.46666653951009,25.700000127156574,25.700000127156574,19.4,16.575510025024414,NA,NA,75,0,0,20.98564910888672,0,20.488657633463543,6,5.5,6
2026-05-21 15:45:00,5.16493666728901,4.135226249694824,0,4.135226249694824,0,4.395999999998821,34.90000025431315,31.53333346048991,21.733333587646484,21.5,26.366666158040363,26.366666158040363,19.3,16.54368019104004,9.776568412780762,NA,75,0,0,21.048611958821613,0,20.55995432535807,6,5.5,6
2026-05-21 16:00:00,4.719900935088189,4.120480537414551,0,4.120480537414551,0,4.286000000000058,35,29.066666920979817,21.799999237060547,21.600000381469727,25.96666653951009,25.96666653951009,19.3,16.370332717895508,8.960882186889648,NA,75,0,0,21.11041768391927,0,20.613426844278973,6,5.5,6
2026-05-21 16:15:00,4.259293521415702,4.086141109466553,2.3417842388153076,6.42792534828186,0,3.7600000000002183,34.93333435058594,27.96666717529297,21.899999618530273,21.666667302449543,25.66666603088379,25.66666603088379,19.2,16.35013771057129,9.11334228515625,NA,75,0,0,21.161343256632485,0,20.69236119588216,6,5.5,5.817842918832182
2026-05-21 16:30:00,3.6780238529592384,4.062655925750732,2.3289735317230225,6.391629457473755,0,3.3150000000005093,34.900001525878906,27.266666412353516,21.96666653951009,21.700000762939453,26.03333346048991,26.03333346048991,19.1,16.17980194091797,8.557849884033203,NA,75,0,0,21.209723154703777,0,20.73310089111328,6,5.5,5.817810657891021
2026-05-21 16:45:00,3.149061875080136,4.032436847686768,2.2306103706359863,6.263047218322754,0,2.717000000000553,34.900001525878906,26.899999618530273,22,21.766666412353516,25.566666920979817,25.566666920979817,19.1,15.972200393676758,9.35173225402832,NA,75,0,0,21.255787531534832,0,20.77384312947591,6,5.5,5.821922916043945
2026-05-21 17:00:00,2.680193428514229,3.995884418487549,2.321891069412231,6.31777548789978,0,2.066999999999098,34.766666412353516,26.666667302449543,22.100000381469727,21.799999237060547,25.03333346048991,25.03333346048991,19,15.921045303344728,9.402915954589844,NA,75,0,0,21.29490852355957,0,20.82986068725586,6,5.5,5.816241406974712
2026-05-21 17:15:00,2.3100918442404463,3.985116481781006,2.242422580718994,6.2275390625,0,1.3209999999999127,34.199999491373696,26.600000381469727,22.100000381469727,21.899999618530273,24.233332951863606,24.233332951863606,18.8,15.877767562866213,9.119815826416016,NA,75,0,0,21.331635157267254,0,20.88857905069987,6,5.5,5.819959171816195
2026-05-21 17:30:00,1.9488361447463431,3.9623866081237793,2.2440543174743652,6.2064409255981445,0.09900000000197906,0.4359999999996944,31.599999745686848,26.566666920979817,22.200000762939453,21.899999618530273,23.299999872843426,23.299999872843426,18.5,15.684991836547852,NA,NA,75,0,0,21.365742365519207,0,20.93055725097656,6,5.5,5.819215687027739
2026-05-21 17:45:00,1.588055637409826,3.9237329959869385,0,3.9237329959869385,0.48700000000098953,0,31.733333587646484,27.83333396911621,22.200000762939453,21.96666653951009,22.53333282470703,22.53333282470703,18.2,15.903038024902344,NA,NA,75,0,0,21.39197540283203,0,20.959415435791016,6,5.5,6
2026-05-21 18:00:00,1.1263516264506015,3.981686592102051,0,3.981686592102051,0.5380000000004657,0,32.96666717529297,29.666666666666668,22.266666412353516,22,21.866666793823242,21.866666793823242,18,15.894601821899414,NA,NA,75,0,0,21.41296450297038,0,20.993518829345703,6,5.5,6
2026-05-21 18:15:00,0.7256549778768527,3.990837574005127,0,3.990837574005127,0.4179999999978463,0,34.03333282470703,31.1999994913737,22.299999237060547,22.066666920979817,21.200000127156574,21.200000127156574,17.4,15.97709846496582,NA,NA,75,0,0,21.441822052001953,0,21.03549321492513,6,5.5,6
2026-05-21 18:30:00,0.4397720652244819,3.9854681491851807,0,3.9854681491851807,0.3800000000046566,0,34.59999974568685,31.93333371480306,22.299999237060547,22.100000381469727,20.766667048136394,20.766667048136394,16.9,15.931368827819824,NA,NA,75,0,0,21.45231564839681,0,21.06412188212077,6,5.5,6
2026-05-21 18:45:00,0.19906896078568104,3.9770991802215576,0,3.9770991802215576,0.14599999999336433,0.03200000000106229,34.96666717529297,31.133333206176758,22.399999618530273,22.166667302449543,20.233333587646484,20.233333587646484,16.4,15.870400428771973,9.297779083251951,NA,75,0,0,21.478549321492512,0,21.095139821370445,6,5.5,6
2026-05-21 19:00:00,0.12132021315601825,3.956013441085815,0,3.956013441085815,0.006000000001222361,0.004999999999199645,34.96666717529297,29.166667302449543,22.399999618530273,22.200000762939453,19.633333841959637,19.633333841959637,15.8,15.776127815246582,8.74122428894043,NA,75,0,0,21.496913909912106,0,21.123149236043293,6,5.479421145392523,6
2026-05-21 19:15:00,0.027159059468189684,3.943143844604492,2.2725090980529785,6.215652942657471,0.040000000000873115,0,34.900001525878906,28.099999745686848,22.399999618530273,22.266666412353516,19.166666666666668,19.166666666666668,15.4,15.77348518371582,9.003125190734863,NA,75,0,0,21.502161026000977,0,21.138426462809246,6,5.428883261362712,5.791193620915281
2026-05-21 19:30:00,0,3.95225977897644,2.2711455821990967,6.223405361175537,0.08200000000215368,0,34.900001525878906,27.53333346048991,22.5,22.299999237060547,18.799999872843426,18.799999872843426,14.9,15.808633804321287,9.05890655517578,NA,75,0,0,21.517903010050457,0,21.171528498331703,6,5.386679913953146,5.7761773300853765
2026-05-21 19:45:00,0,3.947166204452514,2.275548219680786,6.222714424133301,0.08200000000215368,0,34.833333333333336,27.200000127156574,22.5,22.299999237060547,18.400000254313152,18.400000254313152,14.5,15.774909973144531,8.841864585876465,NA,75,0,0,21.533641179402668,0,21.181713740030922,6,5.343733362621731,5.760013673047511
2026-05-21 20:00:00,0,3.9531965255737305,2.294029951095581,6.2472264766693115,0.07999999999447027,0,34.733333587646484,27,22.5,22.333332697550457,18,18,14.1,15.778252601623535,9.5312652587890625,NA,75,0,0,21.523149490356445,0,21.174075444539387,6,5.302266654968261,5.743786911302393
2026-05-21 20:15:00,0,3.939093351364136,2.361684083938598,6.300777435302734,0.08200000000215368,0,34.29999923706055,26.75,22.5,22.399999618530273,17.600000381469727,17.600000381469727,13.9,15.737023830413818,9.6334228515625,NA,75,0,0,21.51527976989746,0,21.190625190734863,6,5.275920078926086,5.72859729729247
2026-05-21 20:30:00,0,3.943791627883911,2.363389253616333,6.307180881500244,0.2779999999984284,0,32.43333371480306,26.633333841959637,22.5,22.399999618530273,17.266666412353516,17.266666412353516,13.7,15.80832576751709,9.743318557739258,NA,75,0,0,21.517903010050457,0,21.194445927937824,6,5.321851063944499,5.745888069814847
2026-05-21 20:45:00,0,3.9576799869537354,0,3.9576799869537354,0.7660000000032596,0,31.56666628519694,27.866666158040363,22.5,22.399999618530273,16.733333587646484,16.733333587646484,13.5,15.821561813354492,NA,NA,75,0,0,21.504784901936848,0,21.196990966796875,6,5.297917824961345,6
2026-05-21 21:00:00,0,3.9704883098602295,0,3.9704883098602295,0.8059999999968568,0,32.56666692097982,29.666666666666668,22.5,22.399999618530273,16.5,16.5,13.3,16.00282096862793,NA,NA,75,0,0,21.49166679382324,0,21.212269465128582,6,5.225783322016398,6
2026-05-21 21:15:00,0,4.00211238861084,0,4.00211238861084,0.7030000000013388,0,33.666666666666664,31.366666158040363,22.5,22.399999618530273,16.066666920979817,16.066666920979817,13.2,15.993032455444336,NA,NA,75,0,0,21.478548685709637,0,21.18171501159668,6,5.126422251807319,6
2026-05-21 21:30:00,0,4.005000114440918,0,4.005000114440918,0.5939999999973224,0,34.46666717529297,32.46666590372721,22.5,22.399999618530273,15.899999936421711,15.899999936421711,13.1,16.0616455078125,NA,NA,75,0,0,21.46805763244629,0,21.196990966796875,6,5.071913303659227,6
2026-05-21 21:45:00,0,4.028335094451904,0,4.028335094451904,0.20100000000093132,0,35.03333282470703,31.533334096272785,22.5,22.399999618530273,15.53333346048991,15.53333346048991,12.9,16.14510726928711,9.781497955322266,NA,75,0,0,21.45231564839681,0,21.194445292154946,6,5.004882258983188,6
2026-05-21 22:00:00,0,4.03353214263916,2.3945653438568115,6.428097486495972,0.07800000000133878,0,35,29.233333587646484,22.5,22.433333079020183,15.333333333333334,15.333333333333334,12.8,16.283458709716797,9.82296371459961,NA,75,0,0,21.436574935913086,0,21.174076080322266,6,4.983333333333333,5.621276004079165
2026-05-21 22:15:00,0,4.050220489501953,2.415004253387451,6.465224742889404,0.07899999999790452,0,35,28.166666666666668,22.5,22.399999618530273,15,15,12.7,16.15047836303711,9.434414863586426,NA,75,0,0,21.41821034749349,0,21.174075444539387,6,4.944999999999999,5.605917877777425
2026-05-21 22:30:00,0,4.047577381134033,2.3894264698028564,6.43700385093689,0.07800000000133878,0,35,27.53333346048991,22.5,22.399999618530273,14.833333333333332,14.833333333333332,12.6,16.219690322875977,9.301839828491213,NA,75,0,0,21.39984639485677,0,21.156251271565754,6,4.925833333333332,5.60126755774122
2026-05-21 22:45:00,0,4.060518264770508,2.314141035079956,6.374659299850464,0.07900000000518048,0,34.900001525878906,27.166666666666668,22.5,22.399999618530273,14.700000127156576,14.700000127156576,12.5,16.25171661376953,9.67621898651123,NA,75,0,0,21.373613357543945,0,21.151158014933266,6,4.914769949480692,5.606037707384999
2026-05-21 23:00:00,0,4.05482816696167,2.388493776321411,6.443321943283081,0.07899999999790452,0,34.900001525878906,26.933333079020183,22.46666653951009,22.399999618530273,14.300000190734863,14.300000190734863,12.4,16.27313232421875,9.436078071594238,NA,75,0,0,21.342130025227867,0,21.115509033203125,6,4.868729957408904,5.580646213265123
2026-05-21 23:15:00,0,4.079934597015381,2.3637590408325195,6.4436936378479,0.08000000000174623,0,34.833333333333336,26.733333587646484,22.399999618530273,22.399999618530273,14.133333524068197,14.133333524068197,12.3,16.023086547851562,9.483732223510742,NA,75,0,0,21.32114028930664,0,21.09768549601237,6,4.852355577521854,5.579006229694099
2026-05-21 23:30:00,0,3.9848053455352783,2.3887791633605957,6.373584508895874,0.07899999999790452,0,34.53333282470703,26.566666920979817,22.399999618530273,22.399999618530273,13.899999618530272,13.899999618530272,12.2,15.841741561889648,9.415722846984863,NA,75,0,0,21.297531127929688,0,21.079862594604496,6,4.838053310597738,5.564509729696707
2026-05-21 23:45:00,0,3.9679384231567383,2.4196295738220215,6.38756799697876,0.16999999999825377,0,32.666666666666664,26.433333079020183,22.399999618530273,22.333332697550457,13.566666603088379,13.566666603088379,12.2,15.932750701904297,8.92696762084961,NA,75,0,0,21.250540415445965,0,21.06435267130534,6,4.877155548095703,5.574663213931396
2026-05-22 00:00:00,0,3.9792041778564458,0,3.9792041778564458,0.8810000000012224,0,31.600000381469727,27.450000762939453,22.299999237060547,22.299999237060547,13.199999809265137,13.199999809265137,12.1,15.974798202514648,NA,NA,75,0,0,21.209723472595215,0,20.993517875671387,6,4.878079961700439,6
2026-05-22 00:15:00,0,3.983232736587525,0,3.983232736587525,0.9369999999980791,0,32.5,28.900000254313152,22.299999237060547,22.299999237060547,13.100000063578289,13.100000063578289,11.9,16.002626419067383,NA,NA,75,0,0,21.17152976989746,0,20.996143341064453,6,4.829250007470449,6
2026-05-22 00:30:00,0,4.0034637451171875,0,4.0034637451171875,0.8230000000039581,0,33.56666692097982,30.866666793823242,22.299999237060547,22.266666412353516,12.899999936421711,12.899999936421711,11.8,16.033864974975586,NA,NA,75,0,0,21.140973409016926,0,20.959413528442383,6,4.762123315529293,6
2026-05-22 00:45:00,0,3.996710538864136,0,3.996710538864136,0.6679999999978463,0,34.40000025431315,31.93333371480306,22.200000762939453,22.200000762939453,12.600000063578287,12.600000063578287,11.6,15.985212326049805,NA,NA,75,0,0,21.100231806437176,0,20.938426971435543,6,4.693359997024536,6
2026-05-22 01:00:00,0,4.008408546447754,0,4.008408546447754,0.46300000000337604,0,34.90000025431315,32.23333422342936,22.200000762939453,22.200000762939453,12.46666653951009,12.46666653951009,11.4,16.04602813720703,NA,NA,75,0,0,21.06172879536947,0,20.904321034749348,6,4.657713308406406,6
2026-05-22 01:15:00,0,4.018124580383301,0,4.018124580383301,0.07899999999790452,0,35,30.03333346048991,22.200000762939453,22.200000762939453,12.266666730244955,12.266666730244955,11.2,16.019020080566406,9.614255905151367,NA,75,0,0,21.022376378377277,0,20.870601654052734,6,4.630666673978169,6
2026-05-22 01:30:00,0,4.01702356338501,2.474153518676758,6.491177082061768,0.07800000000133878,0,34.96666717529297,28.53333346048991,22.100000381469727,22.100000381469727,12.133333524068197,12.133333524068197,11.1,16.07893180847168,10.08930206298828,NA,75,0,0,20.98827298482259,0,20.85532506306966,6,4.616671112639109,5.472735377438808
2026-05-22 01:45:00,0,4.028670310974121,2.4833414554595947,6.512011766433716,0.07899999999790452,0,34.900001525878906,27.700000127156574,22.100000381469727,22.100000381469727,11.96666653951009,11.96666653951009,11,16.139217376708984,9.922788619995115,NA,75,0,0,20.9515438079834,0,20.80694643656413,6,4.600163257713318,5.466175317600847
2026-05-22 02:00:00,0,4.031238555908203,2.4920921325683594,6.5233306884765625,0.08000000000174623,0,34.900001525878906,27.233333587646484,22.066666920979817,22.066666920979817,11.866666475931803,11.866666475931803,10.8,16.071619033813477,9.832192420959473,NA,75,0,0,20.909568150838215,0,20.7789363861084,6,4.588653250548045,5.460826639243006
2026-05-22 02:15:00,0,4.014018535614014,2.478078842163086,6.4920973777771,0.07799999999406282,0,34.86666742960612,26.899999618530273,22,22,11.733333269755045,11.733333269755045,10.7,16.087371826171875,10.139768600463867,NA,75,0,0,20.860417048136394,0,20.728008270263672,6,4.574631073477004,5.455926740842762
2026-05-22 02:30:00,0,4.013205051422119,2.455956220626831,6.46916127204895,0.05200000000331784,0,34.79999923706055,26.75,22,22,11.599999904632568,11.599999904632568,10.5,16.034613609313965,9.917572975158691,NA,75,0,0,20.826041221618652,0,20.715280532836918,6,4.561920019226075,5.454046463519064
2026-05-22 03:00:00,0,4.017858028411865,2.487999200820923,6.505857229232788,0.1860000000015134,0,33.35000038146973,26.449999809265137,21.899999618530273,21.899999618530273,11.099999904632568,11.099999904632568,10.2,16.134628295898438,9.899306297302246,NA,75,0,0,20.711459159851074,0,20.6159725189209,6,4.561014973959923,5.449696870276512
2026-05-22 03:15:00,0,4.0277934074401855,0,4.0277934074401855,0.7079999999987194,0,31.400000254313152,26.766666412353516,21.799999237060547,21.799999237060547,11.233333269755045,11.233333269755045,10.1,16.10276222229004,NA,NA,75,0,0,20.671990076700848,0,20.580324808756508,6,4.653073315815395,6
2026-05-22 03:30:00,0,4.021817207336426,0,4.021817207336426,0.9830000000001746,0,32,28.299999872843426,21.766666412353516,21.799999237060547,11.333333333333332,11.333333333333332,10.1,16.060508728027344,NA,NA,75,0,0,20.621065775553387,0,20.537038167317707,6,4.641333333333333,6
2026-05-22 03:45:00,0,4.0278778076171875,0,4.0278778076171875,0.9259999999994761,0,33.06666692097982,29.600000381469727,21.700000762939453,21.700000762939453,11.166666666666668,11.166666666666668,10,16.087665557861328,NA,NA,75,0,0,20.575231552124023,0,20.481019973754883,6,4.5798888789282906,6
2026-05-22 04:00:00,0.1118894764900789,4.024947166442871,0,4.024947166442871,0.7300000000032014,0,34.03333282470703,30.866666793823242,21.700000762939453,21.700000762939453,11.166666666666668,11.166666666666668,9.9,15.992340087890623,NA,NA,75,0,0,20.531946182250977,0,20.437733332316082,6,4.542027797698975,6
2026-05-22 04:15:00,0.3319034454524392,3.9999759197235103,0,3.9999759197235103,0.5249999999941792,0,34.59999974568685,32.13333320617676,21.600000381469727,21.600000381469727,11.266666730244955,11.266666730244955,10.3,15.94046401977539,NA,NA,75,0,0,20.486111958821613,0,20.396992365519207,6,4.531373350656297,6
2026-05-22 04:30:00,0.6078438760383933,3.9740474224090576,0,3.9740474224090576,0.20100000000093132,0.05500000000029104,34.96666717529297,31.66666603088379,21.600000381469727,21.600000381469727,11.333333333333332,11.333333333333332,10.7,15.82814884185791,10.366928100585938,NA,75,0,0,20.450464248657227,0,20.351158142089844,6,4.524644424438476,6
2026-05-22 04:45:00,0.8912777214170512,3.94753098487854,0,3.94753098487854,0,0.10800000000017462,34.96666717529297,29.299999872843426,21.53333346048991,21.53333346048991,11.433333396911621,11.433333396911621,11,15.751519203186035,9.980263710021973,NA,75,0,0,20.41226895650228,0,20.325694402058918,6,4.53614776503457,6
2026-05-22 05:00:00,1.1843981761618871,4.028599262237549,2.5117812156677246,6.540380477905273,0,0.3500000000003638,34.93333435058594,28,21.5,21.5,11.333333333333334,11.333333333333334,11.4,16.16669273376465,10.22194480895996,NA,75,0,0,20.379168192545574,0,20.277315775553387,6,4.52595551554362,5.433904914305236
2026-05-22 05:15:00,1.5599827468693555,4.051146030426025,2.5171172618865967,6.568263292312622,0,0.5599999999994907,34.900001525878906,27.366666793823242,21.46666653951009,21.46666653951009,11.5,11.5,12.1,16.193809509277344,10.221038818359377,NA,75,0,0,20.335879643758137,0,20.23912175496419,6,4.5464499397277836,5.442964481644693
2026-05-22 05:30:00,2.104552959463016,4.051032543182373,2.5403308868408203,6.591363430023193,0,0.8189999999995052,34.833333333333336,27.03333346048991,21.399999618530273,21.399999618530273,11.566666603088379,11.566666603088379,12.7,16.249958038330078,9.9388580322265625,NA,75,0,0,20.31041717529297,0,20.223843892415363,6,4.556761103789012,5.443771477015655
2026-05-22 05:45:00,2.50481096912207,4.068569183349609,2.5416102409362793,6.610179424285889,0,1.533000000001266,34.733333587646484,26.799999872843426,21.399999618530273,21.399999618530273,12.899999936421713,12.899999936421713,13.3,16.34942626953125,9.923178672790527,NA,75,0,0,20.269676844278973,0,20.188195546468098,6,4.7144066489368015,5.505690085395101
2026-05-22 06:00:00,2.939940772499365,4.093669891357422,2.541987419128418,6.63565731048584,0,1.8399999999983265,34.36666615804037,26.633333841959637,21.299999237060547,21.299999237060547,13.800000190734863,13.800000190734863,14,16.45275115966797,9.961965560913086,NA,75,0,0,20.241667429606117,0,20.144906997680664,6,4.833473376649222,5.5531270133630635
2026-05-22 06:15:00,3.4354565331329843,4.103987216949463,2.535123348236084,6.639110565185547,0,2.2510000000002037,32.233333587646484,26.53333346048991,21.299999237060547,21.299999237060547,15.266666730244955,15.266666730244955,14.6,16.30888557434082,NA,NA,75,0,0,20.218751907348633,0,20.121991475423176,6,5.095371107595232,5.65457032171595
2026-05-22 06:30:00,3.9076878780448854,4.070342540740967,0,4.070342540740967,0,1.4700000000011642,31.299999872843426,27.566666920979817,21.299999237060547,21.299999237060547,15.90000025431315,15.90000025431315,15.2,16.106060028076172,NA,NA,75,0,0,20.20092709859212,0,20.09907404581706,6,5.210930035769145,6
2026-05-22 06:45:00,4.419360172036432,4.033303260803223,0,4.033303260803223,0,2.5010000000002037,32.36666615804037,29.03333282470703,21.200000762939453,21.200000762939453,16.53333346048991,16.53333346048991,15.9,16.183696746826172,NA,NA,75,0,0,20.19583511352539,0,20.078704833984375,6,5.2386044820531215,6
2026-05-22 07:00:00,5.042373643874689,4.059730052947998,0,4.059730052947998,0,2.396999999999025,33.5,30.133333206176758,21.200000762939453,21.200000762939453,17.700000762939453,17.700000762939453,16.5,16.37224006652832,NA,NA,75,0,0,20.185649236043293,0,20.071063995361328,6,5.324050088882447,6
2026-05-22 07:15:00,5.816863754254236,4.096673011779785,0,4.096673011779785,0,3.486000000000786,34.233333587646484,31.299999872843426,21.200000762939453,21.200000762939453,18.53333346048991,18.53333346048991,17.1,16.408889770507812,NA,NA,75,0,0,20.188195546468098,0,20.06597391764323,6,5.387008891775343,6
2026-05-22 07:30:00,6.474602806839169,4.1164045333862305,0,4.1164045333862305,0,3.8799999999991996,34.766666412353516,32.233333587646484,21.200000762939453,21.200000762939453,19.43333371480306,19.43333371480306,17.7,16.401771545410156,NA,NA,75,0,0,20.190741856892902,0,20.06342697143555,6,5.46590116713206,6
2026-05-22 07:45:00,7.0170529313451375,4.119600772857666,0,4.119600772857666,0,4.704999999999927,35,29.700000127156574,21.200000762939453,21.200000762939453,20.166666666666668,20.166666666666668,18.3,16.53761100769043,10.11705207824707,NA,75,0,0,20.190741856892902,0,20.068520228068035,6,5.5,6
2026-05-22 08:00:00,7.459420276814897,4.129866600036621,2.5222153663635254,6.6520819664001465,0,5.213999999999942,34.900001525878906,28.200000127156574,21.200000762939453,21.200000762939453,21.566666920979817,21.566666920979817,18.9,16.164714813232422,9.80283546447754,NA,75,0,0,20.203474044799805,0,20.086344401041668,6,5.5,5.81041910043327
2026-05-22 08:15:00,7.88504623704047,4.035836219787598,2.4606504440307617,6.496486663818359,0,5.59400000000096,34.900001525878906,27.53333346048991,21.200000762939453,21.200000762939453,22.599999745686848,22.599999745686848,19.3,16.1358699798584,10.145522117614746,NA,75,0,0,20.226390202840168,0,20.104167938232425,6,5.5,5.810616832500007
2026-05-22 08:30:00,8.339878238336143,4.042758941650391,2.437126636505127,6.479885578155518,0,5.906999999999243,34.833333333333336,27.100000381469727,21.233333587646484,21.200000762939453,23.766666412353516,23.766666412353516,19.8,16.169981002807617,9.952526092529297,NA,75,0,0,20.256945927937824,0,20.137269337972008,6,5.5,5.8119467846221715
2026-05-22 08:45:00,8.894793018668024,4.039612770080566,2.390371561050415,6.4299843311309814,0,6.230999999999767,34.79999923706055,26.799999872843426,21.299999237060547,21.200000762939453,24.53333282470703,24.53333282470703,20.2,16.127567291259766,9.345866203308104,NA,75,0,0,20.292593638102215,0,20.16527811686198,6,5.5,5.814123064851235
2026-05-22 09:00:00,9.338439727638976,4.026590824127197,2.361529588699341,6.388120412826538,0,6.477000000000771,34.666666666666664,26.366666793823242,21.299999237060547,21.200000762939453,25.233333587646484,25.233333587646484,20.6,16.152271270751953,9.642889022827148,NA,75,0,0,20.3384272257487,0,20.198380788167317,6,5.5,5.815162408025553
2026-05-22 09:15:00,9.803981829101781,4.032671928405762,2.412510871887207,6.445182800292969,0,6.734999999998763,34.233333587646484,26,21.299999237060547,21.200000762939453,26.200000127156574,26.200000127156574,20.9,16.181129455566406,9.686441421508787,NA,75,0,0,20.384259541829426,0,20.241667429606117,6,5.5,5.812843875291051
2026-05-22 09:30:00,10.13000020244873,4.030641555786133,2.3658156394958496,6.396457195281982,0,6.764000000001033,32.06666628519694,25.633333841959637,21.366666158040363,21.266666412353516,26.566666920979817,26.566666920979817,21.1,16.226259231567383,NA,NA,75,0,0,20.442825317382812,0,20.279862721761067,6,5.5,5.81506828176378
2026-05-22 09:45:00,10.331335464293668,4.084364414215088,0,4.084364414215088,0,6.289000000000669,31.56666628519694,26.700000762939453,21.399999618530273,21.299999237060547,27.100000381469727,27.100000381469727,21.4,16.34857177734375,NA,NA,75,0,0,20.498844782511394,0,20.325695673624676,6,5.5,6
2026-05-22 10:00:00,10.583041094842732,4.101990222930908,0,4.101990222930908,0,6.355999999999767,32.666665395100914,28.133333841959637,21.433333079020183,21.299999237060547,27.733332951863606,27.733332951863606,21.6,16.457536697387695,NA,NA,75,0,0,20.56759198506673,0,20.368982315063477,6,5.5,6
2026-05-22 10:15:00,10.772131020319105,4.120946407318115,0,4.120946407318115,0,6.599999999998545,33.83333206176758,29.933333079020183,21.5,21.366666158040363,28.366666793823242,28.366666793823242,21.8,16.475515365600586,NA,NA,75,0,0,20.64907391866048,0,20.4479185740153,6,5.5,6
2026-05-22 10:30:00,10.90430754661382,4.128949165344238,0,4.128949165344238,0,6.781000000000859,34.59999974568685,31.533334096272785,21.600000381469727,21.399999618530273,28.633333206176758,28.633333206176758,22,16.546836853027344,NA,NA,75,0,0,20.725463231404625,0,20.53449058532715,6,5.5,6
2026-05-22 10:45:00,11.01736672687642,4.142124652862549,0,4.142124652862549,0,7.168999999999869,35,30.666666666666668,21.666667302449543,21.5,29,29,22.2,16.561243057250977,9.47345733642578,NA,75,0,0,20.81458282470703,0,20.60069529215495,6,5.5,6
2026-05-22 11:00:00,11.175678821838371,4.1624627113342285,0,4.1624627113342285,0,7.353000000000975,35,28.53333346048991,21.733333587646484,21.53333346048991,28.8000005086263,28.8000005086263,22.4,16.596332550048828,9.197691917419434,NA,75,0,0,20.914815266927082,0,20.67199198404948,6,5.5,6
2026-05-22 11:15:00,11.182404618530358,4.138724327087402,2.313934803009033,6.4526591300964355,0,7.351999999998952,34.96666717529297,27.099999745686848,21.799999237060547,21.600000381469727,29.733332951863606,29.733332951863606,22.8,16.440370559692383,8.963977813720703,NA,75,0,0,20.99876594543457,0,20.753472646077473,6,5.5,5.820699129122101
2026-05-22 11:30:00,11.170451708104924,4.110389709472656,2.287104368209839,6.397494077682495,0,7.335000000000946,34.900001525878906,26.53333346048991,21.899999618530273,21.700000762939453,29.733332951863606,29.733332951863606,23.1,16.474388122558594,9.335351943969728,NA,75,0,0,21.087268829345703,0,20.829862594604492,6,5.5,5.821249981599174
2026-05-22 11:45:00,11.133203953598752,4.116824150085449,2.299415111541748,6.416239261627197,0,7.378999999998996,34.900001525878906,26.433333079020183,22,21.733333587646484,30.266666412353516,30.266666412353516,23.4,16.4731502532959,9.074331283569336,NA,75,0,0,21.184260686238606,0,20.9174378712972,6,5.5,5.820812861102798
2026-05-22 12:00:00,10.981471442357224,4.1222004890441895,2.336584091186523,6.458784580230713,0,7.335999999999331,34.833333333333336,26.399999618530273,22.066666920979817,21.799999237060547,30.366666793823242,30.366666793823242,23.8,16.522445678710938,9.460844039916992,NA,75,0,0,21.284414927164715,0,21.00138982137044,6,5.5,5.81911580560076
2026-05-22 12:15:00,10.869947498296057,4.136381149291992,2.3126063346862793,6.4489874839782715,0,7.358000000000175,34.699999491373696,26.299999237060547,22.166667302449543,21.899999618530273,30.666666666666668,30.666666666666668,23.9,16.549041748046875,8.672663688659668,NA,75,0,0,21.370988845825195,0,21.087268829345703,6,5.5,5.8207000447410024
2026-05-22 12:30:00,10.717008730039119,4.13970422744751,2.2900607585906982,6.429764986038208,0,7.311000000001513,33.833334604899086,26.299999237060547,22.266666412353516,21.96666653951009,30.166666666666668,30.166666666666668,23.9,16.56378173828125,9.389364242553713,NA,75,0,0,21.460185368855793,0,21.184260050455727,6,5.5,5.821917226868835
2026-05-22 12:45:00,10.500723191851664,4.139553070068359,2.294954538345337,6.434507608413696,0,6.86699999999837,31.53333282470703,26.49999936421712,22.333332697550457,22.03333346048991,30.200000127156574,30.200000127156574,24,16.50579261779785,NA,NA,75,0,0,21.544136683146156,0,21.24830373128255,6,5.5,5.821668208508723
2026-05-22 13:00:00,10.243644234597589,4.134436130523682,0,4.134436130523682,0,6.418000000001484,32.166666666666664,27.866666158040363,22.433333079020183,22.133333841959637,29.03333282470703,29.03333282470703,24,16.603809356689453,NA,NA,75,0,0,21.635957717895508,0,21.347375233968098,6,5.5,6
2026-05-22 13:15:00,10.012042887638707,4.1585259437561035,0,4.1585259437561035,0,6.510999999998603,33.53333282470703,30.03333282470703,22.53333346048991,22.200000762939453,29.666666666666668,29.666666666666668,24,16.662181854248047,NA,NA,75,0,0,21.71466000874837,0,21.41033935546875,6,5.5,6
2026-05-22 13:30:00,9.716144386434136,4.1337690353393555,0,4.1337690353393555,0,6.600000000000364,34.5,32.03333282470703,22.633333841959637,22.299999237060547,30.233332951863606,30.233332951863606,24,16.231748580932617,NA,NA,75,0,0,21.819599787394207,0,21.510032018025715,6,5.5,6
2026-05-22 13:45:00,9.250602284971333,4.064758777618408,0,4.064758777618408,0,6.8840000000000146,35,31.366666158040363,22.733333587646484,22.399999618530273,31.433333079020183,31.433333079020183,24.1,16.31387710571289,9.05626392364502,NA,75,0,0,21.898300806681316,0,21.601852416992188,6,5.5,6
2026-05-22 14:00:00,8.844386096721006,4.090175628662109,2.2328059673309326,6.322981595993042,0,6.789000000000669,35,29.100000381469727,22.833332697550457,22.5,31.366666793823242,31.366666793823242,24.1,16.327831268310547,9.0597076416015625,NA,75,0,0,21.995371500651043,0,21.693674087524414,6,5.5,5.82343725555473
2026-05-22 14:15:00,8.433089007708798,4.100271701812744,2.281459331512451,6.381731033325195,0,6.541999999999462,35,28.099999745686848,22.933333079020183,22.566666920979817,31.766666412353516,31.766666412353516,24.1,16.409893035888672,9.389997482299805,NA,75,0,0,22.079321543375652,0,21.756635665893555,6,5.5,5.821250745322958
2026-05-22 14:30:00,8.068031770954006,4.107100009918213,2.1885974407196045,6.295697450637817,0,6.2960000000002765,35,27.566666920979817,23.03333346048991,22.666667302449543,31.5,31.5,24.1,16.29994773864746,8.652682304382324,NA,75,0,0,22.16589609781901,0,21.858952204386394,6,5.5,5.826183083138956
2026-05-22 14:45:00,7.618207563934434,4.081116676330566,2.189335823059082,6.270452499389648,0,5.9909999999999854,34.900001525878906,27.233333587646484,23.133333841959637,22.733333587646484,31.400000254313152,31.400000254313152,24.1,16.198787689208984,8.792966842651367,NA,75,0,0,22.247222900390625,0,21.948148091634113,6,5.5,5.825424415281657
2026-05-22 15:00:00,7.137568973157548,4.062307834625244,2.209343433380127,6.271651268005371,0,5.695999999999913,34.900001525878906,26.933333079020183,23.200000762939453,22.833332697550457,31.366666158040363,31.366666158040363,24.1,16.21148109436035,8.814325332641602,NA,75,0,0,22.3206787109375,0,22.03472391764323,6,5.5,5.823862700669358
2026-05-22 15:15:00,6.481182390559591,4.059236526489258,2.1949303150177,6.254166841506958,0,5.386000000000422,34.666666666666664,26.733333587646484,23.299999237060547,22.899999618530273,31.400000254313152,31.400000254313152,24,16.277204513549805,8.769335746765137,NA,75,0,0,22.391513188680012,0,22.089815775553387,6,5.5,5.824522564664359
2026-05-22 15:30:00,5.846033242081443,4.060818195343018,2.138014793395996,6.198832988739014,0,5.043999999999869,33.03333282470703,26.566666920979817,23.399999618530273,23,31.899999618530273,31.899999618530273,24,16.138107299804688,8.96609878540039,NA,75,0,0,22.462345759073894,0,22.165895462036133,6,5.5,5.827546991725702
2026-05-22 15:45:00,5.203427232053483,4.0333051681518555,0,4.0333051681518555,0,3.975000000000364,31.633333206176758,26.8000005086263,23.46666653951009,23.066666920979817,31.866666793823242,31.866666793823242,24,16.105018615722656,NA,NA,75,0,0,22.51481564839681,0,22.23935381571452,6,5.5,6
2026-05-22 16:00:00,4.695044729922147,4.030200481414795,0,4.030200481414795,0,3.5049999999991996,32.56666564941406,28.733333587646484,23.53333346048991,23.133333841959637,31.266667048136394,31.266667048136394,23.9,16.107559204101562,NA,NA,75,0,0,22.578009287516277,0,22.310185114542644,6,5.5,6
2026-05-22 16:15:00,4.2445260112876415,4.029106140136719,0,4.029106140136719,0,3.19800000000032,33.733333587646484,30.833333333333332,23.633333841959637,23.200000762939453,30.766666412353516,30.766666412353516,23.7,16.02149772644043,NA,NA,75,0,0,22.647994995117188,0,22.37839635213216,6,5.5,6
2026-05-22 16:30:00,3.7756941179646257,4.001895427703857,0,4.001895427703857,0,2.8629999999993743,34.699999491373696,32.3999989827474,23.700000762939453,23.299999237060547,29.83333396911621,29.83333396911621,23.4,15.93779468536377,NA,NA,75,0,0,22.707407633463543,0,22.43611208597819,6,5.5,6
2026-05-22 16:45:00,3.218695802787944,3.985323905944824,0,3.985323905944824,0,2.7550000000010186,35,30.200000127156574,23.799999237060547,23.366666158040363,29.399999618530273,29.399999618530273,23.2,15.875900268554688,8.8953094482421875,NA,75,0,0,22.769291559855144,0,22.47546450297038,6,5.5,6
2026-05-22 17:00:00,2.6970444734870895,3.9660298824310303,2.2316808700561523,6.197710752487183,0,2.0579999999990832,35,28.666666666666668,23.866666158040363,23.433333079020183,28.733332951863606,28.733332951863606,23,15.838178634643556,9.1900177001953125,NA,75,0,0,22.82731374104818,0,22.541049321492512,6,5.5,5.819959259218368
2026-05-22 17:15:00,2.2423221319200914,3.9585556983947754,2.2476303577423096,6.206186056137085,0,1.2820000000010623,35,27.899999618530273,23.899999618530273,23.5,27.96666653951009,27.96666653951009,22.8,15.87539291381836,9.04681396484375,NA,75,0,0,22.87453842163086,0,22.5885804494222,6,5.5,5.818920159868579
2026-05-22 17:30:00,1.8694059479436833,3.9579482078552246,2.211403131484986,6.16935133934021,0,0.6749999999992724,34.93333435058594,27.666667302449543,24,23.600000381469727,27.099999745686848,27.099999745686848,22.5,16.053869247436523,9.132747650146484,NA,75,0,0,22.92176055908203,0,22.666898091634117,6,5.5,5.82077506938343
2026-05-22 17:45:00,1.5504789037176336,4.010396957397461,2.264021396636963,6.274418354034424,0,0.29099999999925785,34.833333333333336,27.433333079020183,24.03333346048991,23.633333841959637,26.46666653951009,26.46666653951009,22.2,15.981718063354492,9.456223487854004,NA,75,0,0,22.961265563964844,0,22.726311365763348,6,5.5,5.819583165411563
2026-05-22 18:00:00,1.2405805104857195,3.991796970367432,2.28072190284729,6.272518873214722,0,0.1640000000006694,34.733333587646484,27.266666412353516,24.100000381469727,23.700000762939453,25.833333333333332,25.833333333333332,22,15.905340194702148,9.046664237976074,NA,75,0,0,23.001622517903645,0,22.74791653951009,6,5.5,5.818197286532961
2026-05-22 18:15:00,0.9174863965700687,3.9809980392456055,2.268986225128174,6.249984264373779,0,0.12700000000040745,34.09999974568685,27.200000762939453,24.100000381469727,23.766666412353516,25.266667048136394,25.266667048136394,21.4,15.927492141723633,9.13656520843506,NA,75,0,0,23.028627395629883,0,22.790353775024414,6,5.5,5.818480644978431
2026-05-22 18:30:00,0.5582045721920924,3.99450159072876,2.248526811599731,6.243028402328491,0.2779999999984284,0.04899999999906868,31.733332951863606,27.166666666666668,24.200000762939453,23.799999237060547,24.366666793823242,24.366666793823242,20.9,15.965744018554688,NA,NA,75,0,0,23.052932739257812,0,22.82731564839681,6,5.5,5.819916980454463
2026-05-22 18:45:00,0.2802537132471202,3.98435378074646,0,3.98435378074646,0.6860000000015134,0,32.16666603088379,28.46666653951009,24.200000762939453,23.866666158040363,23.700000127156574,23.700000127156574,20.4,15.806453704833984,NA,NA,75,0,0,23.07183774312337,0,22.86404546101888,6,5.5,6
2026-05-22 19:00:00,0.09576949637504303,3.940382480621338,0,3.940382480621338,0.6120000000009895,0,33.266666412353516,30.233333587646484,24.200000762939453,23.899999618530273,23.03333346048991,23.03333346048991,19.8,15.76008415222168,NA,NA,75,0,0,23.090740203857422,0,22.86666742960612,6,5.5,6
2026-05-22 19:15:00,0.015169595799863685,3.9389877319335938,0,3.9389877319335938,0.5480000000025029,0,34.1000010172526,31.433333079020183,24.299999237060547,23.96666653951009,22.833333333333332,22.833333333333332,19.4,15.71164608001709,NA,NA,75,0,0,23.109646479288738,0,22.8929017384847,6,5.5,6
2026-05-22 19:30:00,0,3.916456699371338,0,3.916456699371338,0.44399999999586726,0,34.800000508626304,31.966665903727215,24.299999237060547,24,22.066666920979817,22.066666920979817,19,15.62719440460205,NA,NA,75,0,0,23.123149871826172,0,22.911266962687176,6,5.5,6
2026-05-22 19:45:00,0,3.930253744125366,0,3.930253744125366,0.08600000000296859,0,35,30.200000127156574,24.299999237060547,24.066666920979817,21.666666666666668,21.666666666666668,18.6,15.728031158447266,8.7128267288208,NA,75,0,0,23.133952458699543,0,22.945372263590496,6,5.5,6
2026-05-22 20:00:00,0,3.938546895980835,2.211327075958252,6.149873971939087,0.08099999999831198,0,34.900001525878906,29.03333282470703,24.366666158040363,24.100000381469727,21.066666920979817,21.066666920979817,18.2,15.705366134643556,9.303645133972168,NA,75,0,0,23.150154749552406,0,22.969214121500652,6,5.5,5.820213626649246
2026-05-22 20:15:00,0,3.934958934783935,2.305269956588745,6.240228891372681,0.08099999999831198,0,34.900001525878906,28.5,24.399999618530273,24.100000381469727,20.600000381469727,20.600000381469727,18,15.778003692626951,9.37712287902832,NA,75,0,0,23.155555725097656,0,22.974613825480144,6,5.5,5.815289631460806
2026-05-22 20:30:00,0,3.949787616729736,2.320662260055542,6.270449876785278,0.08000000000174623,0,34.900001525878906,28.100000381469727,24.399999618530273,24.200000762939453,20.200000127156574,20.200000127156574,17.9,15.844218254089355,9.250957489013672,NA,75,0,0,23.152854283650715,0,22.985416412353516,6,5.5,5.814952490996922
2026-05-22 20:45:00,0,3.967358112335205,2.3328466415405273,6.300204753875732,0.08000000000174623,0,34.900001525878906,27.866666158040363,24.399999618530273,24.200000762939453,19.666666666666668,19.666666666666668,17.7,15.885395050048828,9.502946853637695,NA,75,0,0,23.150154749552406,0,22.977315266927082,6,5.486433260599772,5.809835951366546
2026-05-22 21:00:00,0,3.9776883125305176,2.3106229305267334,6.288311243057251,0.08099999999831198,0,34.833333333333336,27.666667302449543,24.399999618530273,24.200000762939453,19.266666412353516,19.266666412353516,17.5,15.910120964050291,9.16551685333252,NA,75,0,0,23.139353434244793,0,22.969214121500652,6,5.443544415156047,5.795531902849167
2026-05-22 21:15:00,0,3.9937081336975098,2.2745373249053955,6.268245458602905,0.08099999999831198,0,34.766666412353516,27.5,24.399999618530273,24.200000762939453,18.866666793823242,18.866666793823242,17.1,16.051647186279297,8.961585998535156,NA,75,0,0,23.13125228881836,0,22.982718149820965,6,5.400602248793708,5.782498537016937
2026-05-22 21:30:00,0,4.011014938354492,2.2363317012786865,6.247346639633179,0.08200000000215368,0,34.166666666666664,27.333332697550457,24.399999618530273,24.200000762939453,18.700000127156574,18.700000127156574,16.8,16.08060073852539,9.300897598266602,NA,75,0,0,23.123149871826172,0,22.969214121500652,6,5.409416681395637,5.788591817642625
2026-05-22 21:45:00,0,4.027087688446045,2.3400871753692627,6.367174863815308,0.3570000000036089,0,32.33333269755045,27.133333841959637,24.399999618530273,24.200000762939453,18.299999872843426,18.299999872843426,16.5,16.1226749420166,NA,NA,75,0,0,23.106945037841797,0,22.966590245564777,6,5.447966681141324,5.797114714537045
2026-05-22 22:00:00,0,4.036707878112793,0,4.036707878112793,0.8519999999989523,0,32.266666412353516,28.233333587646484,24.399999618530273,24.200000762939453,17.899999618530273,17.899999618530273,16.1,16.167593002319336,NA,NA,75,0,0,23.077238082885742,0,22.95586585998535,6,5.4039599667612706,6
2026-05-22 22:15:00,0,4.042069435119629,0,4.042069435119629,0.7690000000002328,0,33.333333333333336,30.266667048136394,24.366666158040363,24.200000762939453,17.566666920979817,17.566666920979817,15.8,16.0950870513916,NA,NA,75,0,0,23.052932103474934,0,22.950618108113606,6,5.316111140780979,6
2026-05-22 22:30:00,0,4.02677059173584,0,4.02677059173584,0.6219999999957508,0,34.266666412353516,31.766666412353516,24.299999237060547,24.200000762939453,17.266666412353516,17.266666412353516,15.4,16.058013916015625,NA,NA,75,0,0,23.031327565511067,0,22.911266962687176,6,5.238862204301622,6
2026-05-22 22:45:00,0,4.023387908935547,0,4.023387908935547,0.4500000000043656,0,34.90000025431315,32.53333409627279,24.299999237060547,24.200000762939453,17.03333346048991,17.03333346048991,15.1,16.13312530517578,NA,NA,75,0,0,23.004322052001953,0,22.90601984659831,6,5.18333666984982,6
2026-05-22 23:00:00,0,4.031513690948486,0,4.031513690948486,0.07999999999447027,0,35.099998474121094,30.366666158040363,24.299999237060547,24.200000762939453,16.766666412353516,16.766666412353516,14.7,16.132183074951172,9.260046005249023,NA,75,0,0,22.982714970906574,0,22.885030110677082,6,5.143690039087931,6
2026-05-22 23:15:00,0,4.040244102478027,2.246389389038086,6.286633491516113,0.08000000000174623,0,35.099998474121094,29.06666628519694,24.299999237060547,24.200000762939453,16.733332951863606,16.733332951863606,14.5,16.189197540283203,8.6424407958984375,NA,75,0,0,22.95586585998535,0,22.85355059305827,6,5.1398600244267785,5.692648009968657
2026-05-22 23:30:00,0,4.04492712020874,2.2513513565063477,6.296278476715088,0.07900000000518048,0,35,28.333333333333332,24.266666412353516,24.200000762939453,16.266666412353516,16.266666412353516,14.3,16.136213302612305,9.121917724609377,NA,75,0,0,22.929630279541016,0,22.835184733072918,6,5.090666637420655,5.674850960463303
2026-05-22 23:45:00,0,4.035951614379883,2.265148639678955,6.301100254058838,0.08099999999831198,0,35,27.899999618530273,24.200000762939453,24.200000762939453,16.100000381469727,16.100000381469727,14.1,16.13298797607422,8.854792594909668,NA,75,0,0,22.90601984659831,0,22.819446563720703,6,5.071500043869018,5.66621854473474
2026-05-23 00:00:00,0,4.043025493621826,2.2568793296813965,6.299904823303223,0.07899999999790452,0,34.900001525878906,27.550000190734863,24.200000762939453,24.100000381469727,15.75,15.75,13.9,16.24244499206543,8.771934509277344,NA,75,0,0,22.858798027038574,0,22.784029006958008,6,5.035624933242798,5.654522057829556
2026-05-23 00:15:00,0,4.055689811706543,2.2647502422332764,6.320440053939819,0.08099999999831198,0,34.900001525878906,27.433333079020183,24.200000762939453,24.100000381469727,15.566666603088379,15.566666603088379,13.8,16.240734100341797,8.695463180541992,NA,75,0,0,22.832561492919922,0,22.75872039794922,6,5.014523259538015,5.646882389892248
2026-05-23 00:30:00,0,4.067051410675049,2.3231945037841797,6.3902459144592285,0.08000000000174623,0,34.766666412353516,27.266666412353516,24.100000381469727,24.100000381469727,15.466666539510092,15.466666539510092,13.7,16.33612060546875,9.74505615234375,NA,75,0,0,22.795833587646484,0,22.731712341308594,6,5.0088088852903585,5.639649274735615
2026-05-23 00:45:00,0,4.074376583099365,2.362156391143799,6.436532974243164,0.08400000000256114,0,34.300000508626304,27.166667302449543,24.100000381469727,24.066666920979817,15.233333587646484,15.233333587646484,13.5,16.31029510498047,9.304616928100586,NA,75,0,0,22.753318786621094,0,22.70200792948405,6,5.002096674101088,5.6337774189228105
2026-05-23 01:00:00,0,4.073531627655029,2.289377212524414,6.362908840179443,0.34100000000034925,0,32.39999961853027,27.066666920979817,24.03333346048991,24,14.899999936421711,14.899999936421711,13.4,16.161348342895508,NA,NA,75,0,0,22.712807337443035,0,22.634492874145508,6,5.045040008888244,5.65640500320886
2026-05-23 01:15:00,0,4.023858070373535,0,4.023858070373535,0.9009999999980209,0,32,28.03333346048991,24,24,14.733333269755045,14.733333269755045,13.3,15.952400207519531,NA,NA,75,0,0,22.66419855753581,0,22.618287404378254,6,5.042533325831095,6
2026-05-23 01:30:00,0,3.9865989685058594,0,3.9865989685058594,0.8589999999967404,0,33.06666692097982,30,23.933333079020183,23.899999618530273,14.5,14.5,13.2,15.98819351196289,NA,NA,75,0,0,22.602083206176758,0,22.55154546101888,6,4.969666655858358,6
2026-05-23 01:45:00,0,3.9793412685394287,0,3.9793412685394287,0.702000000004773,0,34.09999974568685,31.5,23.899999618530273,23.899999618530273,14.366666793823242,14.366666793823242,13.2,15.914173126220703,NA,NA,75,0,0,22.559415181477863,0,22.533180236816406,6,4.910296692178514,6
2026-05-23 02:00:00,0,3.97615122795105,0,3.97615122795105,0.5519999999960419,0,34.79999923706055,32.53333282470703,23.866666158040363,23.833332697550457,14.03333346048991,14.03333346048991,13.1,15.866156578063965,NA,NA,75,0,0,22.520061492919922,0,22.480711619059246,6,4.842240046717326,6
2026-05-23 02:15:00,0,3.98488712310791,0,3.98488712310791,0.08000000000174623,0,34.900001525878906,30.46666653951009,23.799999237060547,23.799999237060547,13.96666653951009,13.96666653951009,12.9,15.971500396728516,9.662921905517578,NA,75,0,0,22.47546450297038,0,22.451852798461914,6,4.8303632546615605,6
2026-05-23 02:30:00,0,3.9915058612823486,2.4153850078582764,6.406890869140625,0.08200000000215368,0,34.900001525878906,28.899999618530273,23.799999237060547,23.766666412353516,13.866666475931803,13.866666475931803,12.8,15.961843490600586,9.550848960876465,NA,75,0,0,22.438735326131184,0,22.42561976114909,6,4.818853247496287,5.5547100432412035
2026-05-23 02:45:00,0,3.995325326919556,2.425681829452514,6.42100715637207,0.08099999999831198,0,34.900001525878906,28.06666628519694,23.700000762939453,23.700000762939453,13.700000127156576,13.700000127156576,12.6,15.98588752746582,9.95176601409912,NA,75,0,0,22.386266072591145,0,22.370525360107422,6,4.799669951006571,5.546547960735447
2026-05-23 03:00:00,0,4.003215312957764,2.3987739086151123,6.401989221572876,0.08000000000174623,0,34.833333333333336,27.633333841959637,23.666667302449543,23.666667302449543,13.699999809265137,13.699999809265137,12.4,15.993904113769531,9.059366226196287,NA,75,0,0,22.34166653951009,0,22.346913019816082,6,4.802449978033702,5.5512876314639525
2026-05-23 03:15:00,0,4.003934860229492,2.3438000679016113,6.3477349281311035,0.07999999999447027,0,34.79999923706055,27.399999618530273,23.600000381469727,23.600000381469727,13.366666475931803,13.366666475931803,12.2,16.017587661743164,9.41802215576172,NA,75,0,0,22.28919728597005,0,22.286574045817055,6,4.765440009587606,5.5441583774184
2026-05-23 03:30:00,0,3.9999849796295166,2.320087432861328,6.320072412490845,0.07800000000133878,0,34.766666412353516,27.233333587646484,23.566666920979817,23.53333346048991,13.166666666666668,13.166666666666668,12,16.02788543701172,9.494383811950684,NA,75,0,0,22.23410415649414,0,22.25509198506673,6,4.743772232691448,5.538841002836653
2026-05-23 03:45:00,1.096597286737134e-4,3.990774154663086,2.394619941711426,6.385394096374512,0.05200000000331784,0,34.56666692097982,27.066666920979817,23.5,23.5,13.033333142598469,13.033333142598469,11.8,16.050580978393555,9.78897476196289,NA,75,0,0,22.181636174519856,0,22.186883290608723,6,4.736614411991966,5.526211181729163
2026-05-23 04:00:00,0.15462021742993587,4.00239372253418,2.3816285133361816,6.384022235870361,0.0029999999969732016,0.018000000000029104,33.53333282470703,26.933333079020183,23.433333079020183,23.399999618530273,13.03333346048991,13.03333346048991,11.6,16.026630401611328,9.890830993652344,NA,75,0,0,22.13703791300456,0,22.16064961751302,6,4.779015591235692,5.544498566137036
2026-05-23 04:15:00,0.44770411893188056,4.004011154174805,0,4.004011154174805,0.43400000000110595,0.007999999999810825,31.46666653951009,27.233332951863606,23.399999618530273,23.366666158040363,12.96666653951009,12.96666653951009,12.1,15.94032382965088,NA,NA,75,0,0,22.084567387898762,0,22.09768549601237,6,4.855915545692444,6
2026-05-23 04:30:00,0.7586991094505318,3.9918525218963623,0,3.9918525218963623,0.5800000000017462,0,31.833333333333332,28.366666793823242,23.299999237060547,23.299999237060547,12.96666653951009,12.96666653951009,12.5,16.011274337768555,NA,NA,75,0,0,22.03472328186035,0,22.050463994344074,6,4.840894429418776,6
2026-05-23 04:45:00,1.0772971744905604,3.994096517562866,0,3.994096517562866,0.477999999995518,0,32.800000508626304,29.799999872843426,23.266666412353516,23.233333587646484,13,13,12.9,15.978084564208984,NA,NA,75,0,0,21.97176170349121,0,21.971759796142578,6,4.805199979146321,6
2026-05-23 05:00:00,1.3655560479308617,3.986788034439087,0,3.986788034439087,0.13300000000162981,0.012000000000625732,33.833333333333336,30.933333079020183,23.200000762939453,23.200000762939453,13.266666730244955,13.266666730244955,13.4,16.062297821044922,NA,NA,75,0,0,21.940279006958008,0,21.945526123046875,6,4.793811118496789,6
2026-05-23 05:15:00,1.6777572954649236,3.9970593452453618,0,3.9970593452453618,0,0.2849999999998545,34.53333409627279,32,23.166667302449543,23.133333841959637,14.366666475931803,14.366666475931803,14.2,15.95614242553711,NA,NA,75,0,0,21.890432993570965,0,21.900924682617188,6,4.891937723431058,6
2026-05-23 05:30:00,1.9689038750936327,3.9875001907348633,0,3.9875001907348633,0,1.0540000000000873,34.93333435058594,31.53333346048991,23.100000381469727,23.100000381469727,15.733333269755045,15.733333269755045,14.9,15.97471046447754,9.957326889038086,NA,75,0,0,21.85370445251465,0,21.866823196411133,6,5.032248837085301,6
2026-05-23 05:45:00,2.3769111722456286,4.010468482971191,0,4.010468482971191,0,1.6750000000010914,35,29.399999618530273,23.100000381469727,23.066666920979817,16.266666412353516,16.266666412353516,15.6,16.024351119995117,9.697912216186523,NA,75,0,0,21.81697654724121,0,21.814353307088215,6,5.090666637420655,6
2026-05-23 06:00:00,2.890959427025106,4.008435249328613,2.4645144939422607,6.472949743270874,0,1.9689999999991414,34.900001525878906,28.233333587646484,23,23,17,17,16.4,16.02717399597168,9.82940673828125,NA,75,0,0,21.809104919433594,0,21.790740966796875,6,5.1794999313354495,5.687602346425358
2026-05-23 06:15:00,3.3929085584075835,4.030014514923096,2.4454939365386963,6.475508451461792,0,2.5859999999993306,34.86666742960612,27.46666653951009,23,23,17.633333206176758,17.633333206176758,17.2,16.12636375427246,9.538476943969728,NA,75,0,0,21.782870610555012,0,21.76450538635254,6,5.253917728322347,5.7182399366439185
2026-05-23 06:30:00,3.795250102911438,4.02478551864624,2.3946352005004883,6.4194207191467285,0,2.842000000000553,34.79999923706055,27,23,22.96666653951009,18.133333841959637,18.133333841959637,18,16.05678939819336,9.8538236618042,NA,75,0,0,21.769752502441406,0,21.75401242574056,6,5.314560093790691,5.7443104917020085
2026-05-23 06:45:00,4.166667603929305,4.023202419281006,2.4464776515960693,6.469680070877075,0,2.9359999999996944,34.666666666666664,26.733333587646484,22.933333079020183,22.899999618530273,19,19,18.7,16.092287063598633,10.03787612915039,NA,75,0,0,21.759258270263672,0,21.725154876708984,6,5.4206666666666665,5.780927953577693
2026-05-23 07:00:00,4.502518799613998,4.009342193603516,2.477797031402588,6.4871392250061035,0,2.757999999999811,34.166666666666664,26.566666920979817,22.899999618530273,22.899999618530273,19.866666793823242,19.866666793823242,19.5,16.038410186767578,9.955305099487305,NA,75,0,0,21.74614079793294,0,21.72253163655599,6,5.5,5.809022363675241
2026-05-23 07:15:00,4.912317205667665,4.028289794921875,2.4456429481506348,6.47393274307251,0,3.416000000001077,32.03333409627279,26.46666653951009,22.899999618530273,22.899999618530273,20.433333079020183,20.433333079020183,20.1,16.205364227294922,NA,NA,75,0,0,21.73040262858073,0,21.70678965250651,6,5.5,5.81111612946801
2026-05-23 07:30:00,5.620645946414071,4.041189193725586,0,4.041189193725586,0,3.3840000000000146,31.866666158040363,27.46666653951009,22.899999618530273,22.833332697550457,21.700000127156574,21.700000127156574,20.7,16.167804718017578,NA,NA,75,0,0,21.727779388427734,0,21.714661916097004,6,5.5,6
2026-05-23 07:45:00,6.381209271252056,4.053455829620361,0,4.053455829620361,0,3.0090000000000146,33.03333282470703,28.8000005086263,22.899999618530273,22.799999237060547,22.866666793823242,22.866666793823242,21.3,16.26072883605957,NA,NA,75,0,0,21.7330265045166,0,21.7015438079834,6,5.5,6
2026-05-23 08:00:00,7.0142748848854035,4.064350128173828,0,4.064350128173828,0,3.5229999999992287,34,30.633333841959637,22.899999618530273,22.799999237060547,23.333333333333332,23.333333333333332,21.9,16.545631408691406,NA,NA,75,0,0,21.74351755777995,0,21.704167048136394,6,5.5,6
2026-05-23 08:15:00,7.391358138551412,4.138175010681152,0,4.138175010681152,0,5.02599999999984,34.70000076293945,31.6999994913737,22.899999618530273,22.799999237060547,24.566666920979817,24.566666920979817,22.3,16.49305534362793,NA,NA,75,0,0,21.756635665893555,0,21.71728452046712,6,5.5,6
2026-05-23 08:30:00,7.80411735727927,4.116052627563477,0,4.116052627563477,0,5.89600000000064,35.099998474121094,30.43333371480306,22.899999618530273,22.799999237060547,25.833333333333332,25.833333333333332,22.8,16.495792388916016,8.998098373413086,NA,75,0,0,21.78024737040202,0,21.738271713256836,6,5.5,6
2026-05-23 08:45:00,8.190887220311456,4.108837127685547,2.348027467727661,6.456864595413208,0,6.030000000000655,35.099998474121094,28.833333333333332,22.899999618530273,22.799999237060547,26.166666666666668,26.166666666666668,23.2,16.428466796875,9.469035148620604,NA,75,0,0,21.809106190999348,0,21.78287124633789,6,5.5,5.818175878320599
2026-05-23 09:00:00,8.71601110768698,4.086079120635986,2.4424502849578857,6.528529405593872,0,6.397999999999229,35,27.96666653951009,22.899999618530273,22.799999237060547,27.666667302449543,27.666667302449543,23.6,16.220888137817383,9.660265922546388,NA,75,0,0,21.858952204386394,0,21.809104919433594,6,5.5,5.812940240196735
2026-05-23 09:15:00,9.241573633977197,4.061875343322754,2.323979616165161,6.385854959487915,0,6.521999999999025,35,27.433333079020183,22.96666653951009,22.799999237060547,28.600000381469727,28.600000381469727,23.9,16.290834426879883,9.12885856628418,NA,75,0,0,21.89830271402995,0,21.81959851582845,6,5.5,5.818036924506697
2026-05-23 09:30:00,9.705909478424589,4.071839332580566,2.303260087966919,6.375099420547485,0,6.77100000000064,34.900001525878906,27.100000381469727,23,22.866666158040363,29.600000381469727,29.600000381469727,24.2,16.330469131469727,8.7459259033203125,NA,75,0,0,21.963890711466473,0,21.887808481852215,6,5.5,5.81935496719131
2026-05-23 09:45:00,10.004147387174198,4.060984134674072,2.284991979598999,6.345976114273071,0,6.706000000000131,34.800000508626304,26.866666158040363,23,22.899999618530273,30.766667048136394,30.766667048136394,24.5,16.22579574584961,9.517155647277832,NA,75,0,0,22.01635996500651,0,21.927160263061523,6,5.5,5.819965286785456
2026-05-23 10:00:00,10.238599887078598,4.058445930480957,2.3071439266204834,6.36558985710144,0,7.038000000000466,33.06666628519694,26.633333841959637,23.100000381469727,22.899999618530273,31,31,24.8,16.223552703857422,9.452186584472656,NA,75,0,0,22.084567387898762,0,21.984877904256184,6,5.5,5.8187800362250295
2026-05-23 10:15:00,10.444942943199635,4.053062915802002,0,4.053062915802002,0,6.40099999999984,31.5,26.799999872843426,23.100000381469727,22.933333079020183,31.733332951863606,31.733332951863606,25,16.235881805419922,NA,NA,75,0,0,22.15277862548828,0,22.045216878255207,6,5.5,6
2026-05-23 10:30:00,10.608299385680578,4.055745601654053,0,4.055745601654053,0,6.363999999999578,32.33333269755045,28.566666920979817,23.200000762939453,23,31.766667048136394,31.766667048136394,25.1,16.185157775878906,NA,NA,75,0,0,22.22361183166504,0,22.118672053019207,6,5.5,6
2026-05-23 10:45:00,10.704288201512968,4.055638313293457,0,4.055638313293457,0,6.5460000000002765,33.53333282470703,30.333332697550457,23.233333587646484,23.03333346048991,32.26666704813639,32.26666704813639,25.3,16.21505355834961,NA,NA,75,0,0,22.302314122517902,0,22.176390329996746,6,5.5,6
2026-05-23 11:00:00,10.780318946726743,4.063560962677002,0,4.063560962677002,0,6.737999999999374,34.46666717529297,32.13333384195963,23.299999237060547,23.100000381469727,32.29999923706055,32.29999923706055,25.5,16.25567626953125,NA,NA,75,0,0,22.402008056640625,0,22.265588760375977,6,5.5,6
2026-05-23 11:15:00,10.879963086848257,4.059434413909912,0,4.059434413909912,0,7.103000000000975,35,31.666667302449543,23.399999618530273,23.166667302449543,32.96666590372721,32.96666590372721,25.8,16.164613723754883,9.057592391967772,NA,75,0,0,22.480709711710613,0,22.346913655598957,6,5.5,6
2026-05-23 11:30:00,10.800861869231618,4.051828384399414,2.2557413578033447,6.307569742202759,0,7.245999999999185,35,29.399999618530273,23.5,23.233333587646484,33.13333257039388,33.13333257039388,26,16.249887466430664,8.6708526611328125,NA,75,0,0,22.564814885457356,0,22.404631932576496,6,5.5,5.821187759311593
2026-05-23 11:45:00,10.779880307812048,4.057805061340332,2.28248929977417,6.340294361114502,0,7.234000000000378,35,28.133333206176758,23.566666920979817,23.299999237060547,32.5,32.5,26.3,16.202829360961914,9.036606788635254,NA,75,0,0,22.658796946207683,0,22.480709711710613,6,5.5,5.820001314625639
2026-05-23 12:00:00,10.67749467447369,4.059575080871582,2.279658794403076,6.339233875274658,0,7.213999999999942,34.900001525878906,27.600000381469727,23.633333841959637,23.366666158040363,33.56666692097982,33.56666692097982,26.6,16.188570022583008,9.422802925109863,NA,75,0,0,22.74791653951009,0,22.564661026000977,6,5.5,5.820194455729534
2026-05-23 12:15:00,10.576388404636527,4.066810607910156,2.1952672004699707,6.262077808380127,0,7.185999999999694,34.900001525878906,27.299999872843426,23.733333587646484,23.433333079020183,32.86666615804037,32.86666615804037,26.7,16.22196388244629,8.7394561767578125,NA,75,0,0,22.843055725097656,0,22.647993723551433,6,5.5,5.824717348806159
2026-05-23 12:30:00,10.310829095031684,4.062082767486572,2.2162814140319824,6.278364181518555,0,7.163000000000466,34.833333333333336,27.133333841959637,23.833332697550457,23.5,33.53333409627279,33.53333409627279,26.7,16.23309326171875,8.375154495239258,NA,75,0,0,22.92176055908203,0,22.731713612874348,6,5.5,5.823498498179192
2026-05-23 12:45:00,10.051447283475461,4.066375732421875,2.200118064880371,6.266493797302246,0,7.114999999999782,34.79999923706055,27,23.899999618530273,23.600000381469727,32.766666412353516,32.766666412353516,26.8,16.269268035888672,8.19117259979248,NA,75,0,0,23.015124638875324,0,22.822066624959312,6,5.5,5.824453822500588
2026-05-23 13:00:00,9.772180507786404,4.075522422790527,2.2260513305664062,6.301573753356934,0,7.05199999999968,34.59999974568685,27,24,23.700000762939453,32.766666412353516,32.766666412353516,26.8,16.33123779296875,9.189833641052246,NA,75,0,0,23.098843256632488,0,22.903395970662434,6,5.5,5.823373381182712
2026-05-23 13:15:00,9.546829765361922,4.082650184631348,2.1898369789123535,6.272487163543701,0,6.986000000000786,33.93333307902018,26.899999618530273,24.100000381469727,23.766666412353516,34,34,26.8,16.293746948242188,8.484262466430664,NA,75,0,0,23.190664291381836,0,22.977315266927082,6,5.5,5.825441095229346
2026-05-23 13:30:00,9.2156939380102,4.090437889099121,2.1682674884796143,6.258705377578735,0,6.654000000000451,32.199999491373696,26.833332697550457,24.200000762939453,23.833332697550457,33.43333307902018,33.43333307902018,26.8,16.449474334716797,8.94111442565918,NA,75,0,0,23.271681467692055,0,23.061033884684246,6,5.5,5.826779872380058
2026-05-23 13:45:00,8.906745929093457,4.095134735107422,0,4.095134735107422,0,5.881999999999607,31.96666653951009,27.666666666666668,24.266666412353516,23.899999618530273,33.699999491373696,33.699999491373696,26.8,16.327693939208984,NA,NA,75,0,0,23.347299575805664,0,23.133952458699543,6,5.5,6
2026-05-23 14:00:00,8.436122926868771,4.079954147338867,0,4.079954147338867,0,5.727999999999156,33.09999974568685,30.03333346048991,24.366666158040363,24,34.46666717529297,34.46666717529297,26.8,16.34444808959961,NA,NA,75,0,0,23.422917048136394,0,23.241976420084637,6,5.5,6
2026-05-23 14:15:00,7.981364032058882,4.085298538208008,0,4.085298538208008,0,5.608000000000175,34.233333587646484,31.899999618530273,24.433333079020183,24.066666920979817,35,35,26.7,16.356857299804688,NA,NA,75,0,0,23.514738082885742,0,23.325695037841797,6,5.5,6
2026-05-23 14:30:00,7.482887458751072,4.0906243324279785,0,4.0906243324279785,0,5.664000000000669,35.03333282470703,32.1000010172526,24.53333346048991,24.166667302449543,34.733333587646484,34.733333587646484,26.6,16.40178108215332,8.87932014465332,NA,75,0,0,23.590355555216473,0,23.390509287516274,6,5.5,6
2026-05-23 14:45:00,7.064316274403508,4.085189342498779,0,4.085189342498779,0,5.550999999999476,35.099998474121094,29.700000127156574,24.633333841959637,24.233333587646484,34.40000025431315,34.40000025431315,26.6,16.260540008544922,8.70238971710205,NA,75,0,0,23.676775614420574,0,23.479630788167317,6,5.5,6
2026-05-23 15:00:00,6.606194481247624,4.0581560134887695,2.145960807800293,6.2041168212890625,0,5.219999999999345,35.06666564941406,28.399999618530273,24.733333587646484,24.333332697550457,34.36666742960612,34.36666742960612,26.5,16.15167236328125,8.694757461547852,NA,75,0,0,23.75779406229655,0,23.557945887247723,6,5.5,5.827053481614293
2026-05-23 15:15:00,6.144929109203095,4.0448899269104,2.1682205200195312,6.213110446929932,0,4.863000000001193,35,27.633333206176758,24.799999237060547,24.399999618530273,34.40000025431315,34.40000025431315,26.4,16.11233901977539,9.061920166015623,NA,75,0,0,23.830710728963215,0,23.61736234029134,6,5.5,5.8255124757124745
2026-05-23 15:30:00,5.5314194805165595,4.019915580749512,2.117588520050049,6.1375041007995605,0,4.447000000000116,35,27.266666412353516,24.899999618530273,24.5,34.43333180745443,34.43333180745443,26.4,16.119277954101562,8.575979232788086,NA,75,0,0,23.9009272257487,0,23.690277735392254,6,5.5,5.8274878122057645
2026-05-23 15:45:00,4.879748266251572,4.003626346588135,2.1623053550720215,6.165931701660156,0,4.0129999999990105,34.900001525878906,27.03333346048991,25,24.566666920979817,33.43333307902018,33.43333307902018,26.3,15.855314254760742,8.692007064819336,NA,75,0,0,23.975000381469727,0,23.763195037841797,6,5.5,5.82465704619386
2026-05-23 16:00:00,4.2747189899158045,3.977590322494507,2.110044002532959,6.087634325027466,0,3.5270000000000437,34.833333333333336,26.833332697550457,25.066666920979817,24.633333841959637,32.90000025431315,32.90000025431315,26.2,15.871810913085938,8.908649444580078,NA,75,0,0,24.036112467447918,0,23.852315266927086,6,5.5,5.8266942551182686
2026-05-23 16:15:00,3.7588796262346564,3.987390995025635,2.186497926712036,6.173888921737671,0,3.121000000001004,34.46666717529297,26.799999237060547,25.100000381469727,24.700000762939453,32.266666412353516,32.266666412353516,26,15.817663192749023,8.867332458496094,NA,75,0,0,24.09444363911947,0,23.89282544453939,6,5.5,5.8229237718374245
2026-05-23 16:30:00,3.336251031926165,3.966665506362915,2.1280038356781006,6.094669342041016,0,2.5939999999991414,32.26666577657064,26.700000762939453,25.200000762939453,24.799999237060547,31.96666653951009,31.96666653951009,25.9,16.02614402770996,8.95422077178955,NA,75,0,0,24.13857905069987,0,23.950000762939453,6,5.5,5.825420895191217
2026-05-23 16:45:00,2.923820792384329,4.013307094573975,0,4.013307094573975,0,1.6310000000012224,31.866666793823242,27.333333333333332,25.266666412353516,24.833332697550457,31.1999994913737,31.1999994913737,25.8,16.14398193359375,NA,NA,75,0,0,24.184645970662434,0,24.002777735392254,6,5.5,6
2026-05-23 17:00:00,2.5064924182950667,4.0326008796691895,0,4.0326008796691895,0,1.2139999999999418,32.90000025431315,29.566666920979817,25.299999237060547,24.899999618530273,30.866666793823242,30.866666793823242,25.6,16.18718910217285,NA,NA,75,0,0,24.227856318155926,0,24.058334350585938,6,5.5,6
2026-05-23 17:15:00,2.029216725864175,4.03867244720459,0,4.03867244720459,0,0.8029999999998836,33.83333206176758,31.03333346048991,25.366666158040363,25,30.266666412353516,30.266666412353516,25.3,16.061899185180664,NA,NA,75,0,0,24.27916717529297,0,24.10277811686198,6,5.5,6
2026-05-23 17:30:00,1.6183948290095536,3.9903831481933594,0,3.9903831481933594,0,0.45799999999871943,34.766666412353516,32.23333295186361,25.399999618530273,25.03333346048991,29.53333282470703,29.53333282470703,25,16.006174087524414,NA,NA,75,0,0,24.316975275675457,0,24.165740966796875,6,5.5,6
2026-05-23 17:45:00,1.2421888531729341,3.985595941543579,0,3.985595941543579,0,0.6679999999996653,35,30.233333587646484,25.5,25.100000381469727,28.866666793823242,28.866666793823242,24.8,15.957398414611816,8.609614372253418,NA,75,0,0,24.366666158040363,0,24.190045674641926,6,5.5,6
2026-05-23 18:00:00,0.9627027580265298,3.986767292022705,2.1505963802337646,6.13736367225647,0,0.5390000000006694,35,28.96666653951009,25.5,25.166667302449543,28.266666412353516,28.266666412353516,24.5,15.894975662231444,8.554206848144531,NA,75,0,0,24.39166831970215,0,24.246760686238606,6,5.5,5.824794773857431
2026-05-23 18:15:00,0.7183808825414965,3.9729254245758057,2.1734395027160645,6.14636492729187,0,0.4110000000000582,35,28.299999872843426,25.566666920979817,25.200000762939453,27.6999994913737,27.6999994913737,24,15.919334411621094,8.789300918579102,NA,75,0,0,24.411113739013672,0,24.262962977091473,6,5.5,5.82319309637268
2026-05-23 18:30:00,0.501108406795979,3.961806297302246,2.158696174621582,6.120502471923828,0,0.28700000000026193,34.900001525878906,27.799999872843426,25.600000381469727,25.299999237060547,27.066666920979817,27.066666920979817,23.6,15.805720329284668,8.698150634765625,NA,75,0,0,24.43333371480306,0,24.30617396036784,6,5.5,5.823650412321209
2026-05-23 18:45:00,0.2717368076534618,3.9788334369659424,2.1813342571258545,6.160167694091797,0,0.1720000000004802,34.900001525878906,27.53333346048991,25.600000381469727,25.299999237060547,26.366666793823242,26.366666793823242,23.1,16.026620864868164,8.547780990600586,NA,75,0,0,24.472222010294594,0,24.336342493693035,6,5.5,5.82294846784626
2026-05-23 19:00:00,0.07332580523982302,4.003173351287842,2.1611063480377197,6.1642796993255615,0,0.06499999999869033,34.833333333333336,27.399999618530273,25.700000762939453,25.399999618530273,25.866666793823242,25.866666793823242,22.6,15.903375625610352,8.413280487060547,NA,75,0,0,24.4777774810791,0,24.344445546468098,6,5.5,5.8247073094140935
2026-05-23 19:15:00,0.002668386731060359,3.987646341323853,2.202392101287842,6.190038442611694,0.033999999999650754,0.0010000000002037268,34.699999491373696,27.299999237060547,25.700000762939453,25.399999618530273,25.166666666666668,25.166666666666668,22.2,15.90452003479004,8.561304092407227,NA,75,0,0,24.49444516499837,0,24.386111577351887,6,5.5,5.822101904397979
2026-05-23 19:30:00,0,3.992579936981201,2.2211928367614746,6.213772773742676,0.08100000000558794,0,34,27.299999237060547,25.700000762939453,25.433333079020183,24.5,24.5,21.9,16.030141830444336,8.958182334899902,NA,75,0,0,24.505558649698894,0,24.40833536783854,6,5.5,5.8212685820965735
2026-05-23 19:45:00,0,3.998800754547119,2.1883935928344727,6.187194347381592,0.43199999999342253,0,32.06666692097982,27.333332697550457,25.700000762939453,25.5,24.00000063578288,24.00000063578288,21.6,15.908065795898438,NA,NA,75,0,0,24.513891220092773,0,24.41111183166504,6,5.5,5.823151377670834
2026-05-23 20:00:00,0,3.9829392433166504,0,3.9829392433166504,0.7740000000048894,0,32.40000025431315,28.53333282470703,25.733333587646484,25.5,23.266666412353516,23.266666412353516,21.2,15.960176467895508,NA,NA,75,0,0,24.519446055094402,0,24.400000890096027,6,5.5,6
2026-05-23 20:15:00,0,3.9804182052612305,0,3.9804182052612305,0.6460000000006403,0,33.333333333333336,30.700000762939453,25.799999237060547,25.566666920979817,22.899999618530273,22.899999618530273,21,15.937350273132324,NA,NA,75,0,0,24.508336385091145,0,24.42500114440918,6,5.5,6
2026-05-23 20:30:00,0,3.9958903789520264,0,3.9958903789520264,0.5760000000009313,0,34.233333587646484,32.03333346048991,25.799999237060547,25.600000381469727,22.333333333333332,22.333333333333332,20.9,16.074172973632812,NA,NA,75,0,0,24.505558649698894,0,24.427778244018555,6,5.5,6
2026-05-23 20:45:00,0,4.0110249519348145,0,4.0110249519348145,0.3389999999999418,0,34.96666590372721,32.46666653951009,25.799999237060547,25.600000381469727,21.899999618530273,21.899999618530273,20.7,16.073143005371094,9.333989143371582,NA,75,0,0,24.505558649698894,0,24.40833536783854,6,5.5,6
2026-05-23 21:00:00,0,4.039224624633789,0,4.039224624633789,0.08099999999831198,0,35,30.333332697550457,25.799999237060547,25.600000381469727,21.733333587646484,21.733333587646484,20.5,16.144865036010742,9.104066848754885,NA,75,0,0,24.50278091430664,0,24.416667938232422,6,5.5,6
2026-05-23 21:15:00,0,4.042030334472656,2.283994674682617,6.326025009155273,0.08099999999831198,0,35,29.200000127156574,25.799999237060547,25.600000381469727,21.166666666666668,21.166666666666668,20.3,16.2238826751709,9.212139129638672,NA,75,0,0,24.50278091430664,0,24.422223409016926,6,5.5,5.819476316377415
2026-05-23 21:30:00,0,4.060267448425293,2.293092966079712,6.353360414505005,0.08099999999831198,0,35,28.599999745686848,25.799999237060547,25.600000381469727,20.96666653951009,20.96666653951009,20,16.292802810668945,9.17180633544922,NA,75,0,0,24.488889694213867,0,24.416667938232422,6,5.5,5.8195369995975295
2026-05-23 21:45:00,0,4.058429718017578,2.2754058837890625,6.333835601806641,0.08099999999831198,0,35,28.200000127156574,25.799999237060547,25.633333841959637,20.56666628519694,20.56666628519694,19.8,16.006877899169922,9.06586742401123,NA,75,0,0,24.472222010294594,0,24.40833536783854,6,5.5,5.820376938490475
2026-05-23 22:00:00,0,4.007456302642822,2.2856855392456055,6.293141841888428,0.08100000000558794,0,34.93333435058594,27.96666653951009,25.799999237060547,25.666667302449543,20.366666158040363,20.366666158040363,19.6,16.138973236083984,9.08871078491211,NA,75,0,0,24.452777862548828,0,24.3944460550944,6,5.5,5.818398695224727
2026-05-23 22:15:00,0,4.0345916748046875,2.2739202976226807,6.308511972427368,0.08099999999831198,0,34.900001525878906,27.799999237060547,25.733333587646484,25.600000381469727,19.96666653951009,19.96666653951009,19.5,16.152210235595703,8.958867073059082,NA,75,0,0,24.43055597941081,0,24.38888931274414,6,5.5,5.819773640157829
2026-05-23 22:30:00,0,4.023162841796875,2.280850887298584,6.304013729095459,0.08400000000256114,0,34.800000508626304,27.666667302449543,25.700000762939453,25.600000381469727,19.833332697550457,19.833332697550457,19.5,16.105697631835938,9.150443077087402,NA,75,0,0,24.40555636088053,0,24.347222646077473,6,5.5,5.819095342640866
2026-05-23 22:45:00,0,4.033288955688477,2.2967119216918945,6.330000877380371,0.08399999999528518,0,34.266666412353516,27.53333346048991,25.700000762939453,25.600000381469727,19.5,19.5,19.4,16.061681747436523,8.988004684448242,NA,75,0,0,24.38055483500163,0,24.347222646077473,6,5.497333345413208,5.81761764009356
2026-05-23 23:00:00,0,4.02168083190918,2.246840476989746,6.268521308898926,0.31199999999807915,0,32.3999989827474,27.433333079020183,25.700000762939453,25.600000381469727,19.133333841959637,19.133333841959637,19.3,16.212894439697266,NA,NA,75,0,0,24.35555585225423,0,24.31697654724121,6,5.5,5.820783852660748
2026-05-23 23:15:00,0,4.042059898376465,0,4.042059898376465,0.6740000000063446,0,32.09999974568685,28.799999872843426,25.633333841959637,25.600000381469727,18.96666653951009,18.96666653951009,18.8,16.14772605895996,NA,NA,75,0,0,24.319676717122395,0,24.28996976216634,6,5.5,6
2026-05-23 23:30:00,0,4.045709609985352,0,4.045709609985352,0.6429999999963911,0,33.06666692097982,30.433333079020183,25.600000381469727,25.600000381469727,18.700000762939453,18.700000762939453,18.2,16.17108917236328,NA,NA,75,0,0,24.281866709391277,0,24.25486183166504,6,5.460786744003296,6
2026-05-23 23:45:00,0,4.052858352661133,0,4.052858352661133,0.588000000003376,0,33.93333435058594,31.799999872843426,25.600000381469727,25.5,18.433333079020183,18.433333079020183,17.7,16.224523544311523,NA,NA,75,0,0,24.244059244791668,0,24.222456614176433,6,5.389362145470514,6
2026-05-24 00:00:00,0,4.050792694091797,0,4.050792694091797,0.49299999999493593,0,34.89999961853027,32.55000114440918,25.550000190734863,25.5,18.399999618530273,18.399999618530273,17.1,16.25564956665039,NA,NA,75,0,0,24.21030330657959,0,24.21030330657959,6,5.340639973793029,6
2026-05-24 00:15:00,0,4.066557884216309,0,4.066557884216309,0.08100000000558794,0,34.96666717529297,30.600000381469727,25.5,25.5,18.200000127156574,18.200000127156574,16.9,16.313528060913086,9.478848457336426,NA,75,0,0,24.176543553670246,0,24.17114194234212,6,5.314539991128709,6
2026-05-24 00:30:00,0,4.080460548400879,2.281336545944214,6.361797094345093,0.08099999999831198,0,34.96666717529297,29.333333333333332,25.5,25.5,17.933333079020183,17.933333079020183,16.6,16.381065368652344,9.42703628540039,NA,75,0,0,24.141436258951824,0,24.135880788167317,6,5.283864391827053,5.743194209034246
2026-05-24 00:45:00,0,4.087072372436523,2.3704867362976074,6.457559108734131,0.08399999999528518,0,34.900001525878906,28.599999745686848,25.46666653951009,25.399999618530273,17.733333587646484,17.733333587646484,16.4,16.406646728515625,8.939809799194336,NA,75,0,0,24.116666158040363,0,24.11944516499837,6,5.263906626154581,5.729789607807528
2026-05-24 01:00:00,0,4.028141975402832,2.2869131565093994,6.3150551319122314,0.08300000000599539,0,34.900001525878906,28.100000381469727,25.399999618530273,25.399999618530273,17.566666920979817,17.566666920979817,16.2,16.090341567993164,9.010374069213867,NA,75,0,0,24.075000762939453,0,24.069444656372074,6,5.244723293075561,5.726486594053285
2026-05-24 01:15:00,0,4.007102012634277,2.3421947956085205,6.349296808242798,0.08099999999831198,0,34.79999923706055,27.833332697550457,25.399999618530273,25.366666158040363,17.399999618530273,17.399999618530273,16,15.968682289123535,9.999639511108398,NA,75,0,0,24.036112467447914,0,24.02777926127116,6,5.230079990692139,5.715983880845726
2026-05-24 01:30:00,0,4.007774353027344,2.378882646560669,6.386656999588013,0.08200000000215368,0,34.79999923706055,27.666667302449543,25.333332697550457,25.299999237060547,17.233333587646484,17.233333587646484,15.9,16.098657608032227,9.37440586090088,NA,75,0,0,23.994443893432617,0,24.008333206176758,6,5.21088006380717,5.706070997333145
2026-05-24 01:45:00,0,4.0171613693237305,2.379716157913208,6.3968775272369385,0.08099999999831198,0,34.666666666666664,27.566666920979817,25.299999237060547,25.299999237060547,17.166667302449543,17.166667302449543,15.8,16.122201919555664,9.702983856201172,NA,75,0,0,23.95833396911621,0,23.963889439900715,6,5.20922229554918,5.705821086524387
2026-05-24 02:00:00,0,4.029539108276367,2.314852714538574,6.344391822814941,0.08099999999831198,0,33.96666717529297,27.46666653951009,25.233333587646484,25.200000762939453,16.96666653951009,16.96666653951009,15.6,16.10390853881836,9.69009494781494,NA,75,0,0,23.898225784301758,0,23.922686258951824,6,5.217632184596591,5.714540603444217
2026-05-24 02:15:00,0,4.035380840301514,2.383601188659668,6.418982028961182,0.47699999999895226,0,32.166666666666664,27.5,25.200000762939453,25.200000762939453,16.633333206176758,16.633333206176758,15.6,16.093271255493164,NA,NA,75,0,0,23.852315266927082,0,23.884723027547203,6,5.259294429461162,5.724949116477128
2026-05-24 02:30:00,0,4.03037166595459,0,4.03037166595459,0.8329999999987194,0,32.43333307902018,28.99999936421712,25.133333841959637,25.100000381469727,16.5,16.5,15.5,16.1156005859375,NA,NA,75,0,0,23.80640474955241,0,23.844213485717773,6,5.231716677983602,6
2026-05-24 02:45:00,0,4.01010799407959,0,4.01010799407959,0.7220000000015716,0,33.5,30.733333587646484,25.100000381469727,25.100000381469727,16.433333079020183,16.433333079020183,15.4,15.977655410766602,NA,NA,75,0,0,23.74158986409505,0,23.80640411376953,6,5.176483303705852,6
2026-05-24 03:00:00,0,3.9958267211914062,0,3.9958267211914062,0.5970000000015716,0,34.33333206176758,31.96666653951009,25.03333346048991,25,16.166667302449543,16.166667302449543,15.4,16.032146453857422,NA,NA,75,0,0,23.701080322265625,0,23.752392450968426,6,5.108611240810819,6
2026-05-24 03:15:00,0,4.003454208374023,0,4.003454208374023,0.4040000000022701,0,34.93333307902018,31.900000890096027,25,25,16.033333460489906,16.033333460489906,15.4,15.949569702148438,9.3538818359375,NA,75,0,0,23.649769465128582,0,23.70648193359375,6,5.066768914718628,6
2026-05-24 03:30:00,0,4.002303600311279,0,4.002303600311279,0.08099999999831198,0,35,29.566666920979817,24.899999618530273,24.899999618530273,15.899999936421711,15.899999936421711,15.4,16.07674789428711,9.3956451416015625,NA,75,0,0,23.59845797220866,0,23.647069931030273,6,5.048499992688496,6
2026-05-24 03:45:00,0.001279363501193323,4.0178022384643555,2.4183058738708496,6.436108112335205,0.06899999999586726,0,35,28.400000254313152,24.899999618530273,24.899999618530273,15.833333333333332,15.833333333333332,15.4,16.10519027709961,9.331954002380373,NA,75,0,0,23.555245717366535,0,23.601158142089844,6,5.040833333333333,5.639602327441402
2026-05-24 04:00:00,0.1370381075992505,4.021860599517822,2.4103353023529053,6.4321959018707275,0.006000000001222361,0.023000000001047738,34.900001525878906,27.866666158040363,24.799999237060547,24.799999237060547,15.799999872843424,15.799999872843424,15.4,16.117324829101562,9.26157569885254,NA,75,0,0,23.512038548787434,0,23.57415008544922,6,5.041379918530783,5.640776515647221
2026-05-24 04:15:00,0.2879664474971714,4.010404586791992,2.404097557067871,6.414502143859863,0,0.125,34.900001525878906,27.633333841959637,24.766666412353516,24.766666412353516,15.633333524068197,15.633333524068197,15.7,16.01435089111328,9.686909675598145,NA,75,0,0,23.458026250203453,0,23.520139694213867,6,5.022196622041067,5.633528111843571
2026-05-24 04:30:00,0.5191291555413592,4.005452632904053,2.4117207527160645,6.417173385620117,0,0.26199999999880674,34.833333333333336,27.46666653951009,24.700000762939453,24.700000762939453,15.800000190734863,15.800000190734863,15.9,16.032703399658203,9.14372730255127,NA,75,0,0,23.409413655598957,0,23.463427861531578,6,5.044300021966299,5.640826056600084
2026-05-24 04:45:00,0.8283330371583397,4.013688564300537,2.3979246616363525,6.41161322593689,0,0.43800000000010186,34.766666412353516,27.366666158040363,24.666667302449543,24.633333841959637,16,16,16.2,16.02863883972168,9.615682601928713,NA,75,0,0,23.368906656901043,0,23.431018829345703,6,5.070266677856446,5.652282446967572
2026-05-24 05:00:00,1.1725183722222348,4.016743183135986,2.433924436569214,6.4506676197052,0,0.6620000000002619,34.23333231608073,27.266666412353516,24.600000381469727,24.600000381469727,16.233332951863606,16.233332951863606,16.5,16.081466674804688,9.59755802154541,NA,75,0,0,23.322994867960613,0,23.390509287516277,6,5.12074555639055,5.668245365839993
2026-05-24 05:15:00,1.5156071099993929,4.017263412475586,2.4057507514953613,6.423014163970947,0,0.5509999999994761,32.20000012715658,27.200000127156574,24.53333346048991,24.53333346048991,16.766667048136394,16.766667048136394,17.1,16.02583885192871,NA,NA,75,0,0,23.279783884684242,0,23.355401357014973,6,5.2735133725780905,5.727893212555043
2026-05-24 05:30:00,1.8540170326864722,4.00396203994751,0,4.00396203994751,0,0.40200000000004366,32.29999923706055,28.200000127156574,24.5,24.5,17.5,17.5,17.7,16.01934814453125,NA,NA,75,0,0,23.241976420084637,0,23.309490839640297,6,5.355350034713744,6
2026-05-24 05:45:00,2.199335518279996,4.004574298858643,0,4.004574298858643,0,0.8250000000007276,33.36666742960612,30.066666920979817,24.46666653951009,24.399999618530273,18.3000005086263,18.3000005086263,18.3,15.999757766723633,NA,NA,75,0,0,23.212269465128582,0,23.277084350585938,6,5.400123357332017,6
2026-05-24 06:00:00,2.6031026392566083,4.000513553619385,0,4.000513553619385,0,1.1020000000007713,34.233333587646484,31.566666920979817,24.399999618530273,24.399999618530273,18.96666653951009,18.96666653951009,18.9,16.07285499572754,NA,NA,75,0,0,23.171759923299152,0,23.231173197428383,6,5.437174417779711,6
2026-05-24 06:15:00,3.1275685682600884,4.0132880210876465,0,4.0132880210876465,0,1.893000000000029,34.833333333333336,31.900000254313152,24.399999618530273,24.366666158040363,19.799999872843426,19.799999872843426,19.3,16.100780487060547,NA,NA,75,0,0,23.144751866658527,0,23.20416831970215,6,5.5,6
2026-05-24 06:30:00,3.6656323036191085,4.029318332672119,0,4.029318332672119,0,2.4200000000000728,35.03333282470703,30,24.333332697550457,24.299999237060547,20.56666628519694,20.56666628519694,19.6,16.123781204223633,9.472764015197754,NA,75,0,0,23.125851313273113,0,23.20416831970215,6,5.5,6
2026-05-24 06:45:00,4.225372112012633,4.034867286682129,2.392026662826538,6.426893949508667,0,2.763999999999214,35,28.833333333333332,24.299999237060547,24.299999237060547,21.46666653951009,21.46666653951009,20,16.095205307006836,9.659563064575195,NA,75,0,0,23.109646479288738,0,23.155555725097656,6,5.5,5.813904921909486
2026-05-24 07:00:00,4.665911795337831,4.029820442199707,2.375569105148315,6.4053895473480225,0,3.19800000000032,34.96666717529297,28.200000127156574,24.299999237060547,24.299999237060547,22.133333206176758,22.133333206176758,20.4,16.238346099853516,9.964807510375977,NA,75,0,0,23.101543426513672,0,23.144753138224285,6,5.5,5.814564821734233
2026-05-24 07:15:00,5.102905814102579,4.074887275695801,2.4223053455352783,6.497192621231079,0,3.3619999999991705,34.900001525878906,27.700000127156574,24.299999237060547,24.266666412353516,23.200000127156574,23.200000127156574,20.8,16.237194061279297,9.761564254760742,NA,75,0,0,23.096141815185547,0,23.123149871826172,6,5.5,5.813588307539179
2026-05-24 07:30:00,5.5403019185391305,4.069113254547119,2.434393405914306,6.503506660461426,0,3.8029999999998836,34.833333333333336,27.433333079020183,24.299999237060547,24.200000762939453,23.733332951863606,23.733332951863606,21.1,16.353370666503906,9.707961082458496,NA,75,0,0,23.101542154947918,0,23.13665199279785,6,5.5,5.812839939050544
2026-05-24 07:45:00,6.150960394280149,4.109036922454834,2.438314914703369,6.547351837158203,0,4.319999999999709,34.699999491373696,27.266666412353516,24.299999237060547,24.200000762939453,24.433333079020183,24.433333079020183,21.5,16.36180305480957,9.21645450592041,NA,75,0,0,23.096141815185547,0,23.112346013387043,6,5.5,5.813793807378336
2026-05-24 08:00:00,6.737201303769821,4.096002578735352,2.342689275741577,6.438691854476929,0,4.897000000000844,34.09999974568685,27.200000762939453,24.200000762939453,24.200000762939453,25.13333257039388,25.13333257039388,21.9,16.472904205322266,9.57771110534668,NA,75,0,0,23.106945037841797,0,23.115047454833984,6,5.5,5.818077233024231
2026-05-24 08:15:00,7.320846933014215,4.118206977844238,2.3080899715423584,6.426296949386597,0,4.555000000000291,32.09999910990397,27.200000762939453,24.200000762939453,24.200000762939453,25.666666666666668,25.666666666666668,22.2,16.36172866821289,NA,NA,75,0,0,23.106945037841797,0,23.142051696777344,6,5.5,5.820418353701919
2026-05-24 08:30:00,7.74153820544947,4.093851089477539,0,4.093851089477539,0,4.3770000000004075,32.53333409627279,28.1999994913737,24.200000762939453,24.200000762939453,26.03333346048991,26.03333346048991,22.5,16.445972442626953,NA,NA,75,0,0,23.128550847371418,0,23.142053604125977,6,5.5,6
2026-05-24 08:45:00,8.147937159914253,4.101379871368408,0,4.101379871368408,0,5.024999999999636,33.53333282470703,30.200000127156574,24.266666412353516,24.200000762939453,27.133333841959637,27.133333841959637,22.9,16.3039608001709,NA,NA,75,0,0,23.14475377400716,0,23.166358311971027,6,5.5,6
2026-05-24 09:00:00,8.548780021459566,4.075550556182861,0,4.075550556182861,0,5.163000000000466,34.5,31.766666412353516,24.299999237060547,24.200000762939453,28.099999745686848,28.099999745686848,23.2,16.30434226989746,NA,NA,75,0,0,23.190664291381836,0,23.198766708374023,6,5.5,6
2026-05-24 09:15:00,8.972797638997925,4.083608150482178,0,4.083608150482178,0,5.995999999999185,35,30.866666793823242,24.299999237060547,24.200000762939453,29.266667048136394,29.266667048136394,23.5,16.313142776489258,8.609926223754883,NA,75,0,0,23.231173833211262,0,23.2230707804362,6,5.5,6
2026-05-24 09:30:00,9.39345235819029,4.0859575271606445,2.2816030979156494,6.367560625076294,0,6.545000000000073,35,29.03333346048991,24.333332697550457,24.200000762939453,29.8000005086263,29.8000005086263,23.8,16.323461532592773,8.683528900146484,NA,75,0,0,23.274382909138996,0,23.266281763712563,6,5.5,5.820841666671347
2026-05-24 09:45:00,9.745460087232908,4.080260753631592,2.2497355937957764,6.329996347427368,0,6.456000000000131,34.900001525878906,28.06666628519694,24.399999618530273,24.200000762939453,30.399999618530273,30.399999618530273,24.1,16.325197219848633,8.936076164245605,NA,75,0,0,23.331096013387043,0,23.320292154947914,6,5.5,5.822295664142831
2026-05-24 10:00:00,9.984298976284256,4.089571952819824,2.2403454780578613,6.3299174308776855,0,6.9539999999997235,34.900001525878906,27.5,24.399999618530273,24.299999237060547,30.799999872843426,30.799999872843426,24.4,16.391626358032227,8.858194351196289,NA,75,0,0,23.393210728963215,0,23.341899236043293,6,5.5,5.8230351736399175
2026-05-24 10:15:00,10.196490551267892,4.100579738616943,2.2494711875915527,6.350050926208496,0,7.087999999999738,34.79999923706055,27.233333587646484,24.46666653951009,24.299999237060547,31.599999745686848,31.599999745686848,24.6,16.426898956298828,9.184313774108888,NA,75,0,0,23.452625274658203,0,23.39591026306152,6,5.5,5.822877704940339
2026-05-24 10:30:00,10.35143974788385,4.09660005569458,2.2854018211364746,6.382001876831055,0,7.109000000000378,34.63333384195963,27.100000381469727,24.5,24.299999237060547,32.03333282470703,32.03333282470703,24.8,16.42152214050293,9.14655303955078,NA,75,0,0,23.52284113566081,0,23.471529006958008,6,5.5,5.820949455574959
2026-05-24 10:45:00,10.47312549346878,4.094461917877197,2.267242431640625,6.361704349517822,0,6.994000000000597,33.40000025431315,27.03333346048991,24.600000381469727,24.399999618530273,32.23333422342936,32.23333422342936,25,16.392284393310547,9.1259613037109375,NA,75,0,0,23.598456700642902,0,23.5282408396403,6,5.5,5.8218054229593
2026-05-24 11:00:00,10.530111999136219,4.093552589416504,0,4.093552589416504,0,6.587999999999738,31.766666412353516,27.133333206176758,24.633333841959637,24.399999618530273,32.70000076293945,32.70000076293945,25.2,16.37438201904297,NA,NA,75,0,0,23.66867446899414,0,23.582252502441406,6,5.5,6
2026-05-24 11:15:00,10.580738240540583,4.102177143096924,0,4.102177143096924,0,6.496999999999389,32.53333409627279,28.96666653951009,24.700000762939453,24.46666653951009,32.63333384195963,32.63333384195963,25.4,16.408479690551758,NA,NA,75,0,0,23.730788548787434,0,23.655171076456707,6,5.5,6
2026-05-24 11:30:00,10.61783978207519,4.109470844268799,0,4.109470844268799,0,6.42699999999968,33.666666666666664,30.899999618530273,24.766666412353516,24.5,33.13333384195963,33.13333384195963,25.6,16.443153381347656,NA,NA,75,0,0,23.811805725097656,0,23.725385665893555,6,5.5,6
2026-05-24 11:45:00,10.529673360221524,4.106791973114014,0,4.106791973114014,0,6.342000000000553,34.59999974568685,31.733333587646484,24.833332697550457,24.600000381469727,33.13333384195963,33.13333384195963,25.9,16.479633331298828,NA,NA,75,0,0,23.884723027547203,0,23.792901357014976,6,5.5,6
2026-05-24 12:00:00,10.490488283842117,4.12510871887207,0,4.12510871887207,0,6.7039999999997235,35,30.56666628519694,24.899999618530273,24.666667302449543,33.733333587646484,33.733333587646484,26.1,16.467761993408203,9.078152656555176,NA,75,0,0,23.972222010294598,0,23.868519465128582,6,5.5,6
2026-05-24 12:15:00,10.419319119932878,4.107614517211914,2.1666970252990723,6.274311542510986,0,6.8070000000006985,35,29.06666628519694,25,24.700000762939453,33.29999923706055,33.29999923706055,26.1,16.38089370727539,9.320796966552734,NA,75,0,0,24.04722340901693,0,23.93611208597819,6,5.5,5.827335874970598
2026-05-24 12:30:00,10.311779479346857,4.0916314125061035,2.196645975112915,6.2882773876190186,0,6.947000000000116,35,28.366666793823242,25.100000381469727,24.799999237060547,33.13333384195963,33.13333384195963,26.1,16.386573791503906,8.206929206848145,NA,75,0,0,24.13040033976237,0,24.016665776570637,6,5.5,5.82533801868872
2026-05-24 12:45:00,10.011384929266663,4.0929718017578125,2.1351137161254883,6.228085517883301,0,6.855999999999767,34.900001525878906,28,25.166667302449543,24.866666158040363,33.166666666666664,33.166666666666664,26.2,16.394046783447266,8.374481201171875,NA,75,0,0,24.211652119954426,0,24.075000127156574,6,5.5,5.828589884484186
2026-05-24 13:00:00,9.764540880022135,4.103987216949463,2.1710150241851807,6.2750022411346436,0,7.019000000000233,34.86666742960612,27.799999872843426,25.233333587646484,24.933333079020183,32.666665395100914,32.666665395100914,26.2,16.511783599853516,8.531893730163574,NA,75,0,0,24.287268320719402,0,24.15764045715332,6,5.5,5.827010816828599
2026-05-24 13:15:00,9.420757630630042,4.129892349243164,2.1666276454925537,6.296519994735718,0,6.984999999998763,34.699999491373696,27.633333841959637,25.333332697550457,25,33.766666412353516,33.766666412353516,26.2,16.49781036376953,8.587021827697754,NA,75,0,0,24.37777837117513,0,24.227855046590168,6,5.5,5.827950387888549
2026-05-24 13:30:00,9.074159781535327,4.118996620178223,2.1539220809936523,6.272918701171875,0,6.781000000000859,34,27.53333346048991,25.399999618530273,25.066666920979817,33.46666590372721,33.46666590372721,26.2,16.518564224243164,8.310029983520508,NA,75,0,0,24.452777862548828,0,24.295369466145836,6,5.5,5.828315798147418
2026-05-24 13:45:00,8.802934719282343,4.134695529937744,2.1435065269470215,6.278202056884766,0,6.253999999998996,32.16666730244955,27.5,25.5,25.133333841959637,33.53333409627279,33.53333409627279,26.2,16.481670379638672,NA,NA,75,0,0,24.519446055094402,0,24.375000635782875,6,5.5,5.829289778544446
2026-05-24 14:00:00,8.472822382731573,4.118855953216553,0,4.118855953216553,0,5.56000000000131,32.5,28.53333346048991,25.566666920979817,25.200000762939453,34.13333384195963,34.13333384195963,26.2,16.448591232299805,NA,NA,75,0,0,24.59722391764323,0,24.43888982137044,6,5.5,6
2026-05-24 14:15:00,7.997739884874156,4.127200603485107,0,4.127200603485107,0,5.469999999999345,33.63333257039388,30.866666793823242,25.666667302449543,25.299999237060547,34.06666564941406,34.06666564941406,26.1,16.514148712158203,NA,NA,75,0,0,24.666666666666668,0,24.49444643656413,6,5.5,6
2026-05-24 14:30:00,7.499811610209715,4.122094631195068,0,4.122094631195068,0,4.970999999999549,34.666666666666664,32.56666564941406,25.733333587646484,25.366666158040363,34.13333384195963,34.13333384195963,26.1,16.551416397094727,NA,NA,75,0,0,24.738428115844727,0,24.588889439900715,6,5.5,6
2026-05-24 14:45:00,7.005100020919703,4.103462219238281,0,4.103462219238281,0,5.27599999999984,35.099998474121094,31.299999872843426,25.799999237060547,25.46666653951009,34.29999923706055,34.29999923706055,26,16.373279571533203,8.651740074157715,NA,75,0,0,24.808796564737957,0,24.6750005086263,6,5.5,6
2026-05-24 15:00:00,6.483668011076196,4.102487087249756,2.1856298446655273,6.288116931915283,0,5.1340000000000146,35.099998474121094,29.766666412353516,25.899999618530273,25.53333346048991,33.56666564941406,33.56666564941406,26,16.360509872436523,8.686762809753418,NA,75,0,0,24.8817138671875,0,24.719446182250977,6,5.5,5.8262095100703055
2026-05-24 15:15:00,6.058151710579296,4.087145805358887,2.2241034507751465,6.311249256134033,0,4.728000000000975,35,28.56666628519694,26,25.600000381469727,33.300000508626304,33.300000508626304,25.9,16.155485153198242,8.80887222290039,NA,75,0,0,24.93935330708822,0,24.78449312845866,6,5.5,5.8237984778834795
2026-05-24 15:30:00,5.586285898096308,4.057987689971924,2.1796154975891113,6.237603187561035,0,4.5129999999990105,34.96666717529297,28,26.066666920979817,25.666667302449543,33.233333587646484,33.233333587646484,25.7,16.213611602783203,8.42998218536377,NA,75,0,0,25.007870356241863,0,24.857407251993816,6,5.5,5.825284213178575
2026-05-24 15:45:00,5.079548291895078,4.048418998718262,2.13091778755188,6.179336786270142,0,4.269000000000233,34.900001525878906,27.700000127156574,26.100000381469727,25.733333587646484,33.03333409627279,33.03333409627279,25.5,16.200023651123047,8.3824615478515625,NA,75,0,0,25.0678227742513,0,24.917285919189453,6,5.5,5.827577144501449
2026-05-24 16:00:00,4.446263358804383,4.041014671325684,2.0980796813964844,6.139094352722168,0,3.9510000000009313,34.833333333333336,27.53333346048991,26.200000762939453,25.799999237060547,33.166666666666664,33.166666666666664,25.4,16.138813018798828,8.229963302612305,NA,75,0,0,25.1192143758138,0,24.965047200520836,6,5.5,5.829121401231912
2026-05-24 16:15:00,3.880126732904892,4.046779632568359,2.132024049758911,6.1788036823272705,0,3.727999999999156,34.699999491373696,27.5,26.266666412353516,25.866666158040363,32.59999974568685,32.59999974568685,25.2,16.048158645629883,8.839593887329102,NA,75,0,0,25.1750005086263,0,25.022145589192707,6,5.5,5.827472747203721
2026-05-24 16:30:00,3.358073317932234,4.002533435821533,2.131593704223633,6.134127140045166,0,3.212999999999738,33.96666717529297,27.5,26.299999237060547,25.899999618530273,32.36666615804037,32.36666615804037,25,15.95455551147461,8.959716796875,NA,75,0,0,25.21666717529297,0,25.087807337443035,6,5.5,5.826251261543958
2026-05-24 16:45:00,2.941768434643927,3.9872753620147705,2.1840100288391113,6.171285390853882,0,2.4400000000005093,32.36666615804037,27.5,26.399999618530273,26,31.96666717529297,31.96666717529297,24.7,15.865900039672852,NA,NA,75,0,0,25.269445419311523,0,25.124692916870117,6,5.5,5.823050637710264
2026-05-24 17:00:00,2.570424040111842,3.9607839584350586,0,3.9607839584350586,0,1.4989999999997963,32.5,28.833333333333332,26.399999618530273,26.03333346048991,31.433333079020183,31.433333079020183,24.5,15.755996704101562,NA,NA,75,0,0,25.294445037841797,0,25.150001525878906,6,5.5,6
2026-05-24 17:15:00,2.2090221276461737,3.947014093399048,0,3.947014093399048,0,1.1790000000000873,33.59999974568685,31.333332697550457,26.5,26.100000381469727,31.03333346048991,31.03333346048991,24.2,16.004440307617188,NA,NA,75,0,0,25.338889439900715,0,25.219444274902344,6,5.5,6
2026-05-24 17:30:00,1.7754275604703111,3.9913971424102783,0,3.9913971424102783,0,0.5730000000003201,34.63333384195963,32.199999491373696,26.5,26.166667302449543,30.633333206176758,30.633333206176758,24,15.94818878173828,NA,NA,75,0,0,25.36944580078125,0,25.236111323038738,6,5.5,6
2026-05-24 17:45:00,1.3377024768477384,3.9905176162719727,0,3.9905176162719727,0,0.7010000000009313,35.099998474121094,31.166666666666668,26.566666920979817,26.200000762939453,29.833333333333332,29.833333333333332,23.8,15.927533149719238,8.411497116088867,NA,75,0,0,25.40277671813965,0,25.288889567057293,6,5.5,6
2026-05-24 18:00:00,0.9777626940977199,3.9910366535186768,2.151747465133667,6.142784118652344,0,0.5449999999982538,35.06666564941406,29.733333587646484,26.600000381469727,26.266666412353516,29.166666666666668,29.166666666666668,23.5,15.988517761230469,8.644988059997559,NA,75,0,0,25.436112085978188,0,25.333332697550457,6,5.5,5.824855682409548
2026-05-24 18:15:00,0.698934557323358,4.005831718444824,2.1625678539276123,6.1683995723724365,0,0.41300000000046566,35.03333282470703,28.96666653951009,26.633333841959637,26.299999237060547,28.3000005086263,28.3000005086263,23,15.948585510253906,8.654834747314453,NA,75,0,0,25.466668446858723,0,25.366668065388996,6,5.5,5.824705920186047
2026-05-24 18:30:00,0.5075783307877281,3.977872371673584,2.1901397705078125,6.1680121421813965,0,0.2680000000000291,35,28.600000381469727,26.700000762939453,26.366666158040363,27.666666666666668,27.666666666666668,22.6,15.813331604003906,8.627067565917969,NA,75,0,0,25.477779388427734,0,25.383333841959637,6,5.5,5.822459836327978
2026-05-24 18:45:00,0.3465247426089343,3.936850070953369,2.178309440612793,6.115159511566162,0,0.1499999999996362,35,28.366666158040363,26.700000762939453,26.399999618530273,27.06666628519694,27.06666628519694,22.1,15.98520278930664,8.73729133605957,NA,75,0,0,25.502777099609375,0,25.40000025431315,6,5.5,5.82189267209688
2026-05-24 19:00:00,0.19223350436501957,4.028927326202393,2.1642465591430664,6.193173885345459,0,0.08400000000074215,34.96666717529297,28.233333587646484,26.700000762939453,26.433333079020183,26.599999745686848,26.599999745686848,21.6,16.113407135009766,8.749884605407715,NA,75,0,0,25.522221247355144,0,25.41111056009928,6,5.5,5.82527161361768
2026-05-24 19:15:00,0.046532278200545715,4.034524917602539,2.1653904914855957,6.199915409088135,0.010999999998603016,0.0059999999994033715,34.900001525878906,28.166667302449543,26.766666412353516,26.5,25.96666717529297,25.96666717529297,21.2,16.136445999145508,8.956062316894531,NA,75,0,0,25.52777671813965,0,25.444446563720703,6,5.5,5.825369351950233
2026-05-24 19:30:00,3.6553242891237795e-4,4.041291236877441,2.1890900135040283,6.23038125038147,0.06600000000617001,0,34.766666412353516,28.100000381469727,26.799999237060547,26.5,25.366666793823242,25.366666793823242,20.9,16.19774055480957,8.695615768432617,NA,75,0,0,25.52777671813965,0,25.450000762939453,6,5.5,5.824321343628049
2026-05-24 19:45:00,1.096597286737134e-4,4.046159744262695,2.2036995887756348,6.24985933303833,0.08599999999569263,0,34.06666564941406,28.03333346048991,26.799999237060547,26.53333346048991,24.866666793823242,24.866666793823242,20.5,16.176895141601562,8.869223594665527,NA,75,0,0,25.52777671813965,0,25.463890711466473,6,5.5,5.823700064965757
2026-05-24 20:00:00,0,4.046947002410889,2.2198052406311035,6.266752243041992,0.26299999999901047,0,32.53333409627279,28,26.799999237060547,26.600000381469727,24.366666158040363,24.366666158040363,20.1,16.181503295898438,9.027337074279783,NA,75,0,0,25.52777671813965,0,25.455557505289715,6,5.5,5.8228902983123545
2026-05-24 20:15:00,0,4.037744998931885,0,4.037744998931885,0.7420000000056461,0,32.59999974568685,28.799999872843426,26.799999237060547,26.600000381469727,24.099999745686848,24.099999745686848,20,16.120479583740234,NA,NA,75,0,0,25.522221247355144,0,25.46111297607422,6,5.5,6
2026-05-24 20:30:00,0,4.04632043838501,0,4.04632043838501,0.6039999999993597,0,33.56666692097982,30.93333371480306,26.799999237060547,26.600000381469727,23.366666793823242,23.366666793823242,19.8,16.224016189575195,NA,NA,75,0,0,25.51944351196289,0,25.480557123819988,6,5.5,6
2026-05-24 20:45:00,0,4.063670635223389,0,4.063670635223389,0.5799999999944703,0,34.5,32.36666615804037,26.799999237060547,26.666667302449543,23.166666666666668,23.166666666666668,19.6,16.149030685424805,NA,NA,75,0,0,25.50555483500163,0,25.4472230275472,6,5.5,6
2026-05-24 21:00:00,0,4.020443916320801,0,4.020443916320801,0.15300000000570435,0,35,31.433333079020183,26.799999237060547,26.700000762939453,22.700000127156574,22.700000127156574,19.5,15.879354476928713,8.7394561767578125,NA,75,0,0,25.49999936421712,0,25.447224299112957,6,5.5,6
2026-05-24 21:15:00,0,3.978883028030395,2.1685736179351807,6.147456645965576,0.08499999999912689,0,35,29.733333587646484,26.799999237060547,26.700000762939453,22.46666653951009,22.46666653951009,19.3,15.97564697265625,8.965869903564453,NA,75,0,0,25.48888905843099,0,25.463890711466473,6,5.5,5.823620259334536
2026-05-24 21:30:00,0,3.993274211883545,2.1907787322998047,6.18405294418335,0.08599999999569263,0,34.96666717529297,28.933333079020183,26.799999237060547,26.700000762939453,21.833333333333332,21.833333333333332,19.1,15.970005989074709,8.645008087158203,NA,75,0,0,25.477779388427734,0,25.458335240681965,6,5.5,5.822868695330267
2026-05-24 21:45:00,0,4.016891956329346,2.179344415664673,6.1962363719940186,0.08400000000256114,0,34.900001525878906,28.5,26.799999237060547,26.700000762939453,21.633333841959637,21.633333841959637,19,16.079790115356445,8.733747482299805,NA,75,0,0,25.450002034505207,0,25.424998601277668,6,5.5,5.824139664400558
2026-05-24 22:00:00,0,4.0368733406066895,2.179903268814087,6.216776609420776,0.08400000000256114,0,34.900001525878906,28.333332697550457,26.799999237060547,26.700000762939453,21.099999745686848,21.099999745686848,18.8,16.118473052978516,8.580543518066406,NA,75,0,0,25.433334350585938,0,25.411109924316406,6,5.5,5.824675759982214
2026-05-24 22:15:00,0,4.035924434661865,2.2065718173980713,6.2424962520599365,0.08499999999912689,0,34.79999923706055,28.200000762939453,26.700000762939453,26.666667302449543,20.933333079020183,20.933333079020183,18.6,16.249923706054688,8.681598663330078,NA,75,0,0,25.411109924316406,0,25.38888931274414,6,5.5,5.823262063099363
2026-05-24 22:30:00,0,4.068237781524658,2.1873202323913574,6.255558013916016,0.08399999999528518,0,34.699999491373696,28.100000381469727,26.700000762939453,26.600000381469727,20.566666920979817,20.566666920979817,18.3,16.26443862915039,8.553071022033691,NA,75,0,0,25.38055674235026,0,25.363890329996746,6,5.5,5.82516985474953
2026-05-24 22:45:00,0,4.076490879058838,2.2500641345977783,6.326555013656616,0.08600000000296859,0,34.09999974568685,28,26.700000762939453,26.600000381469727,20.366666158040363,20.366666158040363,18,16.359363555908203,9.26596450805664,NA,75,0,0,25.34722391764323,0,25.344443639119465,6,5.5,5.822173036530881
2026-05-24 23:00:00,0,4.044781684875488,2.266555070877075,6.3113367557525635,0.4279999999998836,0,32.13333320617676,27.833332697550457,26.666667302449543,26.600000381469727,20.099999745686848,20.099999745686848,17.8,15.88627815246582,NA,NA,75,0,0,25.316665649414062,0,25.316665649414062,6,5.5,5.820437796413637
2026-05-24 23:15:00,0,3.977491617202759,0,3.977491617202759,0.7819999999992433,0,32.56666692097982,28.8000005086263,26.600000381469727,26.600000381469727,19.600000381469727,19.600000381469727,17.6,15.872661590576172,NA,NA,75,0,0,25.280556360880535,0,25.28611183166504,6,5.5,6
2026-05-24 23:30:00,0,3.9786336421966553,0,3.9786336421966553,0.6610000000000582,0,33.36666615804037,30.333332697550457,26.600000381469727,26.5,19.5,19.5,17.5,15.884868621826172,NA,NA,75,0,0,25.233334223429363,0,25.24722417195638,6,5.5,6
2026-05-24 23:45:00,0,3.984352350234986,0,3.984352350234986,0.5840000000025611,0,34.166666666666664,31.833333333333332,26.53333346048991,26.5,19.233333587646484,19.233333587646484,17.3,15.93777847290039,NA,NA,75,0,0,25.19444465637207,0,25.21111234029134,6,5.471194473902385,6
2026-05-25 00:00:00,0,3.993894338607788,0,3.993894338607788,0.4110000000000582,0,35,32.5,26.5,26.5,19,19,17.1,15.962648868560791,8.646054744720459,NA,75,0,0,25.15277862548828,0,25.169445037841797,6,5.404999999999999,6
2026-05-25 00:15:00,0,3.991889476776123,0,3.991889476776123,0.08399999999528518,0,35,30.666667302449543,26.5,26.433333079020183,18.799999872843426,18.799999872843426,16.9,15.980026245117188,8.767436027526855,NA,75,0,0,25.1192143758138,0,25.152623494466148,6,5.381999985376994,6
2026-05-25 00:30:00,0,3.995058298110962,2.22503924369812,6.220097541809082,0.08400000000256114,0,35,29.56666628519694,26.399999618530273,26.399999618530273,18.53333346048991,18.53333346048991,16.8,15.998918533325195,9.391831398010254,NA,75,0,0,25.07067934672038,0,25.09637387593587,6,5.35133334795634,5.767960430335046
2026-05-25 00:45:00,0,4.002996921539307,2.2816097736358643,6.284606695175171,0.08400000000256114,0,35,28.933333079020183,26.399999618530273,26.399999618530273,18.299999237060547,18.299999237060547,16.6,15.94812297821045,8.951299667358398,NA,75,0,0,25.03356424967448,0,25.076387405395508,6,5.324499912261962,5.754761486751714
2026-05-25 01:00:00,0,3.9971492290496826,2.20817494392395,6.205324172973633,0.08399999999528518,0,34.900001525878906,28.600000381469727,26.333332697550457,26.299999237060547,18.066666920979817,18.066666920979817,16.4,15.962526321411133,9.455758094787598,NA,75,0,0,24.987887064615887,0,25.042128880818684,6,5.302273292312621,5.751712788780299
2026-05-25 01:15:00,0,3.9964723587036137,2.2797329425811768,6.27620530128479,0.08400000000256114,0,34.900001525878906,28.333332697550457,26.299999237060547,26.299999237060547,17.633333206176758,17.633333206176758,16.2,15.945552825927734,9.488533020019531,NA,75,0,0,24.936499277750652,0,25.007871627807617,6,5.252396582400004,5.728444807447569
2026-05-25 01:30:00,0,3.986968517303467,2.367363214492798,6.354331731796265,0.08400000000256114,0,34.833333333333336,28.166667302449543,26.233333587646484,26.200000762939453,17.566666920979817,17.566666920979817,16,15.90239143371582,9.072195053100586,NA,75,0,0,24.897918065388996,0,24.925387064615887,6,5.247761140399509,5.719746673624354
2026-05-25 01:45:00,0,3.98177170753479,2.314000368118286,6.295772075653076,0.08299999999871943,0,34.699999491373696,28.066666920979817,26.200000762939453,26.200000762939453,17.299999872843426,17.299999872843426,15.8,15.910300254821776,9.75723361968994,NA,75,0,0,24.841203053792317,0,24.88981564839681,6,5.223090008379618,5.714448047832505
2026-05-25 02:00:00,0,4.004157066345215,2.349865674972534,6.354022741317749,0.08399999999528518,0,34,27.96666653951009,26.133333841959637,26.100000381469727,16.899999618530273,16.899999618530273,15.6,16.109201431274414,9.637373924255373,NA,75,0,0,24.79259427388509,0,24.85470708211263,6,5.2083999557495115,5.707247857299109
2026-05-25 02:15:00,0,4.036730766296387,2.380280017852783,6.41701078414917,0.5140000000028522,0,32.36666742960612,28.03333282470703,26.100000381469727,26.066666920979817,16.700000127156574,16.700000127156574,15.4,16.070499420166016,NA,NA,75,0,0,24.735880533854168,0,24.803394953409832,6,5.258209980854458,5.724845723436185
2026-05-25 02:30:00,0,4.021620750427246,0,4.021620750427246,0.8079999999972642,0,32.766666412353516,29.233332951863606,26,26,16.433333079020183,16.433333079020183,15.3,16.079647064208984,NA,NA,75,0,0,24.677777608235676,0,24.76018778483073,6,5.209067759263781,6
2026-05-25 02:45:00,0,4.01224422454834,0,4.01224422454834,0.6940000000031432,0,33.66666793823242,31.03333346048991,25.96666653951009,25.933333079020183,16.166666666666668,16.166666666666668,15.2,16.031761169433594,NA,NA,75,0,0,24.622224171956383,0,24.700000127156578,6,5.138055499394735,6
2026-05-25 03:00:00,0,4.019250392913818,0,4.019250392913818,0.5999999999985448,0,34.40000025431315,32.09999974568685,25.899999618530273,25.899999618530273,15.933333396911621,15.933333396911621,15,16.063213348388672,NA,NA,75,0,0,24.57222239176432,0,24.666667302449543,6,5.078693329510159,6
2026-05-25 03:15:00,0,4.021414756774902,0,4.021414756774902,0.3389999999999418,0,34.86666742960612,31.6999994913737,25.833332697550457,25.833332697550457,15.633333524068197,15.633333524068197,14.9,16.12371063232422,9.58597183227539,NA,75,0,0,24.51666831970215,0,24.602778752644856,6,5.0236510997814605,6
2026-05-25 03:30:00,0,4.023705005645752,0,4.023705005645752,0.08499999999912689,0,34.900001525878906,29.96666653951009,25.799999237060547,25.799999237060547,15.533333142598469,15.533333142598469,14.8,16.008352279663086,9.93936252593994,NA,75,0,0,24.46388880411784,0,24.541667302449543,6,5.010686578286489,6
2026-05-25 03:45:00,0.011806697453869808,3.997536420822144,2.3598639965057373,6.357400417327881,0.05200000000331784,0,34.900001525878906,29,25.700000762939453,25.700000762939453,15.46666653951009,15.46666653951009,14.7,15.997810363769531,9.50489616394043,NA,75,0,0,24.416667938232422,0,24.49444643656413,6,5.0030132523727415,5.629918995772832
2026-05-25 04:00:00,0.17684458910780845,3.999113798141479,2.4000933170318604,6.39920711517334,0.006000000001222361,0.009000000000014552,34.86666742960612,28.600000381469727,25.666667302449543,25.633333841959637,15.233333587646484,15.233333587646484,14.6,15.970087051391602,9.465642929077148,NA,75,0,0,24.358333587646484,0,24.43611208597819,6,4.977597774073282,5.616536751256761
2026-05-25 04:15:00,0.33851958241575325,3.98491096496582,2.393254280090332,6.378165245056152,0,0.06999999999970896,34.79999923706055,28.299999872843426,25.600000381469727,25.600000381469727,15.100000381469728,15.100000381469728,14.9,15.922863960266112,9.33977508544922,NA,75,0,0,24.3034725189209,0,24.380556106567383,6,4.965120076828004,5.611686008381375
2026-05-25 04:30:00,0.545995789066419,3.9972083568573,2.395981550216675,6.393189907073975,0,0.15800000000126602,34.70000076293945,28.133333841959637,25.53333346048991,25.5,15.100000381469728,15.100000381469728,15.3,16.027446746826172,9.706801414489746,NA,75,0,0,24.257561365763348,0,24.33356475830078,6,4.96943001110077,5.6137723553499645
2026-05-25 04:45:00,0.8266150347424516,4.005043983459473,2.415498971939087,6.42054295539856,0,0.2510000000002037,34.43333307902018,27.933333079020183,25.46666653951009,25.46666653951009,15.266666730244955,15.266666730244955,15.7,16.0523624420166,9.45350456237793,NA,75,0,0,24.19544728597005,0,24.287267684936523,6,5.000184462795259,5.623855269091201
2026-05-25 05:00:00,1.2499015874229853,4.013721466064453,2.4139626026153564,6.42768406867981,0.01599999999598367,0.34799999999995634,32.90000025431315,27.733333587646484,25.399999618530273,25.399999618530273,15.533333142598469,15.533333142598469,16,16.031232833862305,9.529294967651367,NA,75,0,0,24.14135996500651,0,24.21705373128255,6,5.097753299927182,5.661154815787914
2026-05-25 05:15:00,1.6715432441734133,4.003660202026367,0,4.003660202026367,0,0.08599999999933061,32.03333346048991,28.46666653951009,25.333332697550457,25.299999237060547,16.333333333333332,16.333333333333332,16.8,15.94273853302002,NA,NA,75,0,0,24.094443639119465,0,24.18734614054362,6,5.229855549918281,6
2026-05-25 05:30:00,2.1319313383885534,4.012386322021484,0,4.012386322021484,0,0.44499999999970896,32.79999923706055,29.833332697550457,25.299999237060547,25.266666412353516,17.299999872843426,17.299999872843426,17.5,16.062076568603516,NA,NA,75,0,0,24.04722340901693,0,24.135880788167317,6,5.309160019658407,6
2026-05-25 05:45:00,2.522685504895885,4.019280910491943,0,4.019280910491943,0,0.8990000000012515,33.70000076293945,31.266666412353516,25.200000762939453,25.200000762939453,18,18,18.2,16.114585876464844,NA,NA,75,0,0,23.999998728434242,0,24.091665903727215,6,5.3497999649047845,6
2026-05-25 06:00:00,2.928901693146211,4.034071445465088,0,4.034071445465088,0,1.3239999999987049,34.43333435058594,31.733333587646484,25.200000762939453,25.166667302449543,19.133333206176758,19.133333206176758,19,16.153608322143555,NA,NA,75,0,0,23.983333587646484,0,24.058334350585938,6,5.447042159580655,6
2026-05-25 06:15:00,3.3595720008907746,4.027283668518066,0,4.027283668518066,0,2.074000000000524,34.93333307902018,31.566666920979817,25.100000381469727,25.100000381469727,20.03333346048991,20.03333346048991,19.6,16.07447624206543,9.760443687438965,NA,75,0,0,23.9472230275472,0,24.027777989705402,6,5.5,6
2026-05-25 06:30:00,3.940695456375673,4.033641338348389,0,4.033641338348389,0,2.6350000000002183,35,29.799999872843426,25.100000381469727,25.100000381469727,20.53333346048991,20.53333346048991,20.3,16.19344139099121,9.597564697265623,NA,75,0,0,23.92793337504069,0,23.999998728434246,6,5.5,6
2026-05-25 06:45:00,4.585129128548195,4.055461406707764,2.4104220867156982,6.465883493423462,0,3.011000000000422,34.93333435058594,28.799999872843426,25.100000381469727,25.066666920979817,21.53333346048991,21.53333346048991,21,16.21554946899414,9.942941665649414,NA,75,0,0,23.90632692972819,0,23.98055585225423,6,5.5,5.813604584031913
2026-05-25 07:00:00,5.175208128541447,4.059670448303223,2.3692781925201416,6.428948640823364,0,3.456000000000131,34.900001525878906,28.299999872843426,25.03333346048991,25,22.56666628519694,22.56666628519694,21.6,16.338274002075195,9.53905200958252,NA,75,0,0,23.89282480875651,0,23.969444910685223,6,5.5,5.815733619531863
2026-05-25 07:15:00,5.685966591460713,4.094463348388672,2.424626111984253,6.519089460372925,0,3.8869999999988067,34.79999923706055,28.03333346048991,25,25,23.433333079020183,23.433333079020183,22,16.367416381835938,9.764509201049805,NA,75,0,0,23.876620610555012,0,23.9308656056722,6,5.5,5.814036444297733
2026-05-25 07:30:00,6.216683124998594,4.095379829406738,2.438230276107788,6.533610105514526,0,4.2520000000004075,34.59999974568685,27.833332697550457,25,25,24.266667048136394,24.266667048136394,22.5,16.35527801513672,9.589531898498535,NA,75,0,0,23.88472366333008,0,23.92253049214681,6,5.5,5.813408648761436
2026-05-25 07:45:00,6.677107772456626,4.095272064208984,2.4137024879455566,6.508974552154541,0,4.540000000000873,33.43333307902018,27.733333587646484,25,24.933333079020183,25,25,22.9,16.304851531982422,9.76110553741455,NA,75,0,0,23.879320780436196,0,23.91172981262207,6,5.5,5.814586578223247
2026-05-25 08:00:00,7.20998094732509,4.072180271148682,0,4.072180271148682,0,4.583999999998923,32.199999491373696,27.799999872843426,25,24.899999618530273,26.400000254313152,26.400000254313152,23.3,16.226539611816406,NA,NA,75,0,0,23.876620610555012,0,23.909027099609375,6,5.5,6
2026-05-25 08:15:00,7.776848638082406,4.060303211212158,0,4.060303211212158,0,4.805000000000291,32.90000025431315,28.96666653951009,25,24.899999618530273,27.53333346048991,27.53333346048991,23.5,16.25244140625,NA,NA,75,0,0,23.88472366333008,0,23.919830958048504,6,5.5,6
2026-05-25 08:30:00,8.310416324565804,4.055562496185303,0,4.055562496185303,0,5.244000000000597,33.8999989827474,30.56666628519694,25,24.899999618530273,28.233333587646484,28.233333587646484,23.6,16.170398712158203,NA,NA,75,0,0,23.892826080322266,0,23.92523193359375,6,5.5,6
2026-05-25 08:45:00,8.790799042642451,4.043534278869629,0,4.043534278869629,0,5.636999999998807,34.733333587646484,32.23333231608073,25,24.899999618530273,29.266667048136394,29.266667048136394,23.8,16.116878509521484,NA,NA,75,0,0,23.91982905069987,0,23.930632909138996,6,5.5,6
2026-05-25 09:00:00,9.189265943399835,4.043534278869629,0,4.043534278869629,0,2.088999999999942,35,31.299999237060547,25,24.899999618530273,29.799999237060547,29.799999237060547,24,16.1986083984375,9.590860366821287,NA,75,0,0,23.933334350585938,0,23.941667556762695,6,5.5,6
2026-05-25 09:15:00,9.529211102288347,4.074698448181152,2.2599234580993652,6.334621906280518,0,10.863000000001193,35,29.599999745686848,25.03333346048991,24.899999618530273,30.333333333333332,30.333333333333332,24.2,16.528057098388672,9.2899322509765625,NA,75,0,0,24.000000635782875,0,23.991666158040363,6,5.5,5.821621282885191
2026-05-25 09:30:00,9.735810031109622,4.127415657043457,2.299398899078369,6.426814556121826,0,6.6929999999993015,35,28.900000254313152,25.100000381469727,24.899999618530273,30.666666666666668,30.666666666666668,24.4,16.51022720336914,9.413427352905272,NA,75,0,0,24.058334350585938,0,24.055556615193684,6,5.5,5.821108974049353
2026-05-25 09:45:00,10.143195923132467,4.1718668937683105,2.3215317726135254,6.493398666381836,0,6.960999999999331,35,28.633333841959637,25.100000381469727,25,30.899999618530273,30.899999618530273,24.6,16.313791275024414,9.300801277160645,NA,75,0,0,24.11666742960612,0,24.122222900390625,6,5.5,5.821239085116339
2026-05-25 10:00:00,10.480728567990157,4.087231159210205,2.327742576599121,6.414973735809326,0,7.109000000000378,34.93333435058594,28.233333587646484,25.166667302449543,25,31.733333587646484,31.733333587646484,24.8,16.351926803588867,9.339499473571776,NA,75,0,0,24.173842748006184,0,24.152238210042317,6,5.5,5.818569594166433
2026-05-25 10:15:00,10.717593581925378,4.06601619720459,2.2942142486572266,6.360230445861816,0,7.181000000000495,34.900001525878906,27.866666158040363,25.200000762939453,25,32.09999974568685,32.09999974568685,24.9,16.240489959716797,9.12959098815918,NA,75,0,0,24.238659540812176,0,24.198148091634113,6,5.5,5.81964377956227
2026-05-25 10:30:00,10.782110055628413,4.098659992218018,2.276294469833374,6.374954462051392,0,7.248999999999796,34.766666412353516,27.700000762939453,25.266666412353516,25.066666920979817,32.53333282470703,32.53333282470703,25,16.64822006225586,9.286052703857422,NA,75,0,0,24.3034725189209,0,24.262962977091473,6,5.5,5.821465825098546
2026-05-25 10:45:00,10.832663190546995,4.165428638458252,2.305830955505371,6.471259593963623,0,7.2849999999998545,34.333333333333336,27.700000762939453,25.299999237060547,25.100000381469727,32.40000025431315,32.40000025431315,25.2,16.713003158569336,9.329130172729492,NA,75,0,0,24.37777837117513,0,24.320138295491535,6,5.5,5.821840638439521
2026-05-25 11:00:00,10.89630238642064,4.1796064376831055,2.306633234024048,6.486239671707153,0,7.302999999999884,32.96666717529297,27.666667302449543,25.399999618530273,25.133333841959637,33.13333257039388,33.13333257039388,25.3,16.624048233032227,8.82099723815918,NA,75,0,0,24.44444529215495,0,24.397223790486652,6,5.5,5.822190255774426
2026-05-25 11:15:00,11.014954212845598,4.101079940795898,0,4.101079940795898,0,6.684999999999491,32.266666412353516,28.133333841959637,25.433333079020183,25.200000762939453,33.06666692097982,33.06666692097982,25.5,16.29943084716797,NA,NA,75,0,0,24.513891220092773,0,24.430556615193684,6,5.5,6
2026-05-25 11:30:00,10.924046297775089,4.080539226531982,0,4.080539226531982,0,6.722000000001572,33.06666692097982,30.266666412353516,25.5,25.233333587646484,33.333333333333336,33.333333333333336,25.7,16.340667724609375,NA,NA,75,0,0,24.58888880411784,0,24.52777926127116,6,5.5,6
2026-05-25 11:45:00,10.923351786160156,4.0909743309021,0,4.0909743309021,0,6.875999999998385,34.09999974568685,31.96666653951009,25.600000381469727,25.299999237060547,33.5,33.5,25.9,16.290918350219727,NA,NA,75,0,0,24.672222137451172,0,24.58333460489909,6,5.5,6
2026-05-25 12:00:00,10.869801285324492,4.077869415283203,0,4.077869415283203,0,7.100000000000364,34.93333307902018,32.699999491373696,25.666667302449543,25.399999618530273,33.93333307902018,33.93333307902018,26.1,16.322872161865234,8.869175910949707,NA,75,0,0,24.754786173502605,0,24.650000890096027,6,5.5,6
2026-05-25 12:15:00,10.750966692685079,4.084205627441406,0,4.084205627441406,0,7.289000000000669,35,30.633333841959637,25.733333587646484,25.433333079020183,34.333333333333336,34.333333333333336,26.1,16.423858642578125,8.077112197875977,NA,75,0,0,24.830400466918945,0,24.738428115844727,6,5.5,6
2026-05-25 12:30:00,10.687290943568541,4.079398155212402,2.183631896972656,6.263030052185059,0,7.300999999999476,34.900001525878906,29.5,25.799999237060547,25.5,34.76666768391927,34.76666768391927,26.1,16.32746124267578,9.070815086364746,NA,75,0,0,24.90331967671712,0,24.808796564737957,6,5.5,5.825672886863218
2026-05-25 12:45:00,10.518780493839936,4.0753936767578125,2.154733419418335,6.2301270961761475,0,7.213999999999942,34.900001525878906,28.633333206176758,25.899999618530273,25.600000381469727,34.333333333333336,34.333333333333336,26.1,16.27239418029785,8.52590560913086,NA,75,0,0,24.97361183166504,0,24.873611450195312,6,5.5,5.827071471724803
2026-05-25 13:00:00,10.23099681255722,4.077011585235596,2.156581401824951,6.233592987060547,0,7.2039999999997235,34.833333333333336,28.200000127156574,26,25.666667302449543,34.43333435058594,34.43333435058594,26.1,16.341127395629883,8.57499885559082,NA,75,0,0,25.05640411376953,0,24.93078867594401,6,5.5,5.827019392643897
2026-05-25 13:15:00,9.91115593725889,4.082974910736084,2.204817295074463,6.287792205810547,0,7.1380000000008295,34.79999923706055,28.03333346048991,26.066666920979817,25.733333587646484,33.70000076293945,33.70000076293945,26.1,16.305892944335938,9.023351669311523,NA,75,0,0,25.144446690877277,0,25.010725657145183,6,5.5,5.824674764773795
2026-05-25 13:30:00,9.567628560567037,4.078559398651123,2.143836259841919,6.222395658493042,0,7.082000000000335,34.733333587646484,27.899999618530273,26.133333841959637,25.799999237060547,34.06666564941406,34.06666564941406,26,16.2618408203125,8.836883544921875,NA,75,0,0,25.21666717529297,0,25.084952036539715,6,5.5,5.827732245142933
2026-05-25 13:45:00,9.23605409430062,4.080772399902344,2.136826992034912,6.217599391937256,0,7.022999999999229,34.300000508626304,27.899999618530273,26.233333587646484,25.866666158040363,33.86666742960612,33.86666742960612,26,16.34883689880371,8.257763862609863,NA,75,0,0,25.28611183166504,0,25.14722442626953,6,5.5,5.828163021020149
2026-05-25 14:00:00,8.87666261019397,4.086276531219482,2.111589193344116,6.197865724563599,0,6.873999999999796,32.73333231608073,27.899999618530273,26.299999237060547,25.933333079020183,33.93333307902018,33.93333307902018,26,16.393341064453125,8.623369216918945,NA,75,0,0,25.361111323038738,0,25.22500165303548,6,5.5,5.8296519086420835
2026-05-25 14:15:00,8.510435669666657,4.112319469451904,0,4.112319469451904,0,6.005000000001019,32.333333333333336,28.266667048136394,26.399999618530273,26,34.09999974568685,34.09999974568685,26,16.429088592529297,NA,NA,75,0,0,25.411109924316406,0,25.297222137451172,6,5.5,6
2026-05-25 14:30:00,8.096397087437607,4.135253429412842,0,4.135253429412842,0,5.863999999999578,33.300000508626304,30.333333333333332,26.46666653951009,26.100000381469727,34.166666666666664,34.166666666666664,26,16.564632415771484,NA,NA,75,0,0,25.486111958821613,0,25.34166717529297,6,5.5,6
2026-05-25 14:45:00,7.522547727288065,4.137689113616943,0,4.137689113616943,0,5.717000000000553,34.333333333333336,32.16666603088379,26.53333346048991,26.166667302449543,33.53333409627279,33.53333409627279,25.9,16.56353187561035,NA,NA,75,0,0,25.55918248494466,0,25.427777608235676,6,5.5,6
2026-05-25 15:00:00,7.0011157174445575,4.137689113616943,0,4.137689113616943,0,1.8779999999987922,35,33.099998474121094,26.600000381469727,26.200000762939453,33,33,25.9,16.709823608398438,8.920565605163574,NA,75,0,0,25.6048641204834,0,25.45277976989746,6,5.5,6
2026-05-26 11:30:00,10.858433226785317,4.153576374053955,2.198418140411377,6.351994514465332,10.504000000000815,165.53600000000006,34.900001525878906,28.65000057220459,25.65000057220459,25.34999942779541,35.25,35.25,27.6,17.055771827697754,8.735354900360107,NA,75,0,0,24.800695419311523,0,24.715277671813965,6,5.5,5.826950563684766
2026-05-26 11:45:00,10.874589760143245,0,2.2241861820220947,2.2241861820220947,0,7.139000000001033,34.666666666666664,28.46666653951009,12.633333206176758,13.066666603088379,34.86666615804037,34.86666615804037,27.8,17.806358337402344,8.655981063842773,NA,75,0,0,29.243519465128582,0,11.727778434753418,5.432968877156576,5.5,5.5
2026-05-26 12:00:00,10.80356680920557,0,2.204832077026367,2.204832077026367,0,6.796999999998661,34.06666564941406,28.233333587646484,12.166666666666668,11.49999968210856,35.36666742960612,35.36666742960612,28,17.942562103271484,8.85065746307373,NA,75,0,0,34.31149864196777,0,11.386575063069662,5.417951158650717,5.5,5.5
2026-05-26 12:15:00,10.648654165832504,0,2.2487237453460693,2.2487237453460693,0,7.309000000001106,33.96666590372721,28.100000381469727,13,13.53333346048991,35.56666819254557,35.56666819254557,28,16.479900360107422,9.238534927368164,NA,75,0,0,31.314353307088215,0,13.190509796142578,5.499980036163331,5.5,5.5
2026-05-26 12:30:00,10.468629444593157,4.121851921081543,2.2781193256378174,6.39997124671936,0,7.2960000000002765,33.96666717529297,28.100000381469727,13.866666793823242,14.533333142598469,35.56666692097982,35.56666692097982,28,16.521127700805664,9.03409194946289,NA,75,0,0,31.186188379923504,0,14.437500635782877,5.580429765119764,5.5,5.551800167389967
2026-05-26 12:45:00,10.280636116403521,4.1382341384887695,2.2629921436309814,6.401226282119751,0,7.260000000000218,33.96666717529297,28.100000381469727,14.699999809265137,15.600000063578287,36.13333257039388,36.13333257039388,28.1,16.562671661376953,8.891297340393066,NA,75,0,0,30.713349660237633,0,15.414352099100748,5.657785290827433,5.5,5.6020042798482725
2026-05-26 13:00:00,10.090924785797997,4.148263931274414,2.243567943572998,6.391831874847412,0,7.1819999999988795,34,28.100000381469727,15.600000063578287,16.599999745686848,36,36,28.1,16.33245277404785,9.0914459228515625,NA,75,0,0,30.33333460489909,0,16.200617790222168,5.739680005900065,5.5,5.6555510130726985
2026-05-26 13:15:00,9.813266352796155,4.080180644989014,2.1844375133514404,6.264618158340454,0,7.122000000001208,34,28.100000381469727,16.366666793823242,17.43333371480306,36.5,36.5,28.1,16.291728973388672,8.03082275390625,NA,75,0,0,30.051621119181316,0,16.79351870218913,5.810826678466796,5.5,5.702443144238245
2026-05-26 13:30:00,9.440277062333966,4.073146820068359,2.204779148101806,6.277925968170166,0,7.435999999999694,34,28.100000381469727,17.09999942779541,18.149999618530273,35.64999961853027,35.64999961853027,28.1,16.290852546691895,8.56296968460083,NA,75,0,0,29.790743827819824,0,17.28935146331787,5.8788799468994135,5.5,5.745819026653929
2026-05-26 13:45:00,9.06980994563127,4.076531410217285,2.1548733711242676,6.231404781341553,0,6.487999999999374,34,28.100000381469727,17.700000127156574,18.900000254313152,36,36,28.2,16.374431610107422,8.513713836669922,NA,75,0,0,29.57160441080729,0,17.713271458943684,5.934560011800129,5.5,5.784285421969689
2026-05-26 14:00:00,8.668930530843065,4.090025901794434,2.229758977890014,6.319784879684448,0,6.725000000000364,34,28.100000381469727,18.299999872843426,19.433333079020183,35.43333435058594,35.43333435058594,28.2,16.37188720703125,9.371554374694824,NA,75,0,0,29.383333841959637,0,18.156790415445965,5.990239988199869,5.5,5.817272547722063
2026-05-26 14:15:00,8.313961989126254,4.0729241371154785,2.277531385421753,6.3504555225372314,0,6.472999999999956,34,28.100000381469727,18.833333333333332,19.96666653951009,36.53333282470703,36.53333282470703,28.1,16.21434783935547,8.328388214111328,NA,75,0,0,29.19838205973307,0,18.544445037841797,6,5.5,5.820679683737727
2026-05-26 14:30:00,7.91132801867927,4.044250011444092,2.224255084991455,6.268505096435547,0,6.221999999999753,33.96666717529297,28.100000381469727,19.333333333333332,20.400000254313152,36.96666717529297,36.96666717529297,28.1,16.246591567993164,8.595954895019531,NA,75,0,0,29.055556615193684,0,18.929244995117188,6,5.5,5.82258488660588
2026-05-26 14:45:00,7.488845637342344,4.065783977508545,2.2125842571258545,6.278368234634399,0,5.941999999999098,33.900001525878906,28.200000762939453,19.766666412353516,20.799999872843426,36.699999491373696,36.699999491373696,28,16.252174377441406,8.738770484924316,NA,75,0,0,28.901466369628906,0,19.285417556762695,6,5.5,5.823793048254146
2026-05-26 15:00:00,6.947784536066242,4.070481300354004,2.1968727111816406,6.2673540115356445,0,5.642000000001644,33.900001525878906,28.200000762939453,20.233333587646484,21.166666666666668,36.6000010172526,36.6000010172526,28,16.19993019104004,9.270344734191896,NA,75,0,0,28.777545928955078,0,19.639042536417644,6,5.5,5.824736826167942
2026-05-26 15:15:00,6.32374757342703,4.06859016418457,2.2633144855499268,6.331904649734497,0,5.348999999998341,33.900001525878906,28.200000762939453,20.666666666666668,21.5,36.199999491373696,36.199999491373696,27.9,16.21240997314453,8.949243545532227,NA,75,0,0,28.657176971435547,0,20.027777989705402,6,5.5,5.821276960823721
2026-05-26 15:30:00,5.694629710025937,4.0541605949401855,2.2737836837768555,6.327944278717041,0,4.990000000001601,33.900001525878906,28.200000762939453,21.03333346048991,21.799999872843426,36.29999923706055,36.29999923706055,27.8,16.182430267333984,9.307016372680664,NA,75,0,0,28.54282506306966,0,20.384259541829426,6,5.5,5.820337886711144
2026-05-26 15:45:00,5.144174425326787,4.0330119132995605,2.282496452331543,6.3155083656311035,0,4.602999999999156,33.900001525878906,28.200000762939453,21.399999618530273,22.100000381469727,35.96666717529297,35.96666717529297,27.6,16.053977966308594,9.288787841796877,NA,75,0,0,28.42245356241862,0,20.715277353922527,6,5.5,5.819294321202007
2026-05-26 16:00:00,4.658601146759583,4.01481294631958,2.283266067504883,6.298079013824463,0,4.212999999999738,33.900001525878906,28.200000762939453,21.766666412353516,22.399999618530273,34.733333587646484,34.733333587646484,27.5,16.00394630432129,8.913789749145508,NA,75,0,0,28.320139567057293,0,21.037655512491863,6,5.5,5.818733135731304
2026-05-26 16:15:00,4.2104583889130085,4.034843444824219,2.242619514465332,6.277462959289551,0,3.8099999999994907,33.900001525878906,28.200000762939453,22.100000381469727,22.633333841959637,33.79999923706055,33.79999923706055,27.2,16.02224349975586,8.93781852722168,NA,75,0,0,28.22446123758952,0,21.350077311197918,6,5.5,5.821375328774609
2026-05-26 16:30:00,3.7197311030981406,3.998734712600708,2.251530170440674,6.250264883041382,0,3.34900000000016,33.900001525878906,28.200000762939453,22.399999618530273,22.899999618530273,33.63333384195963,33.63333384195963,26.9,15.912543296813965,8.688420295715332,NA,75,0,0,28.13626543680827,0,21.620217005411785,6,5.5,5.8198852198608675
2026-05-26 16:45:00,3.13440402468075,3.969325065612793,2.221731185913086,6.191056251525879,0,2.717000000000553,33.900001525878906,28.200000762939453,22.700000127156574,23.133333841959637,33.13333257039388,33.13333257039388,26.5,15.821889877319336,9.00305461883545,NA,75,0,0,28.05123456319173,0,21.877316157023113,6,5.5,5.820569294184211
2026-05-26 17:00:00,2.6551910103766225,3.9495909214019775,2.1932783126831055,6.142869234085083,0,2.0940000000009604,33.900001525878906,28.200000762939453,23,23.366666158040363,32.53333282470703,32.53333282470703,26.2,15.739632606506348,9.002846717834473,NA,75,0,0,27.97060267130534,0,22.12916628519694,6,5.5,5.82147769803456
2026-05-26 17:15:00,2.2335859068690858,3.923089265823364,2.255995512008667,6.179084777832031,0,1.4159999999992579,33.900001525878906,28.200000762939453,23.200000127156574,23.566666920979817,32.09999974568685,32.09999974568685,25.9,16.024864196777344,8.46955680847168,NA,75,0,0,27.886343002319336,0,22.365278244018555,6,5.5,5.817449056525148
2026-05-26 17:30:00,1.8996720330576282,3.989258766174317,2.1901607513427734,6.17941951751709,0,0.8209999999999127,33.900001525878906,28.200000762939453,23.46666653951009,23.766666412353516,31.333333333333332,31.333333333333332,25.6,15.984529495239258,9.076480865478516,NA,75,0,0,27.811341603597004,0,22.575849533081055,6,5.5,5.8227858826274685
2026-05-26 17:45:00,1.5815126069322945,3.990257024765014,2.237296342849731,6.227553367614745,0,0.38099999999940337,33.900001525878906,28.200000762939453,23.700000127156574,23.96666653951009,30.400000254313152,30.400000254313152,25.3,15.939905166625977,9.012208938598633,NA,75,0,0,27.734875361124676,0,22.782251358032227,6,5.5,5.820371162575307
2026-05-26 18:00:00,1.2865644900428967,3.9807052612304688,2.239315986633301,6.2200212478637695,0,0.2040000000015425,33.900001525878906,28.266666412353516,23.899999618530273,24.166667302449543,29.599999745686848,29.599999745686848,25,15.91350555419922,8.72242546081543,NA,75,0,0,27.658642450968426,0,22.953705469767254,6,5.5,5.819991291235349
2026-05-26 18:15:00,0.9320345872407814,3.978001356124878,2.2205018997192383,6.198503255844116,0,0.16699999999946158,33.900001525878906,28.299999237060547,24.066666920979817,24.333332697550457,28.96666717529297,28.96666717529297,24.5,15.89981460571289,8.6177215576171875,NA,75,0,0,27.594135920206707,0,23.142053604125977,6,5.5,5.8208840257020364
2026-05-26 18:30:00,0.5958544123700673,3.97704815864563,2.1954870223999023,6.172535181045532,0,0.12899999999899592,33.900001525878906,28.299999237060547,24.266666412353516,24.46666653951009,28.06666628519694,28.06666628519694,24,15.892314910888672,8.583620071411133,NA,75,0,0,27.517901102701824,0,23.28518549601237,6,5.5,5.822156783395763
2026-05-26 18:45:00,0.3305509754654634,3.9724221229553223,2.212599992752075,6.1850221157073975,0,0.08400000000074215,33.900001525878906,28.299999237060547,24.433333079020183,24.633333841959637,27.333333333333332,27.333333333333332,23.5,15.85292625427246,8.777870178222656,NA,75,0,0,27.453396479288738,0,23.439122517903648,6,5.5,5.821132410575139
2026-05-26 19:00:00,0.14950276342516258,3.962967157363891,2.2518630027770996,6.214830160140991,0,0.0319999999992433,33.900001525878906,28.299999237060547,24.566666920979817,24.766666412353516,26.799999872843426,26.799999872843426,23,15.770978927612305,8.844313621520996,NA,75,0,0,27.38302485148112,0,23.593055725097656,6,5.5,5.8188314929972265
2026-05-26 19:15:00,0.04236520851094461,3.9379045963287354,2.2502174377441406,6.188122034072876,0.01900000000023283,0,33.900001525878906,28.299999237060547,24.733333587646484,24.933333079020183,26.266666412353516,26.266666412353516,22.6,15.741819381713867,9.293835639953612,NA,75,0,0,27.318519592285156,0,23.722687403361004,6,5.5,5.818182525703755
2026-05-26 19:30:00,0.0013524699869757984,3.9322509765625,2.3247056007385254,6.256956577301025,0.06700000000273576,0,33.900001525878906,28.299999237060547,24.833332697550457,25.066666920979817,25.700000127156574,25.700000127156574,22.2,15.777488708496094,8.894227981567383,NA,75,0,0,27.25401242574056,0,23.841512680053714,6,5.5,5.81423032331948
2026-05-26 19:45:00,1.462129715649512e-4,3.925252676010132,2.222470760345459,6.147723436355591,0.08399999999528518,0,33.900001525878906,28.299999237060547,24.96666653951009,25.166667302449543,25.166666666666668,25.166666666666668,21.8,15.685522079467772,9.120752334594728,NA,75,0,0,27.204167048136394,0,23.9777774810791,6,5.5,5.819244409466885
2026-05-26 20:00:00,0,3.93603253364563,2.270505905151367,6.206538438796997,0.08600000000296859,0,33.900001525878906,28.299999237060547,25.100000381469727,25.299999237060547,24.666666666666668,24.666666666666668,21.4,15.710477828979492,8.901449203491211,NA,75,0,0,27.13379669189453,0,24.061111450195312,6,5.5,5.817087582108695
2026-05-26 20:15:00,0,3.9238877296447754,2.2298853397369385,6.153773069381714,0.08499999999912689,0,33.900001525878906,28.299999237060547,25.200000762939453,25.399999618530273,24.266666412353516,24.266666412353516,21.3,15.65993309020996,8.8673858642578125,NA,75,0,0,27.069290161132812,0,24.149460474650066,6,5.5,5.818819664407857
2026-05-26 20:30:00,0,3.925945520401001,2.223853588104248,6.149799108505249,0.08600000000296859,0,33.900001525878906,28.299999237060547,25.299999237060547,25.5,23.66666603088379,23.66666603088379,21.2,15.719038009643556,8.66203498840332,NA,75,0,0,27.010648727416992,0,24.257561365763348,6,5.5,5.819192989163773
2026-05-26 20:45:00,0,3.9367077350616455,2.238424301147461,6.1751320362091064,0.08599999999569263,0,33.900001525878906,28.299999237060547,25.399999618530273,25.600000381469727,23.233333587646484,23.233333587646484,21.1,15.79672622680664,9.174924850463867,NA,75,0,0,26.94097328186035,0,24.3034725189209,6,5.5,5.818754944184025
2026-05-26 21:00:00,0,3.9518845081329346,2.2815139293670654,6.2333984375,0.08600000000296859,0,33.900001525878906,28.299999237060547,25.5,25.666667302449543,22.700000127156574,22.700000127156574,21,15.83084774017334,9.262764930725098,NA,75,0,0,26.886730194091797,0,24.3944460550944,6,5.5,5.816992772703127
2026-05-26 21:15:00,0,3.9691994190216064,2.2968497276306152,6.266049146652222,0.08499999999912689,0,33.900001525878906,28.299999237060547,25.53333346048991,25.733333587646484,22.433333079020183,22.433333079020183,20.7,15.924771308898926,9.413174629211426,NA,75,0,0,26.829628626505535,0,24.433334350585938,6,5.5,5.816722652992775
2026-05-26 21:30:00,0,3.985269069671631,2.2935116291046143,6.278780698776245,0.08499999999912689,0,33.900001525878906,28.299999237060547,25.600000381469727,25.799999237060547,22,22,20.4,15.953339576721191,9.046590805053713,NA,75,0,0,26.76967493693034,0,24.508334477742512,6,5.5,5.817360110255831
2026-05-26 21:45:00,0,4.0009446144104,2.305748462677002,6.306693077087402,0.08499999999912689,0,33.900001525878906,28.299999237060547,25.600000381469727,25.833332697550457,21.53333346048991,21.53333346048991,20,16.110048294067383,9.03787612915039,NA,75,0,0,26.701159159342446,0,24.55833371480306,6,5.5,5.817198297547257
2026-05-26 22:00:00,0,4.030818939208984,2.26747465133667,6.298293590545654,0.08400000000256114,0,33.900001525878906,28.299999237060547,25.700000762939453,25.899999618530273,21.133333841959637,21.133333841959637,19.7,16.155384063720703,9.1519317626953125,NA,75,0,0,26.635494232177734,0,24.586109797159832,6,5.5,5.819992937869682
2026-05-26 22:15:00,0,4.044798374176025,2.2574431896209717,6.302241563796997,0.08499999999912689,0,33.900001525878906,28.333332697550457,25.700000762939453,25.933333079020183,20.899999618530273,20.899999618530273,19.6,16.179161071777344,9.400293350219728,NA,75,0,0,26.566975911458332,0,24.625001271565754,6,5.5,5.820901565992902
2026-05-26 22:30:00,0,4.052955150604248,2.29992413520813,6.352879285812378,0.08499999999912689,0,33.86666742960612,28.399999618530273,25.700000762939453,26,20.633333841959637,20.633333841959637,19.4,16.171722412109375,9.14630126953125,NA,75,0,0,26.50571123758952,0,24.66111119588216,6,5.5,5.818985688871465
2026-05-26 22:45:00,0,4.04297399520874,2.3342478275299072,6.3772218227386475,0.08499999999912689,0,33.79999923706055,28.399999618530273,25.700000762939453,26,20.400000254313152,20.400000254313152,19.2,16.20717430114746,9.514031410217283,NA,75,0,0,26.447067896525066,0,24.694443384806316,6,5.5,5.816985523444793
2026-05-26 23:00:00,0,4.059907913208008,2.2898218631744385,6.349729776382446,0.08499999999912689,0,33.79999923706055,28.399999618530273,25.700000762939453,26,19.933333079020183,19.933333079020183,19.1,16.252363204956055,9.09131145477295,NA,75,0,0,26.376698176066082,0,24.711110432942707,6,5.5,5.819691392876959
2026-05-26 23:15:00,0,4.068376064300537,2.2701690196990967,6.338545083999634,0.08400000000256114,0,33.79999923706055,28.399999618530273,25.700000762939453,26.03333346048991,19.733333587646484,19.733333587646484,18.6,16.215604782104492,8.922351837158203,NA,75,0,0,26.30162239074707,0,24.705554962158203,6,5.5,5.820923493513545
2026-05-26 23:30:00,0,4.06494665145874,2.293362855911255,6.358309507369995,0.08400000000256114,0,33.79999923706055,28.399999618530273,25.700000762939453,26.100000381469727,19.566666920979817,19.566666920979817,18.1,16.269126892089844,8.840543746948242,NA,75,0,0,26.244520823160805,0,24.730401357014973,6,5.5,5.819656242492364
2026-05-26 23:45:00,0,4.0519537925720215,2.2675893306732178,6.319543123245239,0.08499999999912689,0,33.79999923706055,28.399999618530273,25.700000762939453,26.100000381469727,19.100000381469727,19.100000381469727,17.7,16.163795471191406,9.604850769042969,NA,75,0,0,26.167439142862957,0,24.741126378377277,6,5.473020080261231,5.810908158995992
2026-05-27 00:00:00,0,4.058845043182373,2.3693792819976807,6.428224325180054,0.08499999999912689,0,33.79999923706055,28.399999618530273,25.700000762939453,26.100000381469727,18.949999809265137,18.949999809265137,17.2,16.330049514770508,9.590585231781006,NA,75,0,0,26.100348472595215,0,24.727779388427734,6,5.455590013656616,5.799335916529558
2026-05-27 00:15:00,0,4.0204997062683105,2.4218482971191406,6.442348003387451,0.08400000000256114,0,33.79999923706055,28.399999618530273,25.700000762939453,26.100000381469727,18.666666666666668,18.666666666666668,17.1,15.881096839904783,9.406744003295898,NA,75,0,0,26.038965225219727,0,24.722145080566406,6,5.422666702270509,5.782965207213091
2026-05-27 00:30:00,0,3.9815986156463623,2.420597553253174,6.402196168899536,0.08599999999569263,0,33.79999923706055,28.399999618530273,25.700000762939453,26.100000381469727,18.399999618530273,18.399999618530273,17,15.913246154785156,9.98187255859375,NA,75,0,0,25.973303476969402,0,24.702777226765953,6,5.391679991073608,5.770001123621415
2026-05-27 00:45:00,0,3.9874401092529297,2.3874282836914062,6.374868392944336,0.08499999999912689,0,33.79999923706055,28.399999618530273,25.700000762939453,26.100000381469727,18.266666412353516,18.266666412353516,16.9,15.997381210327148,8.89796257019043,NA,75,0,0,25.905555725097656,0,24.719444910685223,6,5.376186672414144,5.766377987713364
2026-05-27 01:00:00,0,3.989133358001709,2.2896480560302734,6.278781414031982,0.08499999999912689,0,33.79999923706055,28.399999618530273,25.633333841959637,26,17.96666653951009,17.96666653951009,16.8,15.833250045776367,9.041743278503418,NA,75,0,0,25.844444910685223,0,24.677778244018555,6,5.341326686960856,5.759805291614598
2026-05-27 01:15:00,0,3.9594008922576904,2.2854557037353516,6.244856595993042,0.08499999999912689,0,33.79999923706055,28.399999618530273,25.600000381469727,26,17.833332697550457,17.833332697550457,16.7,15.864553451538086,9.660810470581056,NA,75,0,0,25.76666768391927,0,24.65833409627279,6,5.325833294423421,5.753272454083718
2026-05-27 01:30:00,0,3.9656500816345215,2.4244384765625,6.3900885581970215,0.0870000000068103,0,33.79999923706055,28.399999618530273,25.600000381469727,26,17.633333841959637,17.633333841959637,16.6,15.849271774291992,8.969778060913086,NA,75,0,0,25.704784393310547,0,24.63888994852702,6,5.302593427251181,5.735399703246539
2026-05-27 01:45:00,0,3.962771415710449,2.3249197006225586,6.287691116333008,0.08499999999912689,0,33.79999923706055,28.399999618530273,25.53333346048991,26,17.433333079020183,17.433333079020183,16.4,15.812698364257812,9.722373962402344,NA,75,0,0,25.633411407470703,0,24.608336130777996,6,5.279353338445028,5.7335356349988515
2026-05-27 02:00:00,0,3.9598076343536377,2.3440659046173096,6.303873538970947,0.08499999999912689,0,33.79999923706055,28.399999618530273,25.5,25.933333079020183,17.233333587646484,17.233333587646484,16.3,16.014636993408203,9.802496910095217,NA,75,0,0,25.573457717895508,0,24.588890075683594,6,5.256113397394817,5.72338924451948
2026-05-27 02:15:00,0,4.016781330108643,2.4407176971435547,6.457499027252197,0.08499999999912689,0,33.79999923706055,28.399999618530273,25.5,25.899999618530273,17,17,16.2,16.02084732055664,9.748635292053224,NA,75,0,0,25.48888905843099,0,24.552778244018555,6,5.229000034332276,5.708587914181533
2026-05-27 02:30:00,0,4.0004754066467285,2.398730993270874,6.3992063999176025,0.08599999999569263,0,33.79999923706055,28.399999618530273,25.399999618530273,25.899999618530273,16.733332951863606,16.733332951863606,16.1,16.01980209350586,9.91354751586914,NA,75,0,0,25.424999872843426,0,24.522223790486652,6,5.198013323135377,5.69937673865149
2026-05-27 02:45:00,0,4.007330894470215,2.4305148124694824,6.437845706939697,0.08800000000337604,0,33.79999923706055,28.399999618530273,25.399999618530273,25.833332697550457,16.633333841959637,16.633333841959637,16,16.003501892089844,9.245769500732422,NA,75,0,0,25.35277811686198,0,24.49444643656413,6,5.186393426488241,5.69283469681306
2026-05-27 03:00:00,0,4.00915002822876,2.387376070022583,6.396526098251343,0.08699999999953434,0,33.733333587646484,28.399999618530273,25.333332697550457,25.799999237060547,16.400000254313152,16.400000254313152,15.9,15.92900276184082,9.245758056640623,NA,75,0,0,25.28611183166504,0,24.44444465637207,6,5.162240018276639,5.6873227589369675
2026-05-27 03:15:00,0,3.9857561588287354,2.3252439498901367,6.311000108718872,0.08600000000296859,0,33.70000076293945,28.399999618530273,25.299999237060547,25.766666412353516,16.266666412353516,16.266666412353516,15.8,15.94581127166748,9.94620132446289,NA,75,0,0,25.22222391764323,0,24.42500114440918,6,5.148213269983928,5.686165123364474
2026-05-27 03:30:00,0,3.984994649887085,2.434614896774292,6.419609546661377,0.08399999999528518,0,33.70000076293945,28.399999618530273,25.233333587646484,25.700000762939453,16.033333460489906,16.033333460489906,15.8,15.900341987609863,9.59735870361328,NA,75,0,0,25.15277926127116,0,24.380556106567383,6,5.121076647860208,5.6666713340291555
2026-05-27 03:45:00,0.009796269094851729,3.977210521697998,2.4492597579956055,6.4264702796936035,0.05200000000331784,0,33.70000076293945,28.399999618530273,25.200000762939453,25.666667302449543,16.066666920979817,16.066666920979817,15.7,15.885732650756836,9.282690048217772,NA,75,0,0,25.076387405395508,0,24.319753646850586,6,5.124953329289754,5.666501749224487
2026-05-27 04:00:00,0.14259420051871866,3.9630868434906006,2.4243204593658447,6.387407302856445,0.004999999997380655,0.011000000000422006,33.70000076293945,28.399999618530273,25.100000381469727,25.600000381469727,15.699999809265137,15.699999809265137,15.6,16.007692337036133,9.737784385681152,NA,75,0,0,25.0135809580485,0,24.271066029866535,6,5.082309944477081,5.65169361033766
2026-05-27 04:15:00,0.3724044385759307,4.01533317565918,2.3670613765716553,6.382394552230835,0,0.0820000000003347,33.70000076293945,28.399999618530273,25.100000381469727,25.53333346048991,15.899999936421711,15.899999936421711,15.8,16.200592041015625,9.347774505615234,NA,75,0,0,24.931097666422527,0,24.249462127685547,6,5.1055699591128025,5.668279548294381
2026-05-27 04:30:00,0.6399376232969001,4.053601264953613,2.3524463176727295,6.406047582626343,0,0.1640000000006694,33.70000076293945,28.266666412353516,25,25.5,15.733333269755045,15.733333269755045,16.1,16.285152435302734,9.28323745727539,NA,75,0,0,24.865509668986004,0,24.192747751871746,6,5.086186625906627,5.664426952938005
2026-05-27 04:45:00,0.924139086776274,4.049770355224609,2.361086130142212,6.410856485366821,0,0.26299999999901047,33.599998474121094,28,24.96666653951009,25.433333079020183,16.166666666666668,16.166666666666668,16.4,16.169090270996094,10.011734008789062,NA,75,0,0,24.800695419311523,0,24.157639185587566,6,5.141000067392985,5.6836346545425025
2026-05-27 05:00:00,1.2227059747119042,4.045779705047607,2.475275754928589,6.521055459976196,0,0.49799999999959255,33.599998474121094,27.766666412353516,24.899999618530273,25.399999618530273,16.599999745686848,16.599999745686848,16.6,16.203693389892578,10.03085708618164,NA,75,0,0,24.738581975301106,0,24.094443639119465,6,5.191440038452148,5.693085132995834
2026-05-27 05:15:00,1.5481394961725945,4.050939559936523,2.4843239784240723,6.535263538360596,0,0.7860000000000582,33.56666564941406,27.633333841959637,24.866666158040363,25.333332697550457,17.433333079020183,17.433333079020183,17.1,16.22304916381836,10.013151168823242,NA,75,0,0,24.674999872843426,0,24.03333346048991,6,5.289954461051093,5.730082322184926
2026-05-27 05:30:00,1.9452173737001106,4.039462566375732,2.4586610794067383,6.498123645782471,0,1.1450000000004366,33.5,27.600000381469727,24.799999237060547,25.299999237060547,18.400000254313152,18.400000254313152,17.6,16.216426849365234,9.697086334228516,NA,75,0,0,24.602779388427734,0,23.999998728434246,6,5.405600029627482,5.775099990024975
2026-05-27 05:45:00,2.4646389551845997,4.043835163116455,2.43123459815979,6.475069761276245,0,1.4940000000005966,33.5,27.566666920979817,24.766666412353516,25.233333587646484,19.099999745686848,19.099999745686848,18.1,16.141448974609375,9.961954116821287,NA,75,0,0,24.54722277323405,0,23.975000381469727,6,5.487149970372518,5.807437018956248
2026-05-27 06:00:00,2.9586925861025697,4.025320053100586,2.4797961711883545,6.50511622428894,0,1.8029999999998836,33.5,27.5,24.700000762939453,25.200000762939453,20.03333346048991,20.03333346048991,18.6,15.91607666015625,9.855518341064451,NA,75,0,0,24.502779006958008,0,23.928009668986004,6,5.5,5.809396474583402
2026-05-27 06:15:00,3.4926623582577716,4.001974105834961,2.448676824569702,6.450650930404663,0,2.2409999999999854,33.5,27.5,24.700000762939453,25.200000762939453,20.566666920979817,20.566666920979817,19,16.012527465820312,10.358443260192873,NA,75,0,0,24.44444465637207,0,23.895526250203453,6,5.5,5.810199245704953
2026-05-27 06:30:00,3.9484812971115066,4.004639148712158,2.4349231719970703,6.4395623207092285,0,2.6790000000000873,33.5,27.46666653951009,24.633333841959637,25.100000381469727,21.53333346048991,21.53333346048991,19.4,16.078296661376953,9.614142417907717,NA,75,0,0,24.411113103230793,0,23.87662188212077,6,5.5,5.810940320884347
2026-05-27 06:45:00,4.422284431467731,4.016395568847656,2.4292848110198975,6.445680379867554,0,3.0579999999990832,33.46666717529297,27.399999618530273,24.600000381469727,25.100000381469727,22.733333587646484,22.733333587646484,19.8,16.097373962402344,9.803211212158203,NA,75,0,0,24.37499936421712,0,23.86041768391927,6,5.5,5.811557146193013
2026-05-27 07:00:00,4.9016802119863145,4.0196309089660645,2.447544574737549,6.467175483703613,0,3.4350000000013097,33.400001525878906,27.333332697550457,24.600000381469727,25.100000381469727,23.799999872843426,23.799999872843426,20.2,16.122955322265625,9.956132888793944,NA,75,0,0,24.32777976989746,0,23.825308481852215,6,5.5,5.810771751833159
2026-05-27 07:15:00,5.515994012016457,4.042742729187012,2.356719493865967,6.3994622230529785,0,3.797999999998865,33.400001525878906,27.166667302449543,24.600000381469727,25.066666920979817,24.666666666666668,24.666666666666668,20.6,16.181289672851562,10.205154418945312,NA,75,0,0,24.300770441691082,0,23.81720733642578,6,5.5,5.815865817179428
2026-05-27 07:30:00,6.171393657056351,4.058027744293213,2.470165967941284,6.528193712234497,0,4.139000000001033,33.29999923706055,27.03333346048991,24.600000381469727,25,25.299999872843426,25.299999872843426,20.9,16.304222106933594,9.672977447509766,NA,75,0,0,24.27916717529297,0,23.81720733642578,6,5.5,5.810807853073359
2026-05-27 07:45:00,6.785634350600711,4.072623252868652,2.442591905593872,6.515215158462524,0,4.456000000000131,33.29999923706055,26.933333079020183,24.5,25,26.066666920979817,26.066666920979817,21.2,16.28192138671875,9.528708457946776,NA,75,0,0,24.260263442993164,0,23.801001230875656,6,5.5,5.8125471034965575
2026-05-27 08:00:00,7.241745715397576,4.075071811676025,2.375892400741577,6.4509642124176025,0,5.048999999999069,33.20000076293945,26.899999618530273,24.5,25,27.100000381469727,27.100000381469727,21.6,16.371524810791016,9.48786735534668,NA,75,0,0,24.25216229756673,0,23.81720733642578,6,5.5,5.815849823180838
2026-05-27 08:15:00,7.686781447598396,4.0815839767456055,2.4150898456573486,6.496673822402954,0,5.418999999999869,33.20000076293945,26.899999618530273,24.5,25,27.133333841959637,27.133333841959637,22,16.24410057067871,9.718332290649414,NA,75,0,0,24.235957463582356,0,23.81990877787272,6,5.5,5.81412874405598
2026-05-27 08:30:00,8.073295437930344,4.0616912841796875,2.385972261428833,6.4476635456085205,0,5.713999999999942,33.20000076293945,26.899999618530273,24.5,25,27.46666717529297,27.46666717529297,22.3,16.255573272705078,9.560794830322266,NA,75,0,0,24.244059244791668,0,23.846913655598957,6,5.5,5.8149738859238465
2026-05-27 08:45:00,8.497020629525574,4.071064472198486,2.372397184371948,6.443461656570435,0,5.996000000001004,33.20000076293945,26.899999618530273,24.600000381469727,25,28.166666666666668,28.166666666666668,22.6,16.36559295654297,9.455778121948242,NA,75,0,0,24.25486183166504,0,23.86581865946452,6,5.5,5.815906626684679
2026-05-27 09:00:00,8.993011582316779,4.113088607788086,2.345280408859253,6.458369016647339,0,6.165999999999258,28.433333079020183,23.733332951863606,13.200000127156576,24.46666717529297,28.200000127156574,28.200000127156574,23,16.35259246826172,9.468137741088867,NA,75,0,0,24.246760686238606,0,14.619599660237629,5.781710691128201,5.5,5.679410781791007
2026-05-27 09:15:00,9.430590452967786,4.095059394836426,2.3501346111297607,6.4451940059661865,0,6.325000000000728,20.46666653951009,19.333333333333332,13.50000031789144,20.366666793823242,29.166666666666668,29.166666666666668,23.3,16.367671966552734,9.01209831237793,NA,75,0,0,24.222453435262043,0,16.004474957784016,6,5.5,5.817683175327671
2026-05-27 09:30:00,9.802373486414567,4.096841335296631,2.3476178646087646,6.4444591999053955,0,6.501000000000204,18.766666412353516,18.333333333333332,14.300000190734863,19.099999745686848,30.1999994913737,30.1999994913737,23.6,16.37785530090332,9.444334030151367,NA,75,0,0,24.192747116088867,0,16.526852289835613,6,5.5,5.817857651682919
2026-05-27 09:45:00,10.050204473217159,4.099013328552246,2.334933042526245,6.433946371078491,0,6.711999999999534,18.400000254313152,17.433333079020183,14.366666793823242,18.333333333333332,30.233332951863606,30.233332951863606,23.8,16.37240219116211,9.558874130249023,NA,75,0,0,24.17114321390788,0,17.031944274902344,6,5.5,5.818545810933232
2026-05-27 10:00:00,10.279356752902329,4.094473838806152,2.374009370803833,6.468483209609985,0,6.911000000000058,19.700000127156574,17.266666412353516,15.133333206176758,18.600000381469727,29.733332951863606,29.733332951863606,24.1,16.346200942993164,9.633112907409668,NA,75,0,0,24.154937108357746,0,17.403781255086262,6,5.5,5.816494122820258
2026-05-27 10:15:00,10.415883115101101,4.105579376220703,2.345381498336792,6.450960874557495,0,7.069999999999709,20.266666412353516,17.5,15.699999809265137,18.833332697550457,31.066666920979817,31.066666920979817,24.3,16.412986755371094,9.153959274291992,NA,75,0,0,24.136035283406574,0,17.720216115315754,6,5.5,5.818214561834738
2026-05-27 10:30:00,10.655891707924969,4.104457855224609,2.372129440307617,6.476587295532227,0,7.110999999998967,20.600000381469727,18.933333079020183,16.233333587646484,19.100000381469727,31.46666653951009,31.46666653951009,24.6,16.451730728149414,9.307275772094728,NA,75,0,0,24.127779642740887,0,18.05308723449707,6,5.5,5.816868874604378
2026-05-27 10:45:00,10.754475804002638,4.091445446014404,2.3588740825653076,6.450319528579712,0,7.156000000000859,20.766666412353516,19.066666920979817,15.166666666666666,20.299999872843426,31.666666666666668,31.666666666666668,24.8,16.363693237304688,9.3302459716796875,NA,75,0,0,24.116666158040363,0,18.41851870218913,6,5.5,5.817150602221042
2026-05-27 11:00:00,10.779843754569157,4.098940849304199,2.337651491165161,6.43659234046936,0,7.185999999999694,21,18.233333587646484,14.50000031789144,21,31.866666158040363,31.866666158040363,25,16.42704200744629,10.0850248336792,NA,75,0,0,24.130557378133137,0,18.727161407470703,6,5.5,5.818409232128355
2026-05-27 11:15:00,10.862234764046006,4.10144567489624,2.385220766067505,6.486666440963745,0,7.217000000000553,21.166667302449543,19.5,15.199999809265137,21,32.13333257039388,32.13333257039388,25.2,16.426284790039062,9.65611171722412,NA,75,0,0,24.141436258951824,0,18.931250890096027,6,5.5,5.816144333320064
2026-05-27 11:30:00,10.868777794523538,4.114935398101807,2.4213109016418457,6.536246299743652,0,7.221999999999753,21.333332697550457,18.46666717529297,13.766666730244955,21.433333079020183,32.26666704813639,32.26666704813639,25.4,16.4749813079834,9.580538749694824,NA,75,0,0,24.17384211222331,0,19.11520258585612,6,5.5,5.814778177672343
2026-05-27 11:45:00,10.83427153323421,4.096601486206055,2.307048082351685,6.403649568557739,0,7.239999999999782,21.600000381469727,18.133333841959637,14.5,21.366666158040363,32.90000025431315,32.90000025431315,25.7,16.333097457885742,9.884151458740234,NA,75,0,0,24.214352289835613,0,19.27708307902018,6,5.5,5.819864589898906
2026-05-27 12:00:00,10.77878371052531,4.083183765411377,2.356018304824829,6.439202070236206,0,7.2150000000001455,21.96666653951009,19.03333346048991,15.399999936421713,21.200000762939453,32.43333307902018,32.43333307902018,25.9,16.313886642456055,9.675549507141112,NA,75,0,0,24.24135907491048,0,19.40393575032552,6,5.5,5.817056657088384
2026-05-27 12:15:00,10.640393132939083,4.082306385040283,2.3044495582580566,6.38675594329834,0,7.200000000000728,22.166667302449543,19.266666412353516,14.5,21.83333396911621,32.46666590372721,32.46666590372721,25.9,16.31311798095703,9.320106506347656,NA,75,0,0,24.287268320719402,0,19.610646565755207,6,5.5,5.819591543913924
2026-05-27 12:30:00,10.42706840742582,4.092248439788818,2.3348307609558105,6.427079200744629,0,7.15099999999984,22.266666412353516,18,13.966666857401531,21.96666653951009,32.300000508626304,32.300000508626304,25.9,16.50221824645996,9.522619247436523,NA,75,0,0,24.33348846435547,0,19.798612594604492,6,5.5,5.818359888836806
2026-05-27 12:45:00,10.277419431029093,4.115810394287109,2.356192111968994,6.4720025062561035,0,7.135999999998603,22.399999618530273,18.233333587646484,15.300000190734863,21.700000127156574,32.666666666666664,32.666666666666664,25.8,16.33095932006836,9.052434921264648,NA,75,0,0,24.383333841959637,0,19.864816665649414,6,5.5,5.817970395585339
2026-05-27 13:00:00,10.002100405572289,4.083885669708252,2.300349712371826,6.384235382080078,0,7.061000000001513,22.5,19.399999618530273,15.833333651224772,21.799999872843426,32.29999923706055,32.29999923706055,25.8,16.405426025390625,9.369653701782228,NA,75,0,0,24.436111450195312,0,20.020139694213867,6,5.5,5.819841408195202
2026-05-27 13:15:00,9.799778206169288,4.088908672332764,2.2840123176574707,6.372920989990234,0,6.9799999999995634,20.400000254313152,17.8000005086263,13.133333524068197,20.333332697550457,32.166665395100914,32.166665395100914,25.7,16.35521697998047,9.039102554321287,NA,75,0,0,24.486111958821613,0,20.254398981730144,6,5.5,5.820803339532618
2026-05-27 13:30:00,9.437060376959536,4.0955352783203125,2.2709715366363525,6.366506814956665,0,6.8659999999999854,19.400000254313152,16.933333079020183,13.96666653951009,19.266666412353516,32.36666615804037,32.36666615804037,25.6,16.400590896606445,8.84766960144043,NA,75,0,0,24.52777862548828,0,20.284955978393555,6,5.5,5.8216469719861745
2026-05-27 13:45:00,9.022217623386878,4.110044956207275,2.3039729595184326,6.414017915725708,0,6.720999999999549,20.299999872843426,17.066666920979817,15.03333346048991,19.433333079020183,32.06666628519694,32.06666628519694,25.6,16.45409393310547,9.650693893432615,NA,75,0,0,24.561111450195312,0,20.277316411336262,6,5.5,5.820395500153685
2026-05-27 14:00:00,8.56632557804736,4.1117777824401855,2.3671646118164062,6.478942394256592,0,6.470999999999549,20.566666920979817,17.866666793823242,15.766666730244955,19.600000381469727,31.599999745686848,31.599999745686848,25.5,16.43130111694336,9.82259750366211,NA,75,0,0,24.594446818033855,0,20.28750228881836,6,5.5,5.817318594010433
2026-05-27 14:15:00,8.121728484761235,4.109941482543945,2.3561346530914307,6.466076135635376,0,6.257999999999811,20.766666412353516,18.366666793823242,14.699999491373697,20.53333282470703,31.633333206176758,31.633333206176758,25.4,16.378175735473633,9.318137168884276,NA,75,0,0,24.61944580078125,0,20.3817138671875,6,5.5,5.817808002591675
2026-05-27 14:30:00,7.706264326059426,4.0867486000061035,2.329421043395996,6.4161696434021,0,5.991000000001804,20.666666666666668,17.133333841959637,13.933333396911621,20.53333346048991,31.966665903727215,31.966665903727215,25.4,16.34262466430664,8.69509220123291,NA,75,0,0,24.650000890096027,0,20.50648307800293,6,5.5,5.818472611163625
2026-05-27 14:45:00,7.251761303949776,4.096956729888916,2.30869722366333,6.405653953552246,0,5.738999999999578,21.066666920979817,17.266666412353516,15.100000063578289,20.5,31.733332951863606,31.733332951863606,25.3,16.40187644958496,9.317081451416016,NA,75,0,0,24.677778244018555,0,20.567593256632488,6,5.5,5.819792230394912
2026-05-27 15:00:00,6.821748954577254,4.094505786895752,2.3011362552642822,6.395642042160034,0,5.425999999999476,21.299999872843426,18.133333206176758,16.266666412353516,20.46666653951009,31.6999994913737,31.6999994913737,25.2,16.281728744506836,9.207744598388672,NA,75,0,0,24.699998219807945,0,20.60324160257975,6,5.5,5.820101231424835
2026-05-27 15:15:00,6.306421336296584,4.080759048461914,2.2907323837280273,6.371491432189941,0,5.069999999999709,21.1999994913737,18.133333206176758,14.200000127156576,21.1999994913737,31.666666666666668,31.666666666666668,25,16.371028900146484,8.86135482788086,NA,75,0,0,24.727779388427734,0,20.728010177612305,6,5.5,5.820235779322026
2026-05-27 15:30:00,5.638593588673669,4.093700408935547,2.2657132148742676,6.3594136238098145,0,4.700000000000728,20.96666717529297,17,13.933333396911621,20.600000381469727,31.49999936421712,31.49999936421712,24.9,16.362144470214844,8.853193283081055,NA,75,0,0,24.762887954711914,0,20.82986068725586,6,5.5,5.821861467982568
2026-05-27 15:45:00,5.037548615813046,4.092435359954834,2.26088547706604,6.353320837020874,0,4.350000000000364,21.333332697550457,17.133333841959637,15.299999872843424,20.46666653951009,30.633333206176758,30.633333206176758,24.8,16.210052490234375,8.885894775390625,NA,75,0,0,24.773690541585285,0,20.81203842163086,6,5.5,5.8220705726136295
2026-05-27 16:00:00,4.453318134682392,4.025074005126953,2.2622737884521484,6.287347793579102,0,3.95299999999952,21.399999618530273,18.333333333333332,16.53333346048991,20.399999618530273,31.133333206176758,31.133333206176758,24.6,16.103981018066406,8.931467056274414,NA,75,0,0,24.787192662556965,0,20.883797963460285,6,5.5,5.82009315670731
2026-05-27 16:15:00,4.001593159032475,4.039651870727539,2.2871220111846924,6.3267738819122314,0,3.5270000000000437,21,17.866666793823242,13.833333333333332,21.100000381469727,31.03333282470703,31.03333282470703,24.4,16.059085845947266,9.23294734954834,NA,75,0,0,24.806098302205402,0,20.983026504516598,6,5.5,5.819250533220146
2026-05-27 16:30:00,3.570666978587673,4.011993885040283,2.28759503364563,6.299588918685913,0,3.154000000000451,20.799999872843426,16.96666653951009,14.066666603088379,20.333333333333332,30.46666717529297,30.46666717529297,24.2,16.03378677368164,8.71922492980957,NA,75,0,0,24.822299321492512,0,21.035494486490887,6,5.5,5.818432991170254
2026-05-27 16:45:00,3.1575787806737945,3.9927847385406494,2.3211209774017334,6.313905715942383,0,2.621999999999389,21.03333346048991,17.133333841959637,15.46666653951009,20.366666158040363,30.233333587646484,30.233333587646484,24.1,15.986013412475586,9.154397010803224,NA,75,0,0,24.814198176066082,0,20.967286427815754,6,5.5,5.816189765746661
2026-05-27 17:00:00,2.6804127479715762,3.986977815628052,2.3067352771759033,6.293713092803955,0,1.9989999999997963,21.200000127156574,18.133333206176758,16.700000127156574,20.299999237060547,29.700000127156574,29.700000127156574,23.9,15.886557579040527,8.90578842163086,NA,75,0,0,24.822299321492512,0,21.009259541829426,6,5.5,5.816742895397206
2026-05-27 17:15:00,2.209351106832195,3.972017765045166,2.3119454383850098,6.283963203430176,0,1.4940000000005966,21.16666603088379,18.099999745686848,14.233333587646484,21.133333206176758,29.6999994913737,29.6999994913737,23.5,15.84609603881836,9.368220329284668,NA,75,0,0,24.82499885559082,0,21.120447794596355,6,5.5,5.816044002523518
2026-05-27 17:30:00,1.7885501746682655,3.955569505691528,2.3533685207366943,6.308938026428223,0,0.8989999999994325,21.03333346048991,17.03333346048991,14,20.833332697550457,29.06666628519694,29.06666628519694,23.2,15.702877044677734,9.396825790405272,NA,75,0,0,24.82499885559082,0,21.174075444539387,6,5.5,5.813489329671777
2026-05-27 17:45:00,1.446302161477606,3.9234657287597656,2.3523805141448975,6.275846242904663,0,0.5040000000008149,21.333332697550457,17.133333841959637,15.366666475931803,20.600000381469727,28.633333206176758,28.633333206176758,22.9,15.676682472229004,9.65070629119873,NA,75,0,0,24.811498006184895,0,21.082176844278973,6,5.5,5.8125845963160385
2026-05-27 18:00:00,1.1597247372103017,3.9137675762176514,2.366197109222412,6.2799646854400635,0,0.3679999999985739,21.399999618530273,18.233332951863606,16.599999745686848,20.5,28.100000381469727,28.100000381469727,22.5,15.986839294433594,9.435452461242676,NA,75,0,0,24.803396860758465,0,21.112963994344074,6,5.5,5.81160745101733
2026-05-27 18:15:00,0.886927885512994,3.989112138748169,2.39518666267395,6.384298801422119,0,0.27300000000104774,20.866666793823242,17.96666653951009,13.766666730244955,21,27.66666603088379,27.66666603088379,22.1,15.909496307373049,9.48679256439209,NA,75,0,0,24.795292536417644,0,21.19699223836263,6,5.5,5.812415839454411
2026-05-27 18:30:00,0.6199795526782843,3.9846651554107666,2.3564066886901855,6.341071844100952,0,0.21699999999873398,20.400000254313152,17.066666920979817,13.966666857401531,20.03333346048991,27.03333282470703,27.03333282470703,21.8,15.907766342163086,9.608136177062988,NA,75,0,0,24.78719139099121,0,21.212270100911457,6,5.5,5.8141949226705
2026-05-27 18:45:00,0.3376057513434723,3.9820404052734375,2.3033761978149414,6.285416603088379,0,0.14200000000164437,20.766666412353516,17.133333841959637,15.333333333333332,20.066666920979817,26.700000127156574,26.700000127156574,21.4,15.918376922607422,8.819395065307617,NA,75,0,0,24.776391983032227,0,21.15370496114095,6,5.5,5.81676821575493
2026-05-27 19:00:00,0.1446777353635192,3.984269380569458,2.261568784713745,6.245838165283203,0,0.06599999999889405,20.866666158040363,18.399999618530273,16.5,20.066666920979817,26.166667302449543,26.166667302449543,21,15.94613265991211,9.74383544921875,NA,75,0,0,24.746683756510418,0,21.14351971944173,6,5.5,5.818953939818324
2026-05-27 19:15:00,0.028145997026253103,3.990056991577149,2.3688669204711914,6.35892391204834,0.029999999998835847,0.0020000000004074536,20.666666666666668,17.83333396911621,13.766666730244955,20.666666666666668,25.833333333333332,25.833333333333332,20.7,15.93208122253418,9.740694999694824,NA,75,0,0,24.72500165303548,0,21.227547963460285,6,5.5,5.813736808834678
2026-05-27 19:30:00,7.676181007159938e-4,3.977728366851806,2.4042346477508545,6.381963014602661,0.06400000000576256,0,20.46666653951009,17.03333346048991,14.066666603088379,20.266666412353516,25.233333587646484,25.233333587646484,20.4,15.865640640258787,9.63744831085205,NA,75,0,0,24.699998219807945,0,21.209723154703777,6,5.5,5.811638312361754
2026-05-27 19:45:00,0,3.9617459774017334,2.4026646614074707,6.364410638809204,0.08599999999569263,0,20.666667302449543,17.233333587646484,15.366666475931803,20.266666412353516,24.866666793823242,24.866666793823242,20.1,15.840184211730955,9.8775177001953125,NA,75,0,0,24.663889567057293,0,21.138426462809246,6,5.5,5.811242171682293
2026-05-27 20:00:00,0,3.9706976413726807,2.4049577713012695,6.37565541267395,0.08600000000296859,0,20.799999872843426,18.700000127156574,16.366666793823242,20.266667048136394,24.133333206176758,24.133333206176758,19.8,15.900854110717772,9.087899208068848,NA,75,0,0,24.627779006958008,0,21.133333841959637,6,5.5,5.811395251496769
2026-05-27 20:15:00,0,3.9736835956573486,2.33803391456604,6.311717510223389,0.10699999999633292,0,20.633333206176758,17.46666653951009,13.533333460489908,20.633333206176758,23.53333346048991,23.53333346048991,19.6,15.895511627197266,8.884744644165039,NA,75,0,0,24.611113866170246,0,21.212269465128582,6,5.5,5.814786236014285
2026-05-27 20:30:00,0,3.988128662109375,2.3151466846466064,6.3032753467559814,0.08499999999912689,0,20.566666920979817,17.166667302449543,14.233333269755045,20.366666158040363,23.299999872843426,23.299999872843426,19.3,16.06521987915039,9.6913909912109375,NA,75,0,0,24.57222239176432,0,21.17916742960612,6,5.5,5.816353676677149
2026-05-27 20:45:00,0,4.009011268615723,2.4472122192382812,6.456223487854004,0.08600000000296859,0,20.700000762939453,17.56666628519694,15.5,20.233333587646484,22.899999618530273,22.899999618530273,19,15.93603515625,9.815956115722656,NA,75,0,0,24.53611183166504,0,21.11805597941081,6,5.5,5.810476494204221
2026-05-27 21:00:00,0,3.9977312088012695,2.4452733993530273,6.443004608154297,0.09999999999854481,0,20.600000381469727,18.633333206176758,14.933333396911621,20.5,22.733333587646484,22.733333587646484,18.8,16.020105361938477,9.062274932861328,NA,75,0,0,24.488889694213867,0,21.110417048136394,6,5.5,5.810238114973697
2026-05-27 21:15:00,0,4.012660503387451,2.3998000621795654,6.412460565567017,0.09600000000500586,0,20.166666666666668,17.133333206176758,13.600000063578287,20.133333841959637,22.433333079020183,22.433333079020183,18.6,16.112255096435547,9.683359146118164,NA,75,0,0,24.458333333333332,0,21.11296272277832,6,5.5,5.81287993605249
2026-05-27 21:30:00,0,4.038374900817871,2.3522183895111084,6.3905932903289795,0.08599999999569263,0,20.399999618530273,17.03333346048991,14.700000127156576,20.066666920979817,22.03333346048991,22.03333346048991,18.4,16.13031768798828,9.2702789306640625,NA,75,0,0,24.40833536783854,0,21.048611958821613,6,5.5,5.815962440211086
2026-05-27 21:45:00,0,4.038011074066162,2.395965576171875,6.433976650238037,0.08800000000337604,0,20.46666653951009,18.266667048136394,15.800000190734863,20,21.600000381469727,21.600000381469727,18.1,16.198875427246094,9.402292251586914,NA,75,0,0,24.363888422648113,0,21.009259541829426,6,5.5,5.8138036780034605
2026-05-27 22:00:00,0,4.065397262573242,2.456685781478882,6.522083044052124,0.10499999999592546,0,20.233333587646484,17.733333587646484,13.833333015441893,20.266666412353516,21.299999872843426,21.299999872843426,17.9,16.203691482543945,9.691303253173828,NA,75,0,0,24.30617396036784,0,21.00926081339518,6,5.5,5.811664021687114
2026-05-27 22:15:00,0,4.063385009765625,2.444005966186523,6.507390975952148,0.08600000000296859,0,20.233333587646484,17.299999237060547,14.100000063578287,20.100000381469727,20.899999618530273,20.899999618530273,17.7,16.189184188842773,9.98111343383789,NA,75,0,0,24.25756327311198,0,20.98564910888672,6,5.5,5.812213068554028
2026-05-27 22:30:00,0,4.048099040985107,2.447903633117676,6.496002674102783,0.08599999999569263,0,20.333332697550457,17.733332951863606,15.166666666666666,20.066666920979817,20.600000381469727,20.600000381469727,17.4,16.213382720947266,9.658414840698242,NA,75,0,0,24.2008482615153,0,20.922684987386067,6,5.5,5.811583849643675
2026-05-27 22:45:00,0,4.060469627380371,2.46584415435791,6.526313781738281,0.09900000000197906,0,20.366666158040363,18.5,14.766666730244955,20.233333587646484,20.233332951863606,20.233332951863606,17.2,16.30078125,9.977700233459473,NA,75,0,0,24.141436258951824,0,20.904321034749348,6,5.5,5.811084462314871
2026-05-27 23:00:00,0,4.075993061065674,2.494551658630371,6.570544719696045,0.0930000000007567,0,20.133333841959637,17.133333206176758,13.566666603088379,20.03333346048991,19.866666158040363,19.866666158040363,17,16.334636688232422,10.07200050354004,NA,75,0,0,24.094443639119465,0,20.886342366536457,6,5.5,5.810171624648362
2026-05-27 23:15:00,0,4.0797295570373535,2.47952938079834,6.559258937835693,0.08499999999912689,0,20.366666158040363,17.133333841959637,14.600000063578289,20.03333346048991,19.833333333333332,19.833333333333332,16.7,16.32291603088379,10.03948974609375,NA,75,0,0,24.038890202840168,0,20.822223663330078,6,5.5,5.810990128282961
2026-05-27 23:30:00,0,4.077083110809326,2.4930496215820312,6.570132732391357,0.08400000000256114,0,20.5,17.96666653951009,15.699999809265137,19.933333079020183,19.5,19.5,16.4,16.227386474609375,9.98590850830078,NA,75,0,0,23.98611068725586,0,20.773845036824543,6,5.5,5.8102740292223425
2026-05-27 23:45:00,0,4.068636894226074,2.4953389167785645,6.563975811004639,0.09900000000197906,0,20.5,18.266667048136394,14.50000031789144,20.266666412353516,19.200000127156574,19.200000127156574,16.2,16.278884887695312,10.00942039489746,NA,75,0,0,23.919830958048504,0,20.80694516499837,6,5.5,5.809921685528222
2026-05-28 00:00:00,0,4.073594570159912,2.4941487312316895,6.567743301391602,0.08699999999953434,0,20.550000190734863,17.200000762939453,13.950000286102295,20.299999237060547,18.699999809265137,18.699999809265137,15.9,16.22194480895996,10.084174633026123,NA,75,0,0,23.868518829345703,0,20.799304962158203,6,5.5,5.8101213295970915
2026-05-28 00:15:00,0,4.062127113342285,2.4506306648254395,6.512757778167725,0.08399999999528518,0,20.733333587646484,17.333332697550457,14.799999872843424,20.166667302449543,18.600000381469727,18.600000381469727,15.8,16.22484588623047,10.132022857666016,NA,75,0,0,23.828009923299152,0,20.73819414774577,6,5.5,5.811859219373971
2026-05-28 00:30:00,0,4.055080413818359,2.50285267829895,6.55793309211731,0.08499999999912689,0,20.799999237060547,18.53333346048991,15.766666730244955,20.100000381469727,18.266667048136394,18.266667048136394,15.6,16.192354202270508,9.811298370361328,NA,75,0,0,23.765895207722984,0,20.715277989705406,6,5.5,5.809173664694185
2026-05-28 00:45:00,0,4.055845737457275,2.4966766834259033,6.552522420883179,0.10800000000017462,0,20.366666793823242,17.633333206176758,13.466666539510092,20.200000127156574,17.833333333333332,17.833333333333332,15.5,16.223146438598633,10.421799659729004,NA,75,0,0,23.711882909138996,0,20.720370610555015,6,5.5,5.809487360511054
2026-05-28 01:00:00,0,4.057039737701416,2.513153314590454,6.57019305229187,0.08499999999912689,0,20.166666666666668,17,13.833333651224773,19.799999237060547,17.700000127156574,17.700000127156574,15.3,16.152206420898438,9.9774017333984375,NA,75,0,0,23.65787124633789,0,20.659261067708336,6,5.5,5.808745854605156
2026-05-28 01:15:00,0,4.040500164031982,2.483512163162231,6.524012327194214,0.08400000000256114,0,20.399999618530273,17.166666666666668,14.966666857401531,19.700000762939453,17.366666158040363,17.366666158040363,15.2,16.14035987854004,10.042893409729004,NA,75,0,0,23.606558481852215,0,20.59305636088053,6,5.5,5.809663743827541
2026-05-28 01:30:00,0,4.048192024230957,2.5018222332000732,6.55001425743103,0.08499999999912689,0,20.46666653951009,18.46666717529297,15.866666793823242,19.600000381469727,17.166666666666668,17.166666666666668,15.1,16.19546890258789,10.18386936187744,NA,75,0,0,23.541744867960613,0,20.5625,6,5.5,5.809021619276497
2026-05-28 01:45:00,0,4.051394939422607,2.5140230655670166,6.565418004989624,0.10100000000238651,0,20.333333333333332,17.599999745686848,13.566666603088379,20.233333587646484,16.899999618530273,16.899999618530273,14.9,16.202430725097656,10.149602890014648,NA,75,0,0,23.48773129781087,0,20.590508143107094,6,5.5,5.80854051762916
2026-05-28 02:00:00,0,4.053025722503662,2.532800674438477,6.585826396942139,0.08400000000256114,0,20.5,17.133333841959637,13.933333079020182,20.03333346048991,16.600000381469727,16.600000381469727,14.8,16.319091796875,9.915937423706056,NA,75,0,0,23.425618489583336,0,20.54467709859212,6,5.5,5.8077082114087855
2026-05-28 02:15:00,0,4.001430988311768,2.520468473434448,6.521899461746216,0.08399999999528518,0,20.633333841959637,17.333333333333332,14.933333396911621,19.866666158040363,16.5,16.5,14.6,15.913248062133787,10.063834190368652,NA,75,0,0,23.3662052154541,0,20.463197072347008,6,5.5,5.806768834124315
2026-05-28 02:30:00,0,3.9732840061187744,2.5133233070373535,6.486607313156128,0.08499999999912689,0,20.733333587646484,18.766666412353516,15.600000063578287,19.933333079020183,16.366666793823242,16.366666793823242,14.4,15.87476921081543,10.071308135986328,NA,75,0,0,23.31219228108724,0,20.45555814107259,6,5.5,5.8062682704763215
2026-05-28 02:45:00,0,3.962655067443848,2.512565851211548,6.4752209186553955,0.10300000000279397,0,20.400000254313152,17.433333079020183,13.300000190734863,20.266667048136394,16.100000381469727,16.100000381469727,14.3,15.88251495361328,10.033639907836914,NA,75,0,0,23.260882059733074,0,20.481019973754883,6,5.5,5.805986090453475
2026-05-28 03:00:00,0,3.976799249649048,2.5113792419433594,6.488178491592407,0.08400000000256114,0,20.5,17.100000381469727,13.899999936421713,19.899999618530273,15.833333015441893,15.833333015441893,14.1,15.838699340820312,9.750271797180176,NA,75,0,0,23.20416704813639,0,20.425002415974934,6,5.5,5.806465000523823
2026-05-28 03:15:00,0,3.958169221878052,2.5117039680480957,6.4698731899261475,0.08299999999871943,0,20.600000381469727,17.233333587646484,14.966666857401531,19.733333587646484,15.566666920979818,15.566666920979818,13.9,15.748424530029297,10.256932258605955,NA,75,0,0,23.128549575805664,0,20.31805483500163,6,5.5,5.805892334029133
2026-05-28 03:30:00,0,3.939055204391479,2.4990575313568115,6.438112735748291,0.08499999999912689,0,20.600000381469727,18.633333206176758,15.666666666666666,19.8000005086263,15.566666603088379,15.566666603088379,13.8,15.737319946289062,10.03915786743164,NA,75,0,0,23.071836471557617,0,20.305325190226238,6,5.5,5.805916917431366
2026-05-28 03:45:00,0.02390582085086952,3.9366090297698975,2.515490770339966,6.452099800109863,0.06599999999889405,0,20.233333587646484,17.46666653951009,13.300000190734863,20.06666628519694,15.366666475931803,15.366666475931803,13.6,15.699520111083984,10.513859748840332,NA,75,0,0,23.009723663330078,0,20.320602416992188,6,5.5,5.805064176913604
2026-05-28 04:00:00,0.14040100594524438,3.928349018096924,2.522296905517578,6.450645923614502,0.004000000000814907,0.02199999999902502,19.933333079020183,17.100000381469727,13.833333651224773,19.766666412353516,15.166666666666668,15.166666666666668,13.4,16.062002182006836,10.192549705505373,NA,75,0,0,22.947994867960613,0,20.26712989807129,6,5.5,5.804492686826604
2026-05-28 04:15:00,0.32115679204241526,4.018440246582031,2.5159900188446045,6.534430265426636,0,0.10100000000056752,19.766666412353516,17.766667048136394,14.866666475931803,19.633333841959637,15.133333524068197,15.133333524068197,13.7,16.09371566772461,10.218565940856934,NA,75,0,0,22.88765525817871,0,20.180556615193684,6,5.5,5.807482066787323
2026-05-28 04:30:00,0.6107681354696923,4.012025833129883,2.488206148147583,6.500231981277466,0,0.17400000000088767,19.700000127156574,18.333333333333332,14.766666412353514,19.599999745686848,15.199999809265137,15.199999809265137,13.9,15.914554595947266,9.88671875,NA,75,0,0,22.837810516357422,0,20.185649236043293,6,5.5,5.80860635779505
2026-05-28 04:45:00,0.927684751336724,3.9651358127593994,2.5155487060546875,6.480684518814087,0,0.2849999999998545,19.433333079020183,17.266666412353516,13.566666920979818,19.366666158040363,15.53333346048991,15.53333346048991,14.2,15.694753646850586,10.000442504882812,NA,75,0,0,22.769445419311523,0,20.15763982137044,6,5.5,5.8059195214061265
2026-05-28 05:00:00,1.2957759072514887,3.928676843643189,2.427243709564209,6.3559205532073975,0,0.5380000000004657,19.799999872843426,17.366666158040363,14.300000190734863,19.333332697550457,15.933333396911621,15.933333396911621,14.4,15.75243854522705,9.47891616821289,NA,75,0,0,22.707406997680664,0,20.068519592285156,6,5.5,5.809056478188722
2026-05-28 05:15:00,1.6325774872513537,3.927248954772949,2.458189010620117,6.385437965393066,0,0.8229999999985012,19.933333079020183,18.566666920979817,14.966666539510092,19.299999237060547,16.933333079020183,16.933333079020183,14.9,16.00951385498047,10.160514831542969,NA,75,0,0,22.64799435933431,0,20.020139694213864,6,5.5,5.807516021301696
2026-05-28 05:30:00,1.9906896078568104,4.0164995193481445,2.6249420642852783,6.641441583633423,0,1.173000000000684,19.399999618530273,17.633333841959637,13.433333396911621,19.399999618530273,17.93333371480306,17.93333371480306,15.4,16.13288116455078,10.21597671508789,NA,75,0,0,22.58587900797526,0,20.030324935913086,6,5.5,5.802381604111828
2026-05-28 05:45:00,2.3647023891199552,4.027993202209473,2.5392069816589355,6.567200183868408,0,1.5169999999998254,19.100000381469727,17.34999942779541,13.849999904632568,19.200000762939453,18.850000381469727,18.850000381469727,16,16.100921630859375,9.933287620544434,NA,75,0,0,22.530555725097656,0,19.981945037841797,6,5.5,5.8066750738087585
2026-05-28 06:00:00,2.8773616206695656,4.030097484588623,2.505598306655884,6.535695791244507,0,1.826999999999316,19.200000762939453,18.266666412353516,14.533333460489908,19.200000762939453,19.46666653951009,19.46666653951009,16.5,16.12580108642578,9.690914154052734,NA,75,0,0,22.504321416219078,0,19.9284725189209,6,5.5,5.808314341220372
2026-05-28 06:15:00,3.4757747600420195,4.048374652862549,2.528416872024536,6.576791524887085,0,2.246000000001004,19.299999237060547,18.066666920979817,14.266666730244955,19.266666412353516,19.666667302449543,19.666667302449543,17,16.20713996887207,10.282837867736816,NA,75,0,0,22.4597225189209,0,19.915740966796875,6,5.5,5.807777328621653
2026-05-28 06:30:00,4.068704912980788,4.049126148223877,2.535550594329834,6.584676742553711,0,2.6340000000000146,19.366666158040363,17.46666653951009,13.933333079020182,19.299999237060547,20.933333079020183,20.933333079020183,17.6,16.19473648071289,10.049956321716309,NA,75,0,0,22.436113357543945,0,19.91828727722168,6,5.5,5.807465826078921
2026-05-28 06:45:00,4.573395537580108,4.0474534034729,2.48910140991211,6.53655481338501,0,2.977999999999156,19.53333346048991,18.266666412353516,14.466666857401531,19.366666158040363,21.53333346048991,21.53333346048991,18.1,16.148862838745117,10.199460983276367,NA,75,0,0,22.40463129679362,0,19.86227035522461,6,5.5,5.8096014275888015
2026-05-28 07:00:00,5.060138519919831,4.048372268676758,2.5092031955718994,6.557575464248657,0,3.400000000001455,19.5,18.03333282470703,13.933333079020182,19.433333079020183,22.233333587646484,22.233333587646484,18.6,16.22355842590332,10.151456832885742,NA,75,0,0,22.370525360107422,0,19.841898600260418,6,5.5,5.8086790453840855
2026-05-28 07:15:00,5.560442755372202,4.06152868270874,2.538803815841675,6.600332498550415,0,3.786999999998443,19.566666920979817,17.433333079020183,13.766666730244955,19.366666158040363,23.166666666666668,23.166666666666668,19.2,16.302658081054688,10.236495018005373,NA,75,0,0,22.35478337605794,0,19.83680597941081,6,5.5,5.8076760665921565
2026-05-28 07:30:00,6.10285632663528,4.0621466636657715,2.537569761276245,6.599716424942017,0,4.148000000001048,19.733333587646484,17.96666653951009,14.399999936421713,19.299999237060547,23.53333346048991,23.53333346048991,19.7,16.287071228027344,10.568031311035156,NA,75,0,0,22.331173578898113,0,19.783334096272785,6,5.5,5.8077516064412915
2026-05-28 07:45:00,6.7607050389488865,4.069341659545898,2.5680134296417236,6.637355089187622,0,4.423999999999069,19.899999618530273,18.333333333333332,14.5,19.63333257039388,24.266667048136394,24.266667048136394,20.2,16.24228286743164,10.07133674621582,NA,75,0,0,22.318056106567383,0,19.783334096272785,6,5.5,5.80654843720618
2026-05-28 08:00:00,7.321139358957344,4.0889458656311035,2.569213628768921,6.658159494400024,0,5.0570000000006985,20.066666920979817,17.299999237060547,13.566666920979818,19.733333587646484,25.366666158040363,25.366666158040363,20.8,16.265438079833984,10.394495010375977,NA,75,0,0,22.30756187438965,0,19.806250890096027,6,5.5,5.80706277531127
2026-05-28 08:15:00,7.828388710559052,4.076420783996582,2.5454068183898926,6.621827602386475,0,5.408999999999651,20.233333587646484,17.46666653951009,14.333333651224773,19.700000762939453,26.766666412353516,26.766666412353516,21.2,16.407119750976562,10.318796157836914,NA,75,0,0,22.304937998453777,0,19.78078778584798,6,5.5,5.807801790439807
2026-05-28 08:30:00,8.241221035772691,4.097077369689941,2.540086030960083,6.637163400650024,0,5.710999999999331,20.299999237060547,18.633333206176758,15.066666920979818,19.8000005086263,27.666666666666668,27.666666666666668,21.6,16.384666442871094,10.35649299621582,NA,75,0,0,22.29969088236491,0,19.762963612874348,6,5.5,5.808646715650295
2026-05-28 08:45:00,8.622836891557213,4.108868598937988,2.553818941116333,6.662687540054321,0,6,20.066666920979817,17.400000254313152,13.266666730244955,19.899999618530273,27.666666666666668,27.666666666666668,22,16.389259338378906,10.19504451751709,NA,75,0,0,22.312808990478516,0,19.829167048136394,6,5.5,5.8083491889899195
2026-05-28 09:00:00,8.963878647732463,4.1108622550964355,2.5415079593658447,6.65237021446228,0,6.2850000000016735,20.233333587646484,17.200000762939453,14,19.766666412353516,28.666666666666668,28.666666666666668,22.4,16.41366195678711,9.962921142578123,NA,75,0,0,22.336419423421223,0,19.831713358561196,6,5.5,5.808977260928699
2026-05-28 09:15:00,9.441117786920463,4.103360652923584,2.500903844833374,6.604264497756958,0,6.52599999999984,20.433333079020183,17.46666653951009,15,19.700000762939453,29.00000063578288,29.00000063578288,22.7,16.35515594482422,9.866253852844238,NA,75,0,0,22.35478337605794,0,19.813889185587566,6,5.5,5.810659926954563
2026-05-28 09:30:00,9.831067782084189,4.0882744789123535,2.488154172897339,6.576428651809692,0,6.751000000000204,20.366666793823242,18.700000127156574,15.200000127156576,19.900000254313152,29.333333333333332,29.333333333333332,23,16.256319046020508,9.634136199951172,NA,75,0,0,22.381020228068035,0,19.849538167317707,6,5.5,5.8108278592657845
2026-05-28 09:45:00,10.164469910495168,4.081529140472412,2.4326817989349365,6.514210939407349,0,6.8989999999994325,19.799999872843426,17.233333587646484,13.333333333333334,19.799999872843426,29.766666412353516,29.766666412353516,23.2,16.35750389099121,9.62850284576416,NA,75,0,0,22.428242365519207,0,19.91319529215495,6,5.5,5.813278858977489
2026-05-28 10:00:00,10.300155548107442,4.0981621742248535,2.3848485946655273,6.483010768890381,0,7.092000000000553,19.866666158040363,17.100000381469727,14.200000127156576,19.733333587646484,30.133333206176758,30.133333206176758,23.5,16.43583869934082,9.59035301208496,NA,75,0,0,22.45709991455078,0,19.915740966796875,6,5.5,5.816069363473098
2026-05-28 10:15:00,10.527955357805636,4.134214401245117,2.4435529708862305,6.577767372131348,0,7.127999999998792,19.899999618530273,17.899999618530273,15.266666730244955,19.700000762939453,30.900000254313152,30.900000254313152,23.7,16.545490264892578,9.392199516296388,NA,75,0,0,22.50694465637207,0,19.943751017252605,6,5.5,5.814256659391828
2026-05-28 10:30:00,10.704580627456098,4.142597198486328,2.367030620574951,6.509627819061279,0,7.17699999999968,19.833333333333332,18.099999745686848,14.399999936421711,19.833333333333332,30.900000254313152,30.900000254313152,23.9,16.56741714477539,9.312894821166992,NA,75,0,0,22.57276217142741,0,20.015047709147137,6,5.5,5.8181900189712925
2026-05-28 10:45:00,10.789640023664008,4.138664245605469,2.36264705657959,6.501311302185059,0,7.233000000000175,19.933333079020183,17.333332697550457,13.933333396911621,19.833332697550457,31.166666666666668,31.166666666666668,24.1,16.631450653076172,9.62470817565918,NA,75,0,0,22.637193044026695,0,20.088890711466473,6,5.5,5.818294575758469
2026-05-28 11:00:00,10.882412154121969,4.151134490966797,2.3954060077667236,6.5465404987335205,0,7.257000000001426,20.133333841959637,17.633333206176758,14.833333651224773,19.799999237060547,32.19999885559082,32.19999885559082,24.3,16.638879776000977,9.503074645996094,NA,75,0,0,22.710107167561848,0,20.106712977091473,6,5.5,5.817047950117307
2026-05-28 11:15:00,10.911983727620981,4.145953178405762,2.4226512908935547,6.568604469299316,0,7.265999999999622,20.233333587646484,18.566666920979817,15.033333142598469,19.99999936421712,31.866666793823242,31.866666793823242,24.5,16.6011962890625,9.410589218139648,NA,75,0,0,22.78264045715332,0,20.142361323038738,6,5.5,5.815588584895265
2026-05-28 11:30:00,10.911545088706285,4.152678489685059,2.4567978382110596,6.609476327896118,0,7.264999999999418,19.96666653951009,17.366666793823242,13.46666653951009,20,32.36666615804037,32.36666615804037,24.6,16.612524032592773,9.944378852844238,NA,75,0,0,22.85617446899414,0,20.203474044799805,6,5.5,5.8141458024562525
2026-05-28 11:45:00,10.849770108220094,4.152987003326416,2.398733615875244,6.55172061920166,0,7.261000000000422,20,17.366666158040363,14.5,19.933333079020183,32.53333282470703,32.53333282470703,24.8,16.707284927368164,9.5182952880859375,NA,75,0,0,22.924383799235027,0,20.239120483398434,6,5.5,5.8169386520508
2026-05-28 12:00:00,10.761128494208842,4.162396430969238,2.440995216369629,6.603391647338867,0,7.27599999999984,20,18.599999745686848,15.566666920979818,19.933333079020183,32.666666666666664,32.666666666666664,25,16.633888244628906,9.363696098327637,NA,75,0,0,22.990819931030273,0,20.26712989807129,6,5.5,5.815171100948303
2026-05-28 12:15:00,10.665432104319581,4.15931510925293,2.385558605194092,6.5448737144470215,0,7.22400000000016,19.700000127156574,17.46666653951009,13.600000063578287,19.900000254313152,32.79999923706055,32.79999923706055,25,16.736854553222656,9.456762313842772,NA,75,0,0,23.05833371480306,0,20.353705088297527,6,5.5,5.817753656581008
2026-05-28 12:30:00,10.472906174011433,4.179416656494141,2.3728485107421875,6.552265167236328,0,7.201999999999316,19.600000381469727,17.299999237060547,14.366666475931803,19.833332697550457,33.06666692097982,33.06666692097982,25,16.730329513549805,9.629864692687988,NA,75,0,0,23.133952458699543,0,20.386807123819988,6,5.5,5.81892914509876
2026-05-28 12:45:00,10.226866296110511,4.178441524505615,2.3392839431762695,6.517725467681885,0,7.1710000000002765,19.899999618530273,17.833333333333332,15.366666475931803,19.899999618530273,32.39999961853027,32.39999961853027,25.1,16.793092727661133,9.265602111816406,NA,75,0,0,23.20416704813639,0,20.386807123819988,6,5.5,5.8205444556712616
2026-05-28 13:00:00,9.974319940974949,4.165139198303223,2.3378214836120605,6.502960681915283,0,7.123999999999796,20.166667302449543,18.5,15.433333079020182,20.099999745686848,32.59999974568685,32.59999974568685,25.1,16.342777252197266,9.140666961669922,NA,75,0,0,23.277084350585938,0,20.49884287516276,6,5.5,5.820249452675184
2026-05-28 13:15:00,9.678311780041705,4.091434478759766,2.3176848888397217,6.409119367599487,0,7.050000000001091,20.200000127156574,17.366666158040363,13.666666666666666,20.266666412353516,33.166666666666664,33.166666666666664,25.2,16.419294357299805,9.451276779174805,NA,75,0,0,23.341898600260418,0,20.621066411336262,6,5.5,5.8191885065710824
2026-05-28 13:30:00,9.366329851964991,4.106464862823486,2.3354501724243164,6.441915035247803,0,6.927999999999884,20.46666653951009,17.433333079020183,14.733333269755045,20.266666412353516,33.03333409627279,33.03333409627279,25.2,16.382946014404297,9.469103813171388,NA,75,0,0,23.414815266927082,0,20.628703435262043,6,5.5,5.818730132294078
2026-05-28 13:45:00,9.063486234611085,4.111030101776123,2.3275458812713623,6.438575983047485,0,6.77599999999984,20.600000381469727,18.36666742960612,15.800000190734863,20.200000762939453,32.53333409627279,32.53333409627279,25.3,16.503774642944336,9.365921974182127,NA,75,0,0,23.471529006958008,0,20.66944440205892,6,5.5,5.819249948482421
2026-05-28 14:00:00,8.744705403356601,4.132422924041748,2.3269267082214355,6.459349632263184,0,6.501000000000204,20.400000254313152,17.96666653951009,13.96666653951009,20.5,33.36666615804037,33.36666615804037,25.4,16.453920364379883,9.626564979553224,NA,75,0,0,23.544443130493164,0,20.78402837117513,6,5.5,5.819879179739792
2026-05-28 14:15:00,8.231388213434949,4.108902931213379,2.2995548248291016,6.4084577560424805,0,6.2849999999998545,20.166666666666668,17.200000762939453,13.966666857401531,20,33.53333409627279,33.53333409627279,25.4,16.481708526611328,9.348217010498049,NA,75,0,0,23.59305699666341,0,20.827314376831055,6,5.5,5.82058438142462
2026-05-28 14:30:00,7.763031512269518,4.124208927154541,2.3518965244293213,6.476105451583862,0,6.016999999999825,20.399999618530273,17.299999872843426,15.300000190734863,20,32.833333333333336,32.833333333333336,25.4,16.41607093811035,9.154306411743164,NA,75,0,0,23.64166768391927,0,20.80694643656413,6,5.5,5.818417369666663
2026-05-28 14:45:00,7.249897088562322,4.114737033843994,2.338972330093384,6.453709363937378,0,5.752999999998792,20.399999618530273,18.66666603088379,16.10000006357829,20.200000127156574,33.46666590372721,33.46666590372721,25.3,16.43828582763672,9.593828201293944,NA,75,0,0,23.701080322265625,0,20.868518829345703,6,5.5,5.818788529340715
2026-05-28 15:00:00,6.800803946400575,4.116364479064941,2.391024589538574,6.507389068603516,0,5.442000000000917,19.93333371480306,17.433333079020183,13.53333346048991,20.03333282470703,33.26666768391927,33.26666768391927,25.3,16.45370101928711,9.618684768676758,NA,75,0,0,23.75239435831706,0,20.946297963460285,6,5.5,5.816283876349529
2026-05-28 15:15:00,6.331167881733951,4.111782073974609,2.388066291809082,6.499848365783691,0,5.145000000000437,20,17.25,14.5,19.899999618530273,33.650001525878906,33.650001525878906,25.2,16.456509590148926,9.300045013427734,NA,75,0,0,23.803702354431152,0,20.969908714294434,6,5.5,5.816298307482043
2026-05-28 15:30:00,5.844498005880011,4.102034568786621,2.331273317337036,6.433307886123657,0,4.808999999999287,20.133333841959637,17.766666412353516,15.600000063578289,19.899999618530273,32.90000025431315,32.90000025431315,25.1,16.38163948059082,8.767877578735352,NA,75,0,0,23.83881123860677,0,20.95416831970215,6,5.5,5.818812237918421
2026-05-28 15:45:00,5.214722184106876,4.090792179107666,2.3005807399749756,6.391372919082642,0,4.420000000000073,20.233333587646484,18.5,15.233332951863607,20.266666412353516,33.1000010172526,33.1000010172526,25,16.387531280517578,9.281375885009766,NA,75,0,0,23.884723027547203,0,21.025000254313152,6,5.5,5.82002452609938
2026-05-28 16:00:00,4.560565349325284,4.087296009063721,2.2940335273742676,6.381329536437988,0,4.018000000000029,20,17.25,13.849999904632568,20.100000381469727,33.70000076293945,33.70000076293945,24.9,16.334877967834473,8.842885494232178,NA,75,0,0,23.933334350585938,0,21.11805534362793,6,5.5,5.8202542656451826
2026-05-28 16:15:00,3.9966584712421582,4.0801100730896,2.3134994506835938,6.393609523773193,0,3.638999999999214,20.233333587646484,17.333332697550457,14.799999872843424,20.03333346048991,32.79999923706055,32.79999923706055,24.8,16.294689178466797,8.828474044799805,NA,75,0,0,23.961111704508465,0,21.07222366333008,6,5.5,5.819077201846518
2026-05-28 16:30:00,3.509769275930871,4.071530818939209,2.305647134780884,6.377177953720093,0,3.228000000000975,20.433333079020183,18,15.966666539510092,20,32,32,24.6,16.186370849609375,8.948450088500977,NA,75,0,0,23.991666158040363,0,21.07461484273275,6,5.5,5.819226689962768
2026-05-28 16:45:00,3.101579212564418,4.039796829223633,2.261986017227173,6.301782846450806,0,2.632999999999811,20.53333346048991,18.266667048136394,14.700000127156576,20.5,31.66666603088379,31.66666603088379,24.5,16.04800033569336,9.435135841369627,NA,75,0,0,24.016665776570637,0,21.118057250976562,6,5.5,5.820528089245321
2026-05-28 17:00:00,2.726981579415013,4.005051136016846,2.3529138565063477,6.357964992523193,0,2.007999999999811,20.266666412353516,17.233333587646484,13.833333015441893,20.200000762939453,31.366666793823242,31.366666793823242,24.4,15.91428565979004,9.611200332641602,NA,75,0,0,24.033334732055664,0,21.202084223429363,6,5.5,5.814963289411525
2026-05-28 17:15:00,2.3317679172749504,3.988600730895996,2.3256030082702637,6.31420373916626,0,1.4989999999997963,20.299999237060547,17.433333079020183,15.100000381469728,20.200000762939453,30.233332951863606,30.233332951863606,24.2,15.923616409301758,9.521859169006348,NA,75,0,0,24.052778879801433,0,21.133334477742512,6,5.5,5.815843524826034
2026-05-28 17:30:00,1.8648733458251698,3.9801185131073,2.3571221828460693,6.337240695953369,0,0.8800000000010186,20.266666412353516,18.733333587646484,15.366666793823242,20.333333333333332,29.566666920979817,29.566666920979817,24,15.894449234008787,9.505684852600098,NA,75,0,0,24.066667556762695,0,21.156251271565754,6,5.5,5.814026143558725
2026-05-28 17:45:00,1.4684899799125872,3.968491077423096,2.3654539585113525,6.333945035934448,0,0.5149999999994179,19.866666158040363,17.3000005086263,13.566666603088379,19.933333079020183,28.900000254313152,28.900000254313152,23.7,15.772438049316406,9.563628196716309,NA,75,0,0,24.080556233723957,0,21.186806360880535,6,5.5,5.8132716699393985
2026-05-28 18:00:00,1.0986808215819344,3.9465506076812744,2.3656229972839355,6.31217360496521,0,0.36299999999937427,19.933333079020183,17.299999872843426,14.633333524068197,19.899999618530273,28.099999745686848,28.099999745686848,23.5,15.94554328918457,9.117069244384766,NA,75,0,0,24.08333396911621,0,21.148611704508465,6,5.5,5.812614232011686
2026-05-28 18:15:00,0.8153200826890591,3.976483106613159,2.3171427249908447,6.293625831604004,0,0.2900000000008731,20.03333346048991,18.633333206176758,15.799999872843424,19.96666653951009,27.5,27.5,23.1,15.872161865234377,9.450628280639648,NA,75,0,0,24.086111068725586,0,21.133333206176758,6,5.5,5.8159135300548765
2026-05-28 18:30:00,0.5364188394289147,3.973923683166504,2.390171527862549,6.364095211029053,0,0.1959999999999127,19.933333079020183,17.53333282470703,13.699999809265135,20,26.93333371480306,26.93333371480306,22.6,15.913955688476562,8.989082336425781,NA,75,0,0,24.08333396911621,0,21.15370496114095,6,5.5,5.812214348732531
2026-05-28 18:45:00,0.28599257238104453,3.9855611324310303,2.3788461685180664,6.364407300949097,0,0.12399999999979627,20.200000127156574,17.333332697550457,14.433333396911621,20,26.5,26.5,22.2,15.943552017211914,9.5926513671875,NA,75,0,0,24.077778498331707,0,21.14352035522461,6,5.5,5.813113299005603
2026-05-28 19:00:00,0.0829758613631098,3.983055353164673,2.4167375564575195,6.399792909622192,0.004999999997380655,0.01900000000023283,20.5,18.06666628519694,15.533333142598469,20,25.833333333333332,25.833333333333332,21.8,15.938591003417969,9.73545742034912,NA,75,0,0,24.075000762939453,0,21.084954579671226,6,5.5,5.811186268791298
2026-05-28 19:15:00,0.010892866381588864,3.977809190750122,2.4169225692749023,6.394731760025024,0.06700000000273576,0,20.5,18.133333206176758,14.200000127156576,20.566666920979817,25.399999618530273,25.399999618530273,21.4,15.914525985717772,9.783287048339844,NA,75,0,0,24.058334350585938,0,21.10787073771159,6,5.5,5.8110223649736445
2026-05-28 19:30:00,1.8276621445618898e-4,3.990915775299072,2.428175210952759,6.419090986251831,0.08599999999569263,0,20.233332951863606,17.166667302449543,13.866666475931803,20.266666412353516,24.866666793823242,24.866666793823242,20.9,15.96232795715332,9.411714553833008,NA,75,0,0,24.05000114440918,0,21.110417048136394,6,5.5,5.8108630009955196
2026-05-28 19:45:00,0,3.9932103157043457,2.357771158218384,6.3509814739227295,0.08899999999994179,0,20.299999237060547,18.166666666666668,15.133333524068197,20.166667302449543,24.333333333333332,24.333333333333332,20.4,15.981727600097656,9.448578834533691,NA,75,0,0,24.03055699666341,0,21.06944465637207,6,5.5,5.814377418049522
2026-05-28 20:00:00,0,3.9947919845581055,2.358628511428833,6.3534204959869385,0.11200000000098953,0,20.099999745686848,17.899999618530273,14.033333142598469,20.266666412353516,23.899999618530273,23.899999618530273,20,15.741374969482422,9.602243423461914,NA,75,0,0,24.011110305786133,0,21.05910619099935,6,5.5,5.814381205138348
2026-05-28 20:15:00,0,3.931881666183472,2.386748790740967,6.3186304569244385,0.09200000000419095,0,19.96666653951009,17.299999237060547,14.100000063578287,20.100000381469727,23.299999872843426,23.299999872843426,19.8,15.77787971496582,9.158360481262209,NA,75,0,0,23.99444325764974,0,21.043362935384113,6,5.5,5.811134010209018
2026-05-28 20:30:00,0,3.939275979995727,2.3796143531799316,6.318890333175659,0.08999999999650754,0,20.066666920979817,18.46666717529297,15.366666475931803,20.066666920979817,22.899999618530273,22.899999618530273,19.6,15.790745735168455,9.583998680114746,NA,75,0,0,23.98055585225423,0,20.956791559855144,6,5.5,5.811706310150186
2026-05-28 20:45:00,0,3.950407028198242,2.434563398361206,6.384970426559448,0.11000000000058208,0,20,17.633333841959637,13.699999809265137,20.03333346048991,22.599999745686848,22.599999745686848,19.3,15.80219841003418,9.598047256469728,NA,75,0,0,23.92793337504069,0,20.98827298482259,6,5.5,5.809352022349689
2026-05-28 21:00:00,0,3.953208923339844,2.458106756210327,6.411315679550171,0.09100000000034925,0,19.899999618530273,17.366666793823242,14.233333269755045,19.96666653951009,22.233332951863606,22.233332951863606,19.1,15.795061111450195,9.795206069946287,NA,75,0,0,23.90632692972819,0,20.962037404378254,6,5.5,5.808299350782959
2026-05-28 21:15:00,0,3.958831787109375,2.389153003692627,6.347984790802002,0.09999999999854481,0,20.066666920979817,18.666666666666668,15.033333142598469,20,21.766666412353516,21.766666412353516,19,15.833002090454102,10.055302619934082,NA,75,0,0,23.871220270792644,0,20.93055725097656,6,5.5,5.811817995598035
2026-05-28 21:30:00,0,3.966092109680176,2.442006826400757,6.408098936080933,0.11000000000058208,0,19.899999618530273,17.36666742960612,13.566666603088379,19.96666653951009,21.46666653951009,21.46666653951009,18.8,15.920380592346191,10.020090103149414,NA,75,0,0,23.830709457397457,0,20.893826166788738,6,5.5,5.809459338037762
2026-05-28 21:45:00,0,3.979154348373413,2.38675856590271,6.365912914276123,0.09500000000116415,0,20.200000127156574,18.166666666666668,14.46666653951009,19.96666653951009,21.066666920979817,21.066666920979817,18.6,16.000852584838867,9.803628921508787,NA,75,0,0,23.79560343424479,0,20.85787073771159,6,5.5,5.812536033869534
2026-05-28 22:00:00,0,3.9974582195281982,2.385037660598755,6.382495880126953,0.11499999999796273,0,20.233333587646484,18.133333206176758,14.133333206176758,20.299999872843426,20.799999872843426,20.799999872843426,18.5,16.04083251953125,9.1558198928833,NA,75,0,0,23.752392450968426,0,20.817129770914715,6,5.5,5.813157916166856
2026-05-28 22:15:00,0,4.026927471160889,2.3562300205230713,6.38315749168396,0.10000000000582077,0,20.133333206176758,17.233333587646484,13.899999936421713,20.100000381469727,20.5,20.5,18.3,16.08163833618164,9.290120124816896,NA,75,0,0,23.714584350585938,0,20.778935114542644,6,5.5,5.815433817543059
2026-05-28 22:30:00,0,4.0265793800354,2.3263163566589355,6.352895736694336,0.10299999999551801,0,20.5,18.733333587646484,14.733333587646486,20.200000127156574,20.1999994913737,20.1999994913737,18.1,16.02887725830078,9.312126159667969,NA,75,0,0,23.674074172973633,0,20.717825571695965,6,5.5,5.81690897717539
2026-05-28 22:45:00,0,4.012406826019287,2.327180862426758,6.339587688446045,0.11400000000139698,0,20.299999872843426,17.400000254313152,13.600000063578287,20.266666412353516,19.96666653951009,19.96666653951009,17.9,16.06855583190918,9.387860298156738,NA,75,0,0,23.625464757283527,0,20.700000762939453,6,5.5,5.816456449788677
2026-05-28 23:00:00,0,4.025300025939941,2.3522350788116455,6.377535104751587,0.09500000000116415,0,20.366666158040363,17.900000254313152,14.400000254313152,20.200000127156574,19.666666666666668,19.666666666666668,17.7,16.106765747070312,9.271678924560549,NA,75,0,0,23.590354283650715,0,20.651622136433918,6,5.5,5.815584309597989
2026-05-28 23:15:00,0,4.030241966247559,2.3507561683654785,6.380998134613037,0.11499999999796273,0,20.333333333333332,18.43333371480306,14.200000127156576,20.3000005086263,19.399999618530273,19.399999618530273,17.5,16.122526168823242,9.241924285888672,NA,75,0,0,23.53634198506673,0,20.618520736694336,6,5.5,5.815800277732879
2026-05-28 23:30:00,0,4.029445648193359,2.3517906665802,6.38123631477356,0.10500000000320142,0,20.03333346048991,17.166666666666668,13.800000190734863,20.03333346048991,19.333333333333332,19.333333333333332,17.4,16.2393798828125,9.82300853729248,NA,75,0,0,23.487733205159504,0,20.631251017252605,6,5.5,5.815726095181945
2026-05-28 23:45:00,0,4.057876110076904,2.371083974838257,6.428960084915161,0.09699999999429565,0,20.299999872843426,18.53333346048991,14.833333333333332,19.96666653951009,19.166667302449543,19.166667302449543,17.2,16.25349235534668,10.04075813293457,NA,75,0,0,23.439119974772133,0,20.565048217773438,6,5.5,5.815593506296474
2026-05-29 00:00:00,0,4.069074630737305,2.404458284378052,6.4735329151153564,0.1190000000060536,0,20,17.40000057220459,13.600000381469728,20.050000190734863,18.75,18.75,17,16.216421127319336,9.827561378479004,NA,75,0,0,23.366206169128418,0,20.543404579162598,6,5.5,5.81428546700027
2026-05-29 00:15:00,0,4.066415786743164,2.4614346027374268,6.527850389480591,0.09699999999429565,0,20.100000381469727,17.53333346048991,14.133333206176758,20,18.600000381469727,18.600000381469727,17.1,15.877902030944824,9.862529754638672,NA,75,0,0,23.331096649169922,0,20.53449249267578,6,5.5,5.811466680769526
2026-05-29 00:30:00,0,3.9814035892486577,2.498014211654663,6.47941780090332,0.10900000000401633,0,20.200000127156574,18.56666628519694,14.633333206176758,20.133333206176758,18.5,18.5,17.2,15.811278343200684,9.838101387023926,NA,75,0,0,23.274384180704754,0,20.478474299112957,6,5.5,5.8072346707364355
2026-05-29 00:45:00,0,3.952953815460205,2.4824416637420654,6.4353954792022705,0.10800000000017462,0,19.866666158040363,17.266667048136394,13.733333269755045,19.833332697550457,18.299999872843426,18.299999872843426,17.3,15.83603572845459,10.089674949645996,NA,75,0,0,23.23117192586263,0,20.473382314046226,6,5.5,5.807125943404353
2026-05-29 01:00:00,0,3.9513721466064458,2.4575796127319336,6.408951759338379,0.0959999999977299,0,20.066666920979817,18.46666653951009,14.566666603088379,19.766666412353516,18.03333346048991,18.03333346048991,17.4,15.820266723632812,9.17571258544922,NA,75,0,0,23.18526268005371,0,20.447917938232425,6,5.5,5.808269768207333
2026-05-29 01:15:00,0,3.953360795974731,2.4076778888702393,6.361038684844971,0.11800000000221189,0,19.900000254313152,17.733333587646484,13.833333333333334,19.900000254313152,18,18,17.4,15.868718147277832,9.692882537841797,NA,75,0,0,23.128549575805664,0,20.419908523559574,6,5.5,5.81074805482582
2026-05-29 01:30:00,0,3.967916965484619,2.4958107471466064,6.463727712631226,0.0970000000015716,0,19.899999618530273,17.566666920979817,14.133333206176758,19.766666412353516,17.799999872843426,17.799999872843426,17.5,15.882840156555176,9.922924041748049,NA,75,0,0,23.08263905843099,0,20.399538040161133,6,5.5,5.806937199545908
2026-05-29 01:45:00,0,3.9762539863586426,2.5021135807037354,6.478367567062378,0.10599999999976717,0,20,18.53333282470703,14.600000063578287,19.900000254313152,17.566666920979817,17.566666920979817,17.6,15.943920135498049,9.929206848144531,NA,75,0,0,23.028627395629883,0,20.346066157023113,6,5.5,5.806887031740442
2026-05-29 02:00:00,0,3.979722261428833,2.508833169937134,6.488555431365967,0.10499999999592546,0,19.700000127156574,17.366666158040363,13.733333269755045,19.766666412353516,17.5,17.5,17.6,15.905481338500977,10.057751655578612,NA,75,0,0,22.971914291381836,0,20.34861183166504,6,5.5,5.806672440693863
2026-05-29 02:15:00,0,3.982748031616211,2.5029051303863525,6.4856531620025635,0.0970000000015716,0,19.933333079020183,18.633333206176758,14.5,19.733333587646484,17.399999618530273,17.399999618530273,17.3,15.880364418029783,9.923630714416504,NA,75,0,0,22.9270076751709,0,20.302777608235676,6,5.5,5.807042940173697
2026-05-29 02:30:00,0,3.968072891235352,2.5025641918182373,6.470637083053589,0.11400000000139698,0,19.799999872843426,17.600000381469727,13.700000127156576,19.766667048136394,17.366666158040363,17.366666158040363,17,15.89340591430664,10.396340370178224,NA,75,0,0,22.874539057413738,0,20.25694465637207,6,5.5,5.8066214995759555
2026-05-29 02:45:00,0,3.96934175491333,2.49764633178711,6.4669880867004395,0.0959999999977299,0,19.833332697550457,17.833333333333332,14.133333206176758,19.733333587646484,17.133333841959637,17.133333841959637,16.7,15.813618659973145,10.136587142944336,NA,75,0,0,22.82731374104818,0,20.218751271565754,6,5.5,5.806892613817892
2026-05-29 03:00:00,0,3.9644696712493896,2.5095231533050537,6.473992824554443,0.11099999999714782,0,19.933333079020183,18.333333333333332,14.300000190734863,19.799999872843426,17.133333841959637,17.133333841959637,16.4,15.892818450927734,9.889321327209473,NA,75,0,0,22.7722225189209,0,20.19583511352539,6,5.5,5.806184280604469
2026-05-29 03:15:00,0,3.972350597381592,2.5076236724853516,6.479974269866943,0.10000000000582077,0,19.700000127156574,17.333333333333332,13.766666730244955,19.666667302449543,16.933333079020183,16.933333079020183,16.4,15.993127822875977,10.242220878601074,NA,75,0,0,22.720909754435223,0,20.172917048136394,6,5.5,5.806509750806708
2026-05-29 03:30:00,0,4.011275768280029,2.5326268672943115,6.543902635574341,0.09500000000116415,0,19.899999618530273,18.666666666666668,14.700000127156576,19.700000127156574,16.833332697550457,16.833332697550457,16.4,15.96063232421875,10.011024475097656,NA,75,0,0,22.666898727416992,0,20.129629770914715,6,5.5,5.806489566827729
2026-05-29 03:45:00,0.0627619180442553,3.9950857162475586,2.5298473834991455,6.524933099746704,0.05799999999726424,0,19.633333841959637,17.49999936421712,13.633333206176758,19.633333206176758,16.799999237060547,16.799999237060547,16.4,15.934329986572266,9.813876152038574,NA,75,0,0,22.61018435160319,0,20.09907404581706,6,5.5,5.806139975320409
2026-05-29 04:00:00,0.17816050585189303,3.986539602279663,2.532667398452759,6.519207000732422,0,0.03800000000046566,19.566666920979817,18.13333257039388,14.166666348775227,19.53333346048991,16.733333587646484,16.733333587646484,16.4,15.721817016601562,10.044562339782717,NA,75,0,0,22.567362467447918,0,20.030324935913086,6,5.5,5.805753414627866
2026-05-29 04:15:00,0.3072300065008537,3.93062973022461,2.5222349166870117,6.452864646911621,0,0.09399999999914144,19.299999872843426,18.03333346048991,14.166666666666666,19.400000254313152,16.833332697550457,16.833332697550457,16.8,16.02304458618164,9.940637588500977,NA,75,0,0,22.522684733072918,0,19.98958396911621,6,5.5,5.804564712364286
2026-05-29 04:30:00,0.47574045622945993,3.9900195598602295,2.5312366485595703,6.5212562084198,0,0.19700000000011642,19.100000381469727,17.799999237060547,13.899999936421713,19.166667302449543,16.933333079020183,16.933333079020183,17.1,15.90642261505127,10.11555290222168,NA,75,0,0,22.470216751098633,0,19.98958396911621,6,5.5,5.805924152673882
2026-05-29 04:45:00,0.7707982328475315,3.991973638534546,2.530900001525879,6.522873640060425,0,0.3260000000009313,19.200000127156574,18.299999872843426,14.46666653951009,19.266666412353516,17.100000381469727,17.100000381469727,17.5,16.040660858154297,10.11049461364746,NA,75,0,0,22.428242365519207,0,19.90301005045573,6,5.5,5.805998081429764
2026-05-29 05:00:00,1.1554480077920268,4.008744239807129,2.4919018745422363,6.500646114349365,0,0.5339999999996508,19.166667302449543,17.599999745686848,13.766666730244955,19.166667302449543,17.5,17.5,17.9,15.993688583374023,10.282291412353516,NA,75,0,0,22.365278244018555,0,19.895371119181316,6,5.5,5.8083342924142825
2026-05-29 05:15:00,1.5410481670516942,3.9905107021331783,2.5296928882598877,6.520203590393066,0,0.7289999999993597,19.333332697550457,18.43333371480306,14.333333333333334,19.266667048136394,18.133333206176758,18.133333206176758,18.4,15.88790512084961,10.260409355163574,NA,75,0,0,22.331173578898113,0,19.854629516601566,6,5.5,5.806011204006945
2026-05-29 05:30:00,1.9231757682366941,3.9617865085601807,2.524158000946045,6.485944509506226,0,1.0200000000004366,19.200000762939453,17.733333587646484,13.766666730244955,19.266666412353516,18.566666920979817,18.566666920979817,18.9,15.825454711914062,9.961434364318848,NA,75,0,0,22.28657341003418,0,19.811344146728516,6,5.5,5.805413228771347
2026-05-29 05:45:00,2.2910841579370027,3.953572034835815,2.5042483806610107,6.457820415496826,0,1.3770000000004075,19.233332951863606,18.166666666666668,14.299999872843424,19.299999237060547,19.066666920979817,19.066666920979817,19.4,15.783344268798828,9.976491928100586,NA,75,0,0,22.249844868977863,0,19.768055597941082,6,5.5,5.806107307145646
2026-05-29 06:00:00,2.6765746574679965,3.9589247703552246,2.5364835262298584,6.495408296585083,0,1.756999999999607,19.233332951863606,17.700000127156574,13.899999936421713,19.200000762939453,20.366666793823242,20.366666793823242,19.9,16.226728439331055,10.754186630249023,NA,75,0,0,22.21311887105306,0,19.750232696533203,6,5.5,5.80474795344556
2026-05-29 06:15:00,3.129030697975738,4.049006462097168,2.519660711288452,6.56866717338562,0,2.110999999998967,19.366666158040363,18.299999872843426,14.433333396911621,19.299999872843426,21,21,20.4,16.14025115966797,9.303016662597656,NA,75,0,0,22.184261322021484,0,19.70439847310384,6,5.5,5.808206090765459
2026-05-29 06:30:00,3.728503881392038,4.032461166381836,2.4933931827545166,6.5258543491363525,0,2.4800000000013824,19.066666920979817,17.700000127156574,13.766666730244955,19.200000762939453,21.700000127156574,21.700000127156574,21,16.18006134033203,10.088605880737305,NA,75,0,0,22.16064961751302,0,19.691667556762695,6,5.5,5.808960402013531
2026-05-29 06:45:00,4.277350823403974,4.066124439239502,2.550679922103882,6.616804361343384,0,2.8509999999987485,19.066666920979817,18.333333333333332,14.266666730244955,19.200000127156574,22.633333841959637,22.633333841959637,21.5,16.30675506591797,10.741754531860352,NA,75,0,0,22.13441276550293,0,19.658564885457356,6,5.5,5.8072574174169755
2026-05-29 07:00:00,4.853758910555902,4.083505630493164,2.6116576194763184,6.695163249969482,0,3.290000000000873,18.96666653951009,17.666666666666668,13.766666730244955,18.933333079020183,23.46666653951009,23.46666653951009,22,16.433298110961914,10.041626930236816,NA,75,0,0,22.10818036397298,0,19.64583396911621,6,5.5,5.804959377242353
2026-05-29 07:15:00,5.298465663570701,4.102508544921875,2.5540528297424316,6.656561374664307,0,3.6589999999996508,19.399999618530273,18.333333333333332,14.300000190734863,19.166666666666668,24.400000254313152,24.400000254313152,22.6,16.386072158813477,10.012411117553713,NA,75,0,0,22.08981450398763,0,19.653473536173504,6,5.5,5.808155240672499
2026-05-29 07:30:00,5.799537517123789,4.1171441078186035,2.5546860694885254,6.671830177307129,0,4.003000000000611,19.46666653951009,17.633333206176758,13.699999809265137,19.5,25.399999618530273,25.399999618530273,23.2,16.39109230041504,10.19101905822754,NA,75,0,0,22.08194351196289,0,19.615278879801433,6,5.5,5.808546830360148
2026-05-29 07:45:00,6.270379838805823,4.106811046600342,2.555983066558838,6.66279411315918,0,4.162999999998647,19.700000127156574,18.46666653951009,14.233333587646484,19.566666920979817,26,26,23.8,16.403507232666016,9.215991973876951,NA,75,0,0,22.08194351196289,0,19.600231806437176,6,5.5,5.808189850748149
2026-05-29 08:00:00,6.889737986354956,4.102813720703125,2.5593769550323486,6.662190675735474,0,4.794000000001688,19.266666412353516,17.53333282470703,13.600000063578287,19.399999618530273,26.833333333333332,26.833333333333332,24.4,16.423980712890625,10.445090293884276,NA,75,0,0,22.092438379923504,0,19.58765474955241,6,5.5,5.807917764621034
2026-05-29 08:15:00,7.4678640759227735,4.114723205566406,2.5423972606658936,6.6571204662323,0,5.186999999999898,19.266666412353516,18.43333371480306,14.266666730244955,19.366666158040363,27.5,27.5,24.9,16.541671752929688,10.45966911315918,NA,75,0,0,22.095061620076496,0,19.590124130249023,6,5.5,5.809046773784401
2026-05-29 08:30:00,7.948977858857245,4.1266770362854,2.5720081329345703,6.698685169219971,0,5.463999999999942,19.100000381469727,17.600000381469727,13.699999809265137,19.200000762939453,28.266666412353516,28.266666412353516,25.4,16.537214279174805,10.325597763061523,NA,75,0,0,22.108179728190105,0,19.587730407714844,6,5.5,5.80802142002786
2026-05-29 08:45:00,8.349930380131232,4.123678684234619,2.558468818664551,6.68214750289917,0,5.792999999999665,19.366666793823242,18.433333079020183,14.466666539510092,19.3000005086263,29.433333079020183,29.433333079020183,25.8,16.32113265991211,10.3230562210083,NA,75,0,0,22.126543045043945,0,19.56049156188965,6,5.5,5.8085593877152135
2026-05-29 09:00:00,8.609494957901912,4.083342552185059,2.540559768676758,6.623902320861816,0,6.065000000000509,19.399999618530273,17.566666920979817,13.733333269755045,19.5,30.266666412353516,30.266666412353516,26.3,16.242103576660156,10.13125991821289,NA,75,0,0,22.15277862548828,0,19.58271662394206,6,5.5,5.808227865870295
2026-05-29 09:15:00,8.617353905123528,4.079188823699951,2.531170129776001,6.610358953475952,0,6.233999999998559,19.666667302449543,18.5,14.333333333333334,19.566666920979817,31.1999994913737,31.1999994913737,26.6,16.33473777770996,10.278911590576172,NA,75,0,0,22.184261322021484,0,19.625463485717773,6,5.5,5.808545182826643
2026-05-29 09:30:00,8.603902311739553,4.0901336669921875,2.5272748470306396,6.617408514022827,0,6.334000000000742,19.46666653951009,17.43333371480306,13.633333206176758,19.566666920979817,32.03333346048991,32.03333346048991,27,16.372896194458008,10.11856174468994,NA,75,0,0,22.2209898630778,0,19.630557378133137,6,5.5,5.8090434615246185
2026-05-29 09:45:00,8.65993843309182,4.0938720703125,2.5338714122772217,6.627743482589722,0,6.620999999999185,19.600000381469727,18.633333206176758,14.5,19.633333206176758,32.36666615804037,32.36666615804037,27.3,16.395082473754883,10.240715980529783,NA,75,0,0,22.27083460489909,0,19.63055674235026,6,5.5,5.8088435816101365
2026-05-29 10:00:00,8.953607186480024,4.1173882484436035,2.5202925205230713,6.637680768966675,0,6.827000000001135,19.3000005086263,17.599999745686848,13.699999809265137,19.53333346048991,32.833333333333336,32.833333333333336,27.6,16.49013328552246,10.166640281677246,NA,75,0,0,22.34166653951009,0,19.663658777872723,6,5.5,5.8101526264786445
2026-05-29 10:15:00,9.171062428439999,4.1357197761535645,2.5317327976226807,6.667452573776245,0,7.010000000000218,19.5,18.299999872843426,14.300000190734863,19.5,33.300000508626304,33.300000508626304,27.9,16.58864974975586,10.099250793457031,NA,75,0,0,22.407254536946613,0,19.684027353922527,6,5.5,5.810142421741383
2026-05-29 10:30:00,9.430188367295983,4.153426170349121,2.4516677856445312,6.605093955993652,0,7.091999999998734,19.433333079020183,17.833332697550457,14,19.633333206176758,33.86666615804037,33.86666615804037,28.1,16.628202438354492,9.607234001159668,NA,75,0,0,22.46759287516276,0,19.75277837117513,6,5.5,5.814410831853511
2026-05-29 10:45:00,9.655941195392268,4.162746429443359,2.3976407051086426,6.560387134552002,0,7.118000000000393,19.399999618530273,18.066666920979817,14.233333269755045,19.566666920979817,33.59999974568685,33.59999974568685,28.4,16.587547302246094,9.25464153289795,NA,75,0,0,22.570138295491535,0,19.824073791503906,6,5.5,5.817263779108337
2026-05-29 11:00:00,9.86539127715906,4.149413108825684,2.386698007583618,6.536111116409302,0,7.07799999999952,19.433333079020183,17.933333079020183,14.233333269755045,19.666666666666668,33.83333206176758,33.83333206176758,28.6,16.619190216064453,9.681787490844728,NA,75,0,0,22.683101654052734,0,19.85972277323405,6,5.5,5.81742216701368
2026-05-29 11:15:00,9.853401813490734,4.153785705566406,2.4329898357391357,6.586775541305542,0,7.212000000001353,19.5,17.96666653951009,14.233333269755045,19.600000381469727,34.300000508626304,34.300000508626304,29,16.574199676513672,9.395912170410156,NA,75,0,0,22.80108070373535,0,19.93865712483724,6,5.5,5.815312528832818
2026-05-29 11:30:00,9.684123745661411,4.126924991607666,2.4581222534179688,6.585047245025635,0,6.459999999999127,19.700000127156574,18.200000127156574,14.166666984558107,19.833332697550457,34.56666819254557,34.56666819254557,29.4,16.510196685791016,9.728361129760742,NA,75,0,0,22.90601984659831,0,20.002314885457356,6,5.5,5.813355761777196
2026-05-29 11:45:00,9.497994632859228,4.134372711181641,2.4093475341796875,6.543720245361328,0,5.6929999999993015,19.600000381469727,17.799999872843426,14.133333524068197,19.866666158040363,34.70000076293945,34.70000076293945,29.8,16.49863624572754,9.844000816345217,NA,75,0,0,22.98541831970215,0,20.058334350585938,6,5.5,5.815903840335502
2026-05-29 12:00:00,9.198148381422406,4.119973659515381,2.4123735427856445,6.532347202301025,0,5.481999999999971,19.666666666666668,18.233333587646484,14.166666666666668,19.866666793823242,34.59999974568685,34.59999974568685,30.2,16.42228126525879,9.661252975463867,NA,75,0,0,23.05833371480306,0,20.09398078918457,6,5.5,5.815351705284749
2026-05-29 12:15:00,8.948270413017903,4.138755798339844,2.414942979812622,6.553698778152466,0,5.9950000000008,19.433333079020183,17.766666412353516,14.166666666666666,19.633333841959637,34.56666564941406,34.56666564941406,29.9,16.51386833190918,9.35053825378418,NA,75,0,0,23.128549575805664,0,20.152546564737957,6,5.5,5.8157572493365794
2026-05-29 12:30:00,8.700768405401332,4.132443904876709,2.3604648113250732,6.492908716201782,0,6.7369999999991705,19.53333346048991,18.266666412353516,14.46666653951009,19.733333587646484,35.5,35.5,29.6,16.5293025970459,9.723291397094728,NA,75,0,0,23.187964121500652,0,20.162731806437176,6,5.5,5.818227475966588
2026-05-29 12:45:00,8.501407018672522,4.138020992279053,2.4302406311035156,6.568261623382568,0,6.64600000000064,19.46666653951009,17.633333206176758,14.133333206176758,19.733332951863606,35.59999974568685,35.59999974568685,29.4,16.533781051635742,9.761316299438477,NA,75,0,0,23.25548044840495,0,20.241667429606117,6,5.5,5.815001230884895
2026-05-29 13:00:00,8.253539478627038,4.14863395690918,2.436842441558838,6.585476398468018,0,6.3700000000008,19.733332951863606,18.399999618530273,14.566666920979818,19.899999618530273,34.900001525878906,34.900001525878906,29.1,16.3311710357666,9.792805671691896,NA,75,0,0,23.320293426513672,0,20.272223790486652,6,5.5,5.814983587054862
2026-05-29 13:15:00,7.986773912006785,4.067074775695801,2.408013343811035,6.475088119506836,0,5.498999999999796,19.53333346048991,17.46666653951009,14,19.799999872843426,35.29999923706055,35.29999923706055,29.1,16.150001525878906,9.70057201385498,NA,75,0,0,23.390509923299152,0,20.312964121500652,6,5.5,5.814055554197274
2026-05-29 13:30:00,7.61839033014889,4.045556545257568,2.350492238998413,6.3960487842559814,0,5.6340000000000146,19.799999237060547,18.599999745686848,14.800000190734865,19.899999618530273,35.06666692097982,35.06666692097982,29,16.174331665039062,9.29058074951172,NA,75,0,0,23.45532480875651,0,20.356251398722332,6,5.5,5.816254353407669
2026-05-29 13:45:00,7.482595032807942,4.043877124786377,2.3210697174072266,6.3649468421936035,0,5.021999999999025,19.633333841959637,17.46666653951009,13.866666793823242,19.866666158040363,34.666666666666664,34.666666666666664,29,16.16952133178711,9.281864166259766,NA,75,0,0,23.520139694213867,0,20.42754618326823,6,5.5,5.817667784590068
2026-05-29 14:00:00,7.378856929482609,4.054678916931152,2.3859102725982666,6.440589189529419,0,5.800000000001091,19.866666793823242,18.366666793823242,14.766666412353516,19.899999618530273,33.86666742960612,33.86666742960612,29,16.476058959960938,9.650264739990234,NA,75,0,0,23.58495267232259,0,20.460650126139324,6,5.5,5.814775465226296
2026-05-29 14:15:00,7.130331431065083,4.132695198059082,2.399618148803711,6.532313346862793,0,5.337999999999738,19.833333333333332,17.899999618530273,14.066666603088379,20.066666920979817,34.333333333333336,34.333333333333336,28.9,16.529338836669922,9.421867370605469,NA,75,0,0,23.64166768391927,0,20.488659540812176,6,5.5,5.816327078832176
2026-05-29 14:30:00,6.688768256938931,4.138272285461426,2.382384777069092,6.520657062530518,0,4.880999999999403,19.96666653951009,17.733332951863606,14.300000190734863,20.066666920979817,33.666666666666664,33.666666666666664,28.8,16.660125732421875,9.68947410583496,NA,75,0,0,23.703781763712563,0,20.549769083658855,6,5.5,5.817320190724419
2026-05-29 14:45:00,5.989577826915334,4.14860200881958,2.3566458225250244,6.5052478313446045,0,5.309999999999491,20.066666920979817,18.566666920979817,14.533333460489908,20.233333587646484,33.93333307902018,33.93333307902018,28.6,16.62900733947754,9.289690017700195,NA,75,0,0,23.76049359639486,0,20.549769083658855,6,5.5,5.818865792386121
2026-05-29 15:00:00,5.21929133946828,4.092761993408203,2.314499855041504,6.407261848449707,0,4.598000000001775,19.833332697550457,17.266666412353516,14.033333142598469,20.066666920979817,34.199999491373696,34.199999491373696,28.5,16.190147399902344,9.567157745361328,NA,75,0,0,23.811805725097656,0,20.628703435262043,6,5.5,5.819384636543181
2026-05-29 15:15:00,4.475176973931352,4.005111217498779,2.3818492889404297,6.386960506439209,0,3.9619999999995343,20.166667302449543,18.633333206176758,14.933333396911621,20.200000127156574,33.8999989827474,33.8999989827474,28.5,15.925647735595703,9.39694881439209,NA,75,0,0,23.871220270792644,0,20.649075826009113,6,5.5,5.8135381229820435
2026-05-29 15:30:00,3.907322345615973,4.0243988037109375,2.36210036277771,6.3864991664886475,0,3.594999999999345,19.700000127156574,17.566666920979817,13.799999872843424,19.93333371480306,33.53333282470703,33.53333282470703,28.5,16.155380249023438,9.031550407409668,NA,75,0,0,23.917129516601562,0,20.717823028564453,6,5.5,5.815070800042364
2026-05-29 15:45:00,3.4131590549693294,4.044429779052734,2.363539457321167,6.407969236373901,0,3.3400000000001455,19.700000127156574,17.966665903727215,14.633333524068197,19.899999618530273,33.63333384195963,33.63333384195963,28.5,16.16911506652832,9.664981842041016,NA,75,0,0,23.98055585225423,0,20.74328676859538,6,5.5,5.815578120763683
2026-05-29 16:00:00,3.011621681809082,4.045144081115723,2.3973746299743652,6.442518711090088,0,2.985000000000582,19.833333333333332,18.433333079020183,14.399999936421713,20.066666920979817,34.03333282470703,34.03333282470703,28.5,16.176937103271484,9.499878883361816,NA,75,0,0,24.002776463826496,0,20.73055648803711,6,5.5,5.813941197730047
2026-05-29 16:15:00,2.548345881405534,4.032628536224365,2.3807806968688965,6.413409233093262,0,3.0929999999989377,19.566666920979817,17.400000254313152,14.166666666666666,19.799999872843426,33.96666717529297,33.96666717529297,26.2,16.18366241455078,9.6423921585083,NA,75,0,0,24.052778879801433,0,20.78657595316569,6,5.5,5.81439039593918
2026-05-29 16:30:00,2.1391688804810185,4.046784400939941,2.386622667312622,6.4334070682525635,0,2.811999999999898,19.933333079020183,18.666666666666668,14.799999872843424,20,33.53333282470703,33.53333282470703,23.9,16.053495407104492,9.351367950439451,NA,75,0,0,24.09166653951009,0,20.814584096272785,6,5.5,5.814513317594182
2026-05-29 16:45:00,1.746513945343342,4.024190425872803,2.3653342723846436,6.389524698257446,0,2.32300000000032,19.766666412353516,17.49999936421712,13.96666653951009,20.03333346048991,33.166666666666664,33.166666666666664,21.6,16.124835968017578,9.631014823913574,NA,75,0,0,24.12500063578288,0,20.847687403361004,6,5.5,5.814905303282597
2026-05-29 17:00:00,1.498280872868946,3.996194362640381,2.3741378784179688,6.37033224105835,0,1.6000000000003638,20.066666920979817,18.5,14.899999936421711,20.100000381469727,32.73333231608073,32.73333231608073,19.3,15.842310905456545,9.545465469360352,NA,75,0,0,24.146835962931316,0,20.875693639119465,6,5.5,5.813656667456364
2026-05-29 17:15:00,1.311786227637851,3.9597396850585938,2.3538548946380615,6.313594579696655,0,0.8019999999996799,19.833333333333332,17.833332697550457,14,20.06666628519694,31.6999994913737,31.6999994913737,20.1,15.75240707397461,9.517148971557615,NA,75,0,0,24.17384211222331,0,20.875693639119465,6,5.5,5.813588371495406
2026-05-29 17:30:00,1.1606385682825826,3.945890188217163,2.3318216800689697,6.277711868286133,0,0.46299999999973807,19.799999872843426,17.566666920979817,14.399999936421711,19.899999618530273,30.766666412353516,30.766666412353516,20.9,15.839844703674316,9.446077346801758,NA,75,0,0,24.20625114440918,0,20.904321034749348,6,5.5,5.814277739326576
2026-05-29 17:45:00,0.9863161529342694,3.9404749870300297,2.3511321544647217,6.291607141494751,0,0.3250000000007276,20,18.53333346048991,14.733333587646486,20.133333206176758,30.099999745686848,30.099999745686848,21.7,15.720705032348633,9.442697525024414,NA,75,0,0,24.214352289835613,0,20.93055725097656,6,5.5,5.81315329282415
2026-05-29 18:00:00,0.7798268838416672,3.925642728805542,2.362718343734741,6.288361072540283,0,0.31600000000071304,19.666667302449543,17.399999618530273,14.033333142598469,19.866666158040363,29.333333333333332,29.333333333333332,22.5,16.016061782836914,9.433721542358398,NA,75,0,0,24.230554580688477,0,20.93055725097656,6,5.5,5.812135601273585
2026-05-29 18:15:00,0.5480062174254371,3.993033409118652,2.36802077293396,6.361054182052612,0,0.27700000000004366,19.899999618530273,18.633333206176758,14.866666475931803,20.066666920979817,28.766666412353516,28.766666412353516,22,15.947967529296877,9.60746955871582,NA,75,0,0,24.230554580688477,0,20.946300506591797,6,5.5,5.813865697008587
2026-05-29 18:30:00,0.37945921445393954,3.985315322875977,2.3783328533172607,6.363648176193237,0,0.18399999999928696,19.566666920979817,17.599999745686848,13.899999936421711,19.833333333333332,28.299999872843426,28.299999872843426,21.6,15.92897129058838,8.83387565612793,NA,75,0,0,24.246760686238606,0,20.93055725097656,6,5.5,5.813131336973127
2026-05-29 18:45:00,0.253167760264713,3.993290901184082,2.367911577224731,6.3612024784088135,0,0.15300000000024738,19.799999872843426,18.233332951863606,14.699999809265137,19.899999618530273,27.733333587646484,27.733333587646484,21.1,15.923632621765137,9.704927444458008,NA,75,0,0,24.25216229756673,0,20.938427607218422,6,5.5,5.8138786192341865
2026-05-29 19:00:00,0.1466150572367548,3.9916560649871826,2.418773651123047,6.4104297161102295,0,0.07300000000032014,19.833333333333332,17.933333079020183,14.333333333333334,20.03333346048991,27.333332697550457,27.333332697550457,20.6,15.97169589996338,9.831585884094238,NA,75,0,0,24.249460856119793,0,20.93055725097656,6,5.5,5.8113407557496215
2026-05-29 19:15:00,0.05088211410460301,3.995032787322998,2.3952558040618896,6.390288591384888,0.0029999999969732016,0.016999999999825377,19.766666412353516,17.900000254313152,14.466666857401531,19.96666653951009,26.899999618530273,26.899999618530273,20.3,16.00874900817871,9.663272857666016,NA,75,0,0,24.24135907491048,0,20.933179855346676,6,5.5,5.812586257270832
2026-05-29 19:30:00,0.001973875116126841,4.003955364227295,2.3860185146331787,6.389973878860474,0.08699999999953434,0,19.833333333333332,18.166666666666668,14.49999968210856,20.066666920979817,26.433333079020183,26.433333079020183,20,16.074748992919922,9.722329139709473,NA,75,0,0,24.233256022135418,0,20.933179855346676,6,5.5,5.813299822513619
2026-05-29 19:45:00,0,4.022701740264893,2.3777012825012207,6.400403022766113,0.10900000000401633,0,19.766667048136394,17.766666412353516,14.333333015441893,19.933333079020183,26.200000127156574,26.200000127156574,19.8,16.04501724243164,8.97995376586914,NA,75,0,0,24.230554580688477,0,20.93055725097656,6,5.5,5.814253784172357
2026-05-29 20:00:00,0,4.020620822906494,2.3206520080566406,6.341272830963135,0.11899999999877764,0,19.96666653951009,18.399999618530273,14.46666653951009,20.066666920979817,25.96666653951009,25.96666653951009,19.5,16.10470199584961,9.712956428527832,NA,75,0,0,24.21975580851237,0,20.92531013488769,6,5.5,5.817020015545982
2026-05-29 20:15:00,0,4.0330586433410645,2.419119119644165,6.4521777629852295,0.11699999999837019,0,19.666667302449543,17.43333371480306,14.133333206176758,19.833332697550457,25.600000381469727,25.600000381469727,19.3,16.139089584350586,9.748048782348633,NA,75,0,0,24.20625114440918,0,20.912269592285153,6,5.5,5.812534681427863
2026-05-29 20:30:00,0,4.052501201629639,2.4373984336853027,6.489899635314941,0.11300000000483124,0,19.833332697550457,18.5,14.733333269755045,20,25.299999872843426,25.299999872843426,19.1,16.18539810180664,9.94455337524414,NA,75,0,0,24.18464469909668,0,20.899073282877602,6,5.5,5.8122160148346405
2026-05-29 20:45:00,0,4.063547134399414,2.456031084060669,6.519578218460083,0.11699999999837019,0,19.5,17.53333346048991,14.099999745686848,19.766666412353516,24.833333333333332,24.833333333333332,19,16.28553581237793,9.72818088531494,NA,75,0,0,24.17114194234212,0,20.88857905069987,6,5.5,5.811641873004418
2026-05-29 21:00:00,0,4.004884719848633,2.446382999420166,6.451267719268799,0.11099999999714782,0,19.53333346048991,18.46666653951009,14.733333269755045,19.799999872843426,24.566666920979817,24.566666920979817,18.8,15.85762882232666,9.655245780944824,NA,75,0,0,24.144136428833008,0,20.875693639119465,6,5.5,5.810395173020548
2026-05-29 21:15:00,0,3.9816412925720215,2.418123483657837,6.399764776229858,0.11499999999796273,0,19.366666158040363,17.633333206176758,14.099999745686848,19.633333841959637,24.46666653951009,24.46666653951009,18.6,15.916486740112305,9.602352142333984,NA,75,0,0,24.11944516499837,0,20.86551030476888,6,5.5,5.811077159223157
2026-05-29 21:30:00,0,3.970497131347656,2.4211654663085938,6.39166259765625,0.11200000000098953,0,19.633333841959637,18.366666793823242,14.733333269755045,19.833333333333332,24.133333841959637,24.133333841959637,18.5,15.87507438659668,9.689441680908203,NA,75,0,0,24.094443639119465,0,20.85023307800293,6,5.5,5.81059971256959
2026-05-29 21:45:00,0,3.9744367599487305,2.4386448860168457,6.413081645965576,0.11300000000483124,0,19.566666920979817,17.599999745686848,14.133333206176758,19.733333587646484,23.899999618530273,23.899999618530273,18.4,15.92984676361084,9.79179573059082,NA,75,0,0,24.066667556762695,0,20.842594146728516,6,5.5,5.809869496394843
2026-05-29 22:00:00,0,3.9974169731140137,2.4389803409576416,6.436397314071655,0.11499999999796273,0,19.733333587646484,18.366666793823242,14.633333524068197,19.933333079020183,23.633333841959637,23.633333841959637,18.2,16.056110382080078,9.960140228271484,NA,75,0,0,24.036112467447914,0,20.789121627807617,6,5.5,5.81053217957619
2026-05-29 22:15:00,0,4.02783203125,2.4370744228363037,6.464906454086304,0.11499999999796273,0,19.433333079020183,17.566666920979817,14.099999745686848,19.666667302449543,23.200000127156574,23.200000127156574,18,16.150808334350586,9.688344955444336,NA,75,0,0,24.00555356343587,0,20.814584096272785,6,5.5,5.811515105427714
2026-05-29 22:30:00,0,4.0472412109375,2.4588375091552734,6.506078720092773,0.11300000000483124,0,19.700000762939453,18.299999872843426,14.733333269755045,19.833332697550457,23.399999618530273,23.399999618530273,17.9,16.200502395629883,9.81008243560791,NA,75,0,0,23.983333587646484,0,20.776390711466473,6,5.5,5.811035370540352
2026-05-29 22:45:00,0,4.045236110687256,2.458827018737793,6.504063129425049,0.11199999999371357,0,19.600000381469727,17.666666666666668,14.166666666666666,19.766666412353516,23.333333333333332,23.333333333333332,17.7,16.215364456176758,10.105852127075195,NA,75,0,0,23.930632909138996,0,20.76620356241862,6,5.5,5.810977617390135
2026-05-29 23:00:00,0,4.058499336242676,2.4703369140625,6.528836250305176,0.11600000000180444,0,19.799999872843426,18.299999237060547,14.466666539510092,19.899999618530273,23.066666920979817,23.066666920979817,17.5,16.145387649536133,9.733834266662598,NA,75,0,0,23.89282480875651,0,20.784030278523762,6,5.5,5.810813380872661
2026-05-29 23:15:00,0,4.039162635803223,2.469169855117798,6.5083324909210205,0.11000000000058208,0,19.633333841959637,17.766666412353516,14.199999809265137,19.833332697550457,23.166667302449543,23.166667302449543,17.6,16.162784576416016,9.784448623657228,NA,75,0,0,23.86041768391927,0,20.77384312947591,6,5.5,5.8103070288309455
2026-05-29 23:30:00,0,4.058508396148682,2.4851131439208984,6.54362154006958,0.11800000000221189,0,19.799999872843426,18.266667048136394,14.366666475931803,19.899999618530273,23.233333587646484,23.233333587646484,17.7,16.296058654785156,9.931610107421877,NA,75,0,0,23.825308481852215,0,20.75856590270996,6,5.5,5.810111791406072
2026-05-29 23:45:00,0,4.065000534057617,2.479159355163574,6.544159889221191,0.11099999999714782,0,19.53333346048991,17.799999872843426,14.233333269755045,19.700000762939453,23.03333346048991,23.03333346048991,17.8,16.28604507446289,9.877874374389648,NA,75,0,0,23.779397328694664,0,20.70509401957194,6,5.5,5.810582305664095
2026-05-30 00:00:00,0,4.072992324829102,2.4904768466949463,6.563469171524048,0.12099999999918509,0,19.550000190734863,17.800000190734863,14.049999713897705,19.699999809265137,22.84999942779541,22.84999942779541,17.9,16.132579803466797,9.946234703063967,NA,75,0,0,23.7388916015625,0,20.70000267028809,6,5.5,5.810277401964497
2026-05-30 00:15:00,0,4.015651702880859,2.4788694381713867,6.494521141052246,0.10599999999976717,0,19.53333346048991,18.03333346048991,14.399999936421713,19.666667302449543,22.700000127156574,22.700000127156574,17.9,15.88737678527832,9.963886260986328,NA,75,0,0,23.711882909138996,0,20.70509401957194,6,5.5,5.809156873591317
2026-05-30 00:30:00,0,3.987479686737061,2.474071741104126,6.4615514278411865,0.12299999999959255,0,19.5,17.833333333333332,14.166666666666666,19.700000127156574,22.600000381469727,22.600000381469727,18,15.896937370300291,10.080842971801758,NA,75,0,0,23.67137273152669,0,20.646527608235676,6,5.5,5.808554356586564
2026-05-30 00:45:00,0,3.9823811054229736,2.4725306034088135,6.454911708831787,0.10700000000360887,0,19.600000381469727,18.266666412353516,14.600000063578287,19.733333587646484,22.233332951863606,22.233332951863606,18,15.873804092407228,9.438109397888184,NA,75,0,0,23.625464121500652,0,20.63125228881836,6,5.5,5.808476806892197
2026-05-30 01:00:00,0,3.9775874614715576,2.4675180912017822,6.44510555267334,0.11800000000221189,0,19.433333079020183,17.633333206176758,14.033333142598469,19.633333841959637,22.066666920979817,22.066666920979817,18,15.953978538513184,9.7723846435546875,NA,75,0,0,23.590355555216473,0,20.6287047068278,6,5.5,5.808574268409127
2026-05-30 01:15:00,0,3.9814343452453618,2.4589107036590576,6.440345048904419,0.11099999999714782,0,19.566666920979817,18.399999618530273,14.533333460489908,19.700000127156574,21.166667302449543,21.166667302449543,17.8,15.853113174438477,9.943082809448242,NA,75,0,0,23.555245717366535,0,20.610880533854168,6,5.5,5.809101012058559
2026-05-30 01:30:00,0,3.968510150909424,2.477555751800537,6.446065902709961,0.11499999999796273,0,19.399999618530273,17.666666666666668,14.066666603088379,19.566666920979817,20.900000254313152,20.900000254313152,17.6,15.890101432800291,9.82242202758789,NA,75,0,0,23.509337107340496,0,20.5879643758138,6,5.5,5.80782419934933
2026-05-30 01:45:00,0,3.9708821773529057,2.47709584236145,6.4479780197143555,0.11400000000139698,0,19.600000381469727,18.166667302449543,14.466666857401531,19.666666666666668,21.100000381469727,21.100000381469727,17.3,15.873598098754885,10.10842227935791,NA,75,0,0,23.46882756551107,0,20.5625,6,5.5,5.8079168512370964
2026-05-30 02:00:00,0,3.972800493240357,2.485512971878052,6.458313465118409,0.10700000000360887,0,19.433333079020183,17.900000254313152,14.233333269755045,19.566666920979817,20.233332951863606,20.233332951863606,17.1,15.87665557861328,9.9075469970703125,NA,75,0,0,23.425618489583336,0,20.52685292561849,6,5.5,5.807572597296307
2026-05-30 02:15:00,0,3.962160587310791,2.4901154041290283,6.452275991439819,0.12099999999918509,0,19.46666653951009,17.933333079020183,14.299999872843424,19.600000381469727,20.600000381469727,20.600000381469727,17.1,15.811266899108888,9.83913230895996,NA,75,0,0,23.368905385335285,0,20.503934860229492,6,5.5,5.807035888775322
2026-05-30 02:30:00,0,3.959829568862915,2.468167781829834,6.427997350692749,0.10499999999592546,0,19.433333079020183,18.133333206176758,14.366666793823242,19.5,20.53333346048991,20.53333346048991,17.1,15.837106704711914,9.85398769378662,NA,75,0,0,23.333798090616863,0,20.453009923299156,6,5.5,5.808014250226485
2026-05-30 02:45:00,0,3.969830274581909,2.483604907989502,6.453435182571411,0.12000000000261934,0,19.433333079020183,17.700000127156574,14.099999745686848,19.53333346048991,20.46666653951009,20.46666653951009,17.1,16.05866241455078,9.997591018676758,NA,75,0,0,23.2932866414388,0,20.445370992024742,6,5.5,5.807574970715062
2026-05-30 03:00:00,0,4.009140491485596,2.5007517337799072,6.509892225265503,0.10800000000017462,0,19.600000381469727,18.333333333333332,14.566666603088379,19.666666666666668,20.200000127156574,20.200000127156574,17.1,15.97639274597168,10.011125564575195,NA,75,0,0,23.244677861531574,0,20.402084350585938,6,5.5,5.807926794542446
2026-05-30 03:15:00,0,3.995081901550293,2.500873565673828,6.495955467224121,0.11800000000221189,0,19.433333079020183,17.633333206176758,13.966666857401531,19.53333346048991,20.03333346048991,20.03333346048991,17,16.20449447631836,9.836129188537598,NA,75,0,0,23.217669169108074,0,20.386807123819988,6,5.5,5.807505333257579
2026-05-30 03:30:00,0,3.999398708343506,2.490128517150879,6.489527225494385,0.10899999999674037,0,19.53333346048991,18.433333079020183,14.433333396911621,19.600000381469727,19.96666653951009,19.96666653951009,16.8,16.004667282104492,9.797662734985352,NA,75,0,0,23.182562510172527,0,20.379167556762695,6,5.5,5.8081425325277705
2026-05-30 03:45:00,0.011002526110262577,4.015701770782471,2.4827027320861816,6.498404502868652,0.10199999999895226,0,19.366666158040363,17.633333206176758,13.99999968210856,19.433333079020183,19.766667048136394,19.766667048136394,16.6,16.097476959228516,10.160383224487305,NA,75,0,0,23.12044843037923,0,20.346064885457356,6,5.5,5.808975977796533
2026-05-30 04:00:00,0.07193678200995599,4.014026641845703,2.4416494369506836,6.455676078796387,0.010000000002037268,0.023999999999432475,19.433333079020183,18.433333079020183,14.566666603088379,19.5,19.700000127156574,19.700000127156574,16.5,15.94341278076172,10.08649730682373,NA,75,0,0,23.07993761698405,0,20.290046056111652,6,5.5,5.810891267843328
2026-05-30 04:15:00,0.13630704274142574,3.9886865615844727,2.463001251220703,6.451687812805176,0,0.15500000000065484,19.233333587646484,17.600000381469727,13.96666653951009,19.366666158040363,19.600000381469727,19.600000381469727,16.7,15.944778442382812,9.593693733215332,NA,75,0,0,23.039431889851887,0,20.277315139770508,6,5.5,5.809119619339595
2026-05-30 04:30:00,0.1685470029714975,3.9865803718566895,2.4294424057006836,6.416022777557373,0,0.20199999999931606,19.433333079020183,18.400000254313152,14.566666603088379,19.46666653951009,19.733332951863606,19.733332951863606,16.9,15.920438766479492,9.6370086669921875,NA,75,0,0,23.001620610555012,0,20.24675941467285,6,5.5,5.81067380136191
2026-05-30 04:45:00,0.21003493365305237,3.9798388481140137,2.474602460861206,6.45444130897522,0,0.17799999999988358,19.233333587646484,17.733333587646484,14.033333460489908,19.399999618530273,19.866666158040363,19.866666158040363,17,15.940808296203612,10.063207626342772,NA,75,0,0,22.96118927001953,0,20.226390202840168,6,5.5,5.808302350087207
2026-05-30 05:00:00,0.2948384571607241,3.981302261352539,2.431612968444824,6.412915229797363,0,0.28800000000046566,19.233332951863606,18.266667048136394,14.299999872843424,19.333333333333332,19.933333079020183,19.933333079020183,17.2,15.891501426696776,9.985541343688965,NA,75,0,0,22.92176055908203,0,20.203472773234047,6,5.5,5.810412824642806
2026-05-30 05:15:00,0.40044077587351007,3.978218555450439,2.467751979827881,6.44597053527832,0,0.38699999999880674,18.733333587646484,17.83333396911621,14.100000063578287,18.96666653951009,19.833333333333332,19.833333333333332,17,15.844404220581056,9.7599639892578125,NA,75,0,0,22.879784266153973,0,20.142361323038738,6,5.5,5.808581813528153
2026-05-30 05:30:00,0.49610061251987936,3.9569923877716064,2.4278724193573,6.384864807128906,0,0.4320000000006985,18.766666412353516,18.133333206176758,14.466666857401531,18.96666653951009,19.933333079020183,19.933333079020183,16.7,16.095443725585938,9.925284385681152,NA,75,0,0,22.850926717122395,0,20.13726806640625,6,5.5,5.80987284048313
2026-05-30 05:45:00,0.5912852570086625,4.030167102813721,2.445340633392334,6.475507736206055,0,0.5239999999994325,18.700000127156574,17.899999618530273,14.166666348775227,18.899999618530273,19.833333333333332,19.833333333333332,16.4,16.030338287353516,9.458381652832031,NA,75,0,0,22.8168207804362,0,20.106712977091473,6,5.5,5.811185413329068
2026-05-30 06:00:00,0.576590853366385,4.012380123138428,2.423363208770752,6.43574333190918,0,0.75,18.833332697550457,17.933333079020183,14.299999872843424,18.96666653951009,20.100000381469727,20.100000381469727,16.2,16.076377868652344,10.086225509643556,NA,75,0,0,22.764122009277344,0,20.07615915934245,6,5.5,5.8117262386183555
2026-05-30 06:15:00,0.5322883229822047,4.0268025398254395,2.4579198360443115,6.484722375869751,0,0.9970000000012078,18.866666158040363,18.133333206176758,14.433333396911621,19.066666920979817,20.233333587646484,20.233333587646484,16.4,15.960119247436523,10.050089836120604,NA,75,0,0,22.734413782755535,0,20.058334350585938,6,5.5,5.810483803810133
2026-05-30 06:30:00,0.5699381631601798,3.99067497253418,2.559730291366577,6.550405263900757,0,0.6199999999989814,19.066666920979817,18.066666920979817,14.366666793823242,19.100000381469727,20.13333257039388,20.13333257039388,16.6,15.940269470214844,10.117874145507812,NA,75,0,0,22.696604410807293,0,20.045603434244793,6,5.5,5.804612830180658
2026-05-30 06:45:00,0.6490028275339271,3.976632595062256,2.4669723510742188,6.443604946136475,0.0029999999969732016,0.13800000000082946,19.133333841959637,17.933333079020183,14.166666984558107,19.333332697550457,19.633333841959637,19.633333841959637,16.8,15.870906829833984,9.536421775817873,NA,75,0,0,22.65339533487956,0,20.004862467447914,6,5.5,5.808572036018953
2026-05-30 07:00:00,0.8073880289816605,3.947643280029297,2.4351370334625244,6.382780313491821,0,0.39099999999962165,19.200000127156574,17.96666653951009,14.233333269755045,19.299999872843426,19.899999618530273,19.899999618530273,17,15.8651123046875,10.036821365356444,NA,75,0,0,22.618287404378254,0,19.989582061767575,6,5.5,5.8092416694715965
2026-05-30 07:15:00,1.0978766502383273,3.9718830585479736,2.443153142929077,6.415036201477051,0,0.7090000000007421,19.233332951863606,18.166666666666668,14.50000031789144,19.333332697550457,20.03333346048991,20.03333346048991,17.4,15.92519760131836,9.877248764038086,NA,75,0,0,22.58587900797526,0,19.961575190226238,6,5.5,5.809576043985025
2026-05-30 07:30:00,1.3634359598431698,3.9869143962860103,2.456075429916382,6.442989826202393,0,0.9740000000001601,19.066666920979817,17.700000127156574,13.899999936421713,19.200000127156574,20.100000381469727,20.100000381469727,17.9,16.090225219726562,10.067201614379885,NA,75,0,0,22.556791305541992,0,19.9284725189209,6,5.5,5.809399401817461
2026-05-30 07:45:00,1.527962106096631,4.0112714767456055,2.535809278488159,6.547080755233765,0,1.3840000000000146,19.166667302449543,18.366666793823242,14.46666653951009,19.233333587646484,20.399999618530273,20.399999618530273,18.4,16.044410705566406,10.262224197387695,NA,75,0,0,22.522684733072918,0,19.89282480875651,6,5.5,5.806340461245951
2026-05-30 08:00:00,1.6364886842407163,4.0204901695251465,2.533273458480835,6.5537636280059814,0,1.9469999999982974,19.066666920979817,17.700000127156574,13.900000254313152,19.166667302449543,20.666666666666668,20.666666666666668,18.8,16.038360595703125,9.976412773132324,NA,75,0,0,22.485957463582356,0,19.85972277323405,6,5.5,5.806731398760288
2026-05-30 08:15:00,1.8674686260704478,4.013761520385742,2.524127721786499,6.537889242172241,0,2.1340000000000146,19.233333587646484,18.1999994913737,14.466666857401531,19.266666412353516,20.96666653951009,20.96666653951009,19.2,16.090728759765625,10.29123592376709,NA,75,0,0,22.451850255330402,0,19.841898600260418,6,5.5,5.806961572130591
2026-05-30 08:30:00,2.459119415508023,4.018907070159912,2.53132963180542,6.550236701965332,0,2.1570000000010623,19.233333587646484,17.866666793823242,14.03333346048991,19.266666412353516,21.366666158040363,21.366666158040363,19.6,16.030187606811523,10.288545608520508,NA,75,0,0,22.436113357543945,0,19.818981806437172,6,5.5,5.806775713078741
2026-05-30 08:45:00,2.9815383629095935,4.008336067199707,2.5325467586517334,6.54088282585144,0,1.967000000000553,19.266666412353516,17.96666653951009,14.266666730244955,19.299999872843426,21.53333346048991,21.53333346048991,20,15.886634826660156,10.042888641357422,NA,75,0,0,22.420372009277344,0,19.783334732055664,6,5.5,5.80640635017628
2026-05-30 09:00:00,3.4897380988264723,3.9705214500427246,2.52738881111145,6.497910261154175,0,1.8509999999987485,19.299999872843426,18.266667048136394,14.299999872843424,19.299999237060547,21.666667302449543,21.666667302449543,20.4,15.832671165466309,10.138278007507324,NA,75,0,0,22.386267344156902,0,19.768055597941082,6,5.5,5.805522952031156
2026-05-30 09:15:00,4.022757486666502,3.9570162296295166,2.505232572555542,6.462248802185059,0,1.3130000000001019,19.200000762939453,17.666666666666668,13.933333396911621,19.233333587646484,21.666667302449543,21.666667302449543,20.5,16.085039138793945,10.316555976867676,NA,75,0,0,22.35216013590495,0,19.76041603088379,6,5.5,5.806164026700082
2026-05-30 09:30:00,4.574857667295758,4.038252353668213,2.537226676940918,6.575479030609131,0,1.4870000000009895,19.366666158040363,18.33333396911621,14.399999936421713,19.366666158040363,21.5,21.5,20.7,16.201826095581055,10.400211334228516,NA,75,0,0,22.333797454833984,0,19.742591857910156,6,5.5,5.807069061802949
2026-05-30 09:45:00,5.230951823950585,4.051662921905518,2.5401315689086914,6.591794490814209,0,1.9049999999988358,19.266666412353516,17.733333587646484,13.96666653951009,19.399999618530273,21.599999745686848,21.599999745686848,20.9,16.327360153198242,10.125922203063965,NA,75,0,0,22.32330258687337,0,19.737499872843426,6,5.5,5.807326246862792
2026-05-30 10:00:00,6.373533090244896,4.0988078117370605,2.55490779876709,6.65371561050415,0,4.3990000000012515,19.399999618530273,18.200000127156574,14.299999872843424,19.46666653951009,22.233333587646484,22.233333587646484,21,16.319860458374023,10.044007301330566,NA,75,0,0,22.294443130493164,0,19.701852162679035,6,5.5,5.808008942046329
2026-05-30 10:15:00,7.333165375868562,4.086308479309082,2.5246758460998535,6.6109843254089355,0,6.545000000000073,19.333332697550457,18.066666920979817,14.066666920979818,19.366666158040363,23.233333587646484,23.233333587646484,21.8,16.54827880859375,10.350205421447754,NA,75,0,0,22.276081720987957,0,19.69421323140462,6,5.5,5.809054467396299
2026-05-30 10:30:00,8.04182309580099,4.154183864593506,2.454873561859131,6.609057426452637,0,6.170000000000073,19.166666666666668,17.833333333333332,14.033333460489908,19.266667048136394,24.099999745686848,24.099999745686848,22.6,16.493295669555664,9.9408721923828125,NA,75,0,0,22.27083396911621,0,19.684027989705402,6,5.5,5.814279601200503
2026-05-30 10:45:00,8.606972784142416,4.128391742706299,2.40869402885437,6.537085771560669,0,6.337999999999738,19.233333587646484,18.266666412353516,14.50000031789144,19.333332697550457,24.96666653951009,24.96666653951009,23.3,16.49665069580078,9.645902633666992,NA,75,0,0,22.252468744913738,0,19.658565521240234,6,5.5,5.815766986006723
2026-05-30 11:00:00,9.234920943770991,4.13792085647583,2.427217483520508,6.565138339996338,0,7.130999999999403,19.133333841959637,17.633333206176758,13.933333396911621,19.200000127156574,25.799999872843426,25.799999872843426,24.1,16.631275177001953,10.14561367034912,NA,75,0,0,22.262963612874348,0,19.666205088297527,6,5.5,5.815143462496948
2026-05-30 11:15:00,9.675679946553537,4.169146537780762,2.4781076908111572,6.647254228591919,0,7.277000000000044,19.366666158040363,18.333333333333332,14.433333396911621,19.333333333333332,26.600000381469727,26.600000381469727,24.2,16.652782440185547,9.641257286071776,NA,75,0,0,22.27083396911621,0,19.666203180948894,6,5.5,5.813599148942428
2026-05-30 11:30:00,10.190861351862642,4.159943580627441,2.534992218017578,6.6949357986450195,0,7.1340000000000146,19.299999872843426,17.799999872843426,13.966666539510092,19.366666158040363,27.700000127156574,27.700000127156574,24.2,16.581302642822266,10.182579040527344,NA,75,0,0,22.28395144144694,0,19.676388422648113,6,5.5,5.8106783773392845
2026-05-30 11:45:00,10.473564132383475,4.157975196838379,2.4476256370544434,6.605600833892822,0,7.1299999999992,19.46666653951009,18.133333206176758,14.200000127156576,19.5,28.133333206176758,28.133333206176758,24.2,16.654014587402344,8.897274017333984,NA,75,0,0,22.302314122517902,0,19.69930648803711,6,5.5,5.814731036691176
2026-05-30 12:00:00,10.5005769788801,4.1682562828063965,2.4022295475006104,6.570485830307007,0,7.200000000000728,19.399999618530273,18.133333841959637,14.233333269755045,19.5,28.53333346048991,28.53333346048991,24.3,16.463857650756836,9.919880867004396,NA,75,0,0,22.331173578898113,0,19.709491729736328,6,5.5,5.8171954396111705
2026-05-30 12:15:00,10.37742910357952,4.094087600708008,2.3769469261169434,6.471034526824951,0,7.190000000000509,19.433333079020183,17.766667048136394,14.033333460489908,19.53333346048991,28.733333587646484,28.733333587646484,24.2,16.349716186523438,10.131437301635742,NA,75,0,0,22.367902119954426,0,19.71713129679362,6,5.5,5.816339495928852
2026-05-30 12:30:00,10.216558281615182,4.066222667694092,2.3797101974487305,6.445932865142822,0,7.1299999999992,19.433333079020183,18.266666412353516,14.433333079020182,19.46666653951009,29.266667048136394,29.266667048136394,24.1,16.267024993896484,9.531251907348633,NA,75,0,0,22.417748769124348,0,19.734952926635742,6,5.5,5.815409945524153
2026-05-30 12:45:00,10.059196570968403,4.060990333557129,2.3864781856536865,6.447468519210815,0,7.076000000000931,19.333333333333332,17.733333587646484,14,19.53333346048991,30,30,24.1,16.32101058959961,9.877740859985352,NA,75,0,0,22.451852798461914,0,19.773148854573567,6,5.5,5.814929054826483
2026-05-30 13:00:00,9.696003549601064,4.075260639190674,2.379763603210449,6.455024242401123,0,7.066999999999098,19.5,18.399999618530273,14.633333206176758,19.566666920979817,30.200000127156574,30.200000127156574,24,16.284549713134766,9.676416397094728,NA,75,0,0,22.496451695760094,0,19.81134287516276,6,5.5,5.815665788861141
2026-05-30 13:15:00,9.00898534946025,4.068332195281982,2.3571300506591797,6.425462245941162,0,7.0090000000000146,19.299999872843426,17.633333206176758,13.966666857401531,19.5,30.600000381469727,30.600000381469727,24.5,16.327171325683594,9.039148330688477,NA,75,0,0,22.55416742960612,0,19.836806615193684,6,5.5,5.816578951020362
2026-05-30 13:30:00,8.288630591802626,4.09140682220459,2.353339672088623,6.444746494293213,0,6.885000000000218,19.399999618530273,18.333333333333332,14.733333587646484,19.566666920979817,30.633333841959637,30.633333841959637,25,16.31298065185547,9.398335456848145,NA,75,0,0,22.602083206176758,0,19.867361704508465,6,5.5,5.817421858705188
2026-05-30 13:45:00,7.640395382369416,4.078516960144043,2.3385510444641113,6.417068004608154,0,6.686999999999898,19.233333587646484,17.733333587646484,13.966666857401531,19.366666158040363,31.03333346048991,31.03333346048991,25.5,16.325603485107422,9.624992370605469,NA,75,0,0,22.658798217773438,0,19.905556360880535,6,5.5,5.8177866400367915
2026-05-30 14:00:00,7.204571067377187,4.071120262145996,2.4572396278381348,6.528359889984131,0,6.507999999999811,19.266666412353516,18.366666158040363,14.633333524068197,19.46666653951009,31.399999618530273,31.399999618530273,26,16.221729278564453,9.718873977661133,NA,75,0,0,22.71280860900879,0,19.897918065388996,6,5.5,5.811802683273631
2026-05-30 14:15:00,6.199393441111039,4.066931247711182,2.4204537868499756,6.487385034561157,0,6.213999999999942,19.233333587646484,17.700000127156574,14.066666603088379,19.366666158040363,31.53333346048991,31.53333346048991,26.1,16.214218139648438,9.665139198303224,NA,75,0,0,22.76412073771159,0,19.943751017252602,6,5.5,5.813449196097106
2026-05-30 14:30:00,5.061198563963677,4.025531768798828,2.4304909706115723,6.4560227394104,0,4.773000000001048,19.333332697550457,18.3000005086263,14.46666653951009,19.46666653951009,31.799999237060547,31.799999237060547,26.2,15.963144302368164,9.39324951171875,NA,75,0,0,22.82731374104818,0,19.989583969116207,6,5.5,5.811765612613569
2026-05-30 14:45:00,3.997572302314439,3.9825472831726074,2.411505699157715,6.394052982330322,0,0.8439999999991414,19.266666412353516,17.766667048136394,14.133333206176758,19.433333079020183,31.666666666666668,31.666666666666668,26.3,15.773447036743164,9.127728462219238,NA,75,0,0,22.864044189453125,0,19.997221628824867,6,5.5,5.81142589013402
2026-05-30 15:00:00,2.8881082740795896,3.9634108543396,2.3961141109466553,6.359524965286255,0,0.49500000000080036,19.266666412353516,18.233332951863606,14.366666475931803,19.46666653951009,30.233333587646484,30.233333587646484,26.4,15.848211288452148,9.572590827941896,NA,75,0,0,22.90864372253418,0,20.030324935913086,6,5.5,5.811612178265991
2026-05-30 15:15:00,2.400743886610716,3.9679455757141113,2.4259650707244873,6.393910646438599,0,0.2780000000002474,19.066666920979817,17.766666412353516,14.133333206176758,19.299999872843426,29,29,26,15.816641807556152,9.731327056884766,NA,75,0,0,22.9270076751709,0,20.053242365519207,6,5.5,5.810290978020177
2026-05-30 15:30:00,2.031373367194758,3.9750442504882817,2.406038284301758,6.381082534790039,0,0.09199999999873398,19.200000127156574,18.100000381469727,14.299999872843424,19.399999618530273,28.066666920979817,28.066666920979817,25.7,15.950343132019045,9.584125518798828,NA,75,0,0,22.950618108113606,0,20.04814910888672,6,5.5,5.811470994836386
2026-05-30 15:45:00,1.8613642345076111,3.9835965633392334,2.3906455039978027,6.374242067337036,0.0010000000038417056,0.01599999999962165,19.299999872843426,18.03333346048991,14.366666793823242,19.366666158040363,27.46666653951009,27.46666653951009,25.4,15.853928565979004,10.11099624633789,NA,75,0,0,22.958489100138348,0,20.053243001302082,6,5.5,5.812476096864287
2026-05-30 16:00:00,1.7928634573294315,3.958994626998902,2.3879141807556152,6.346908807754517,0.059999999997671694,0,19.333333333333332,17.833332697550457,14.266666730244955,19.5,25.96666717529297,25.96666717529297,25,15.923395156860352,9.974125862121582,NA,75,0,0,22.96651268005371,0,20.068518320719402,6,5.5,5.81188368597339
2026-05-30 16:15:00,1.5885673828103035,4.00556755065918,2.44313383102417,6.44870138168335,0.08600000000296859,0,19.46666653951009,18.200000127156574,14.600000063578289,19.566666920979817,23.766667048136394,23.766667048136394,24.8,16.066682815551758,9.986940383911133,NA,75,0,0,22.982714970906574,0,20.073611577351887,6,5.5,5.810571641760033
2026-05-30 16:30:00,1.387268674208257,4.01907205581665,2.3949973583221436,6.414069414138794,0.07200000000011642,0,19.399999618530273,17.666666666666668,13.966666857401531,19.53333346048991,23.333333333333332,23.333333333333332,24.5,16.092655181884766,9.71013069152832,NA,75,0,0,22.990819295247395,0,20.06852149963379,6,5.5,5.813301259802182
2026-05-30 16:45:00,1.0704251648270076,4.034057140350342,2.4355993270874023,6.469656467437744,0.0020000000004074536,0.027000000000043656,19.433333079020183,18.3000005086263,14.5,19.600000381469727,22.96666653951009,22.96666653951009,24.2,16.358409881591797,9.458870887756348,NA,75,0,0,22.985416412353516,0,20.06597391764323,6,5.5,5.811767491879518
2026-05-30 17:00:00,0.7690071239458608,4.050078868865967,2.393399238586426,6.443478107452393,0,0.09799999999995634,19.066666920979817,17.666666666666668,14.066666603088379,19.333332697550457,22.96666653951009,22.96666653951009,24,15.890151977539062,9.73922348022461,NA,75,0,0,22.985416412353516,0,20.076157251993816,6,5.5,5.814277382597275
2026-05-30 17:15:00,0.5561941438330743,3.961590051651001,2.418370008468628,6.379960060119629,0.017999999996391125,0.02200000000084401,19.133333841959637,18.200000127156574,14.433333396911621,19.333332697550457,22.299999872843426,22.299999872843426,23.3,15.77866554260254,9.73505687713623,NA,75,0,0,22.98001543680827,0,20.04814910888672,6,5.5,5.810471383387996
2026-05-30 17:30:00,0.39382463891019603,3.948099374771118,2.440941333770752,6.38904070854187,0.04499999999825377,0,19.100000381469727,18.03333346048991,14.300000190734863,19.266666412353516,22.133333206176758,22.133333206176758,22.6,15.879711151123049,9.733925819396973,NA,75,0,0,22.963813145955402,0,20.050696690877277,6,5.5,5.808974348018528
2026-05-30 17:45:00,0.27100574279563705,3.9585721492767334,2.4454236030578613,6.403995752334595,0.033999999999650754,0,19.133333206176758,17.766667048136394,14.133333206176758,19.333332697550457,21.833333333333332,21.833333333333332,22,15.844494819641112,9.979188919067385,NA,75,0,0,22.95586585998535,0,20.035417556762695,6,5.5,5.8090704852383475
2026-05-30 18:00:00,0.22509486972424236,3.939618587493897,2.456303358078003,6.395921945571899,0,0.007999999999810825,19.233332951863606,18.233333587646484,14.400000254313152,19.399999618530273,21.766666412353516,21.766666412353516,21.3,15.751472473144531,9.84798526763916,NA,75,0,0,22.9375,0,20.045603434244793,6,5.5,5.807978945101215
2026-05-30 18:15:00,0.1977530440415965,3.94768500328064,2.4095890522003174,6.357274055480957,0.0070000000050640665,0,19.233333587646484,17.866666793823242,14.166666348775227,19.399999618530273,21.600000381469727,21.600000381469727,21.1,15.865205764770508,9.82720947265625,NA,75,0,0,22.9270076751709,0,20.007408142089844,6,5.5,5.810485671124805
2026-05-30 18:30:00,0.16975325998690832,3.957862615585327,2.460832357406616,6.418694972991943,0.026999999994586688,0,19.299999872843426,17.933333079020183,14.366666793823242,19.46666653951009,21.56666628519694,21.56666628519694,20.9,15.904878616333008,9.812227249145508,NA,75,0,0,22.90864372253418,0,19.997221628824867,6,5.5,5.808307423256511
2026-05-30 18:45:00,0.10410363575424525,3.977811098098755,2.4804017543792725,6.458212852478027,0.030000000006111804,0,19.46666653951009,18.099999745686848,14.600000063578289,19.566666920979817,21.299999872843426,21.299999872843426,20.7,15.94867706298828,10.062018394470217,NA,75,0,0,22.879784266153973,0,20.004862467447914,6,5.5,5.8079653140088485
2026-05-30 19:00:00,0.05991076509873875,3.972672462463379,2.478755235671997,6.451427698135376,0.10800000000017462,0,19.433333079020183,17.700000127156574,14.033333142598469,19.566666920979817,21.200000127156574,21.200000127156574,20.5,15.856168746948242,9.6404876708984375,NA,75,0,0,22.858798344930012,0,19.997223536173504,6,5.5,5.80789095440158
2026-05-30 19:15:00,0.03801537260688731,3.964392900466919,2.4542434215545654,6.418636322021484,0.11299999999755528,0,19.53333346048991,18.266666412353516,14.5,19.633333841959637,20.933333079020183,20.933333079020183,20.3,15.752019882202148,10.041768074035645,NA,75,0,0,22.82993761698405,0,19.984490076700844,6,5.5,5.808818937666372
2026-05-30 19:30:00,0.013049507712171893,3.9450795650482178,2.4832918643951416,6.428371429443359,0.11000000000058208,0,19.433333079020183,17.866666793823242,14.166666348775227,19.566666920979817,20.733333587646484,20.733333587646484,20,15.91798210144043,10.110148429870604,NA,75,0,0,22.8168207804362,0,19.981944402058918,6,5.5,5.8068490680998055
2026-05-30 19:45:00,0,3.967162132263184,2.4771597385406494,6.444321870803833,0.11999999999534339,0,19.433333079020183,18,14.366666793823242,19.600000381469727,19.133333206176758,19.133333206176758,19.8,15.829437255859377,9.927258491516112,NA,75,0,0,22.782716751098633,0,19.951388676961262,6,5.5,5.807802916412083
2026-05-30 20:00:00,0,3.9614739418029785,2.487665891647339,6.449139833450317,0.10500000000320142,0,19.46666653951009,18.166666666666668,14.366666793823242,19.5,18.366666793823242,18.366666793823242,19.6,15.794807434082031,9.681951522827148,NA,75,0,0,22.761420567830402,0,19.959028244018555,6,5.5,5.807131962099477
2026-05-30 20:15:00,0,3.9549615383148193,2.4440150260925293,6.398976564407349,0.12299999999959255,0,19.333333333333332,17.833332697550457,14.066666603088379,19.433333079020183,18.200000127156574,18.200000127156574,19.6,15.851207733154297,10.026719093322754,NA,75,0,0,22.72901217142741,0,19.943750381469727,6,5.5,5.809030787853894
2026-05-30 20:30:00,0,3.964226245880127,2.4418790340423584,6.406105279922485,0.10300000000279397,0,19.399999618530273,18.200000127156574,14.366666793823242,19.399999618530273,18.166666666666668,18.166666666666668,19.5,15.73556900024414,9.699889183044434,NA,75,0,0,22.685803095499676,0,19.91828727722168,6,5.5,5.809410013780487
2026-05-30 20:45:00,0,3.947097063064575,2.4815616607666016,6.428658723831177,0.12299999999959255,0,19.399999618530273,17.8000005086263,14.099999745686848,19.433333079020183,18.266667048136394,18.266667048136394,19.4,15.893813133239746,9.8359375,NA,75,0,0,22.642592748006184,0,19.920834223429363,6,5.5,5.806992269509704
2026-05-30 21:00:00,0,3.968194723129273,2.477033853530884,6.445228576660156,0.10499999999592546,0,19.366666793823242,18.266667048136394,14.599999745686848,19.433333079020183,18.866666793823242,18.866666793823242,19.4,15.865667343139648,9.965933799743652,NA,75,0,0,22.615585962931316,0,19.908103307088215,6,5.5,5.807839720184567
2026-05-30 21:15:00,0,3.9542312622070312,2.4914398193359375,6.445671081542969,0.08100000000558794,0,19.34999942779541,17.75,14.049999713897705,19.399999618530273,18.75,18.75,19.2,15.842079162597656,10.046298503875732,NA,75,0,0,22.569907188415527,0,19.875001907348633,6,5.5,5.806735420732985
2026-06-01 06:30:00,3.9824027065145753,1.3568190336227417,0.1705799102783203,1.527398943901062,0.1269999999931315,0,18.550000190734863,17.699999809265137,13.5,18.5,15.900000095367432,15.900000095367432,14.4,16.17718505859375,11.773670673370361,NA,75,0,0,19.760764122009277,0,19.626736640930176,6,5.5,5.944160001236268
2026-06-01 06:45:00,4.269491876182357,4.018881320953369,2.8981237411499023,6.9170050621032715,0.22900000000663567,0.25900000000001455,17.96666653951009,17.03333346048991,12.899999936421713,14.966666221618652,16.366666793823242,16.366666793823242,14.8,15.855010986328123,10.828865051269531,NA,75,0,0,22.279629389444988,0,17.354243914286297,6,5.5,5.790507328306865
2026-06-01 07:00:00,4.575588732153583,0,2.8056702613830566,2.8056702613830566,0,1.981999999999971,20.33333396911621,19.400000254313152,12.933333079020182,9.900000095367432,17.46666653951009,17.46666653951009,15.2,16.2398624420166,11.092557907104492,NA,75,0,0,25.985417048136394,0,12.544445037841797,6,5.5,5.5
2026-06-01 07:15:00,5.02793511293265,0,0,0,0,3.7010000000009313,20.866666793823242,20.366666793823242,13.066666603088379,15.600000381469727,18.200000127156574,18.200000127156574,15.6,16.16744613647461,11.50446319580078,NA,75,0,0,24.096140543619793,0,13.044445037841797,6,5.5,5.75
2026-06-01 07:30:00,5.605841883043119,4.057670593261719,0,4.057670593261719,0,3.639999999999418,18.566666920979817,17.99999936421712,12.700000127156576,18.53333346048991,18.166666666666668,18.166666666666668,16,16.202857971191406,11.022785186767578,NA,75,0,0,23.57145118713379,0,13.96550973256429,6,5.5,6
2026-06-01 07:45:00,6.191571047132315,4.0259928703308105,2.7262425422668457,6.752235412597656,0,4.043999999999869,17.700000127156574,16.96666653951009,13.53333346048991,17.666666666666668,19.233333587646484,19.233333587646484,16.4,16.09100341796875,10.650160789489746,NA,75,0,0,23.093441645304363,0,14.494213104248047,6,5.5,5.798122964049766
2026-06-01 08:00:00,6.548147931536339,4.022072792053223,2.700963973999023,6.723036766052246,0,4.6489999999994325,18.600000381469727,16.96666653951009,14.03333346048991,18.333333333333332,20.03333346048991,20.03333346048991,16.8,16.161907196044922,11.028874397277832,NA,75,0,0,22.709644953409832,0,14.875,6,5.5,5.799126193416236
2026-06-01 08:15:00,6.890213178512543,4.04925012588501,2.699300527572632,6.748550653457642,0,4.52100000000064,19.56666628519694,18.5,14.399999936421711,18.5,20.400000254313152,20.400000254313152,17.1,16.041519165039062,10.807072639465332,NA,75,0,0,22.404630025227863,0,15.211421012878418,6,5.5,5.8000088710759226
2026-06-01 08:30:00,7.210090607053764,4.010326385498047,2.6796364784240723,6.689962863922119,0,4.039999999999054,19.633333206176758,18.066666920979817,13.600000063578287,19.46666653951009,20.633333206176758,20.633333206176758,17.5,16.09891128540039,10.67406940460205,NA,75,0,0,22.139659881591797,0,15.499768892923992,6,5.5,5.799727103652928
2026-06-01 08:45:00,7.553508324016943,4.044370174407959,2.6590540409088135,6.7034242153167725,0,5.511000000000422,19.399999618530273,17.900000254313152,13.600000063578287,19.266666412353516,21.566666920979817,21.566666920979817,17.9,16.142820358276367,10.528589248657228,NA,75,0,0,21.916667302449543,0,15.774846076965332,6,5.5,5.801664495972589
2026-06-01 09:00:00,7.930847450383191,4.02215576171875,2.638965606689453,6.661121368408203,0,5.684000000001106,19.46666653951009,17.899999618530273,13.733333587646486,19.399999618530273,22.46666717529297,22.46666717529297,18.2,16.072513580322266,10.03383445739746,NA,75,0,0,21.7330265045166,0,15.96142037709554,6,5.5,5.801912811617177
2026-06-01 09:15:00,8.559782547569828,4.047408103942871,2.4773824214935303,6.524790525436401,0,6.040999999999258,19.5,18.133333206176758,13.866666475931803,19.366666158040363,23.1999994913737,23.1999994913737,18.5,16.27451515197754,9.979005813598633,NA,75,0,0,21.567747751871746,0,16.15516980489095,6,5.5,5.810156171923402
2026-06-01 09:30:00,8.862077866280366,4.064813137054443,2.5198416709899902,6.584654808044434,0,5.610000000000582,19.5,17.766666412353516,13.666666984558107,19.46666653951009,23.633333841959637,23.633333841959637,18.8,16.21788215637207,10.197195053100586,NA,75,0,0,21.441822052001953,0,16.339352289835613,6,5.5,5.808658028063102
2026-06-01 09:45:00,8.947977987074774,4.093493938446045,2.517755031585694,6.611248970031738,0,6.368999999998778,19.633333841959637,18.233333587646484,13.866666793823242,19.5,24.06666628519694,24.06666628519694,19.1,16.40154457092285,10.105804443359377,NA,75,0,0,21.331636428833008,0,16.466127395629883,6,5.5,5.8095855228718145
2026-06-01 10:00:00,9.012933099692503,4.115640163421631,2.5236599445343018,6.639300107955933,0,6.40900000000147,19.5,17.96666717529297,13.800000190734863,19.399999618530273,23.6999994913737,23.6999994913737,19.4,16.464885711669922,10.442193031311035,NA,75,0,0,21.24305597941081,0,16.618364969889324,6,5.5,5.809945332828819
2026-06-01 10:15:00,8.916359431973854,4.128076076507568,2.6055071353912354,6.733583211898804,0,5.864999999999782,19.566666920979817,17.833333333333332,13.833333333333334,19.5,24.3000005086263,24.3000005086263,19.6,16.585479736328125,10.346879959106444,NA,75,0,0,21.163890202840168,0,16.75077247619629,6,5.5,5.8065289272146305
2026-06-01 10:30:00,8.800924290923325,4.138260841369629,2.5904102325439453,6.728671073913574,0,6.842999999998938,19.53333346048991,18.233332951863606,14.033333142598469,19.433333079020183,24.899999618530273,24.899999618530273,19.9,16.59000015258789,10.22528076171875,NA,75,0,0,21.09768549601237,0,16.866358439127605,6,5.5,5.8075095212644054
2026-06-01 10:45:00,8.666554570055133,4.142347812652588,2.557244062423706,6.699591875076294,0,6.731999999999971,19.433333079020183,17.799999872843426,13.799999872843424,19.433333079020183,25.299999872843426,25.299999872843426,20.1,16.528480529785156,10.55185604095459,NA,75,0,0,21.059104919433594,0,16.997530619303387,6,5.5,5.809149265350243
2026-06-01 11:00:00,8.586831947309344,4.145069122314453,2.6110212802886963,6.756090402603149,0,7,19.433333079020183,18.133333206176758,14.133333206176758,19.46666653951009,25.96666653951009,25.96666653951009,20.3,16.58606719970703,10.26576042175293,NA,75,0,0,21.032871246337887,0,17.074074427286785,6,5.5,5.806765368379125
2026-06-01 11:15:00,8.565046214546166,4.139813423156738,2.5835793018341064,6.723392724990845,0,7.257000000001426,19.399999618530273,18.100000381469727,14.166666666666666,19.399999618530273,26.5,26.5,20.4,16.60222816467285,10.522780418395996,NA,75,0,0,21.011883417765297,0,17.1972230275472,6,5.5,5.807866399635489
2026-06-01 11:30:00,8.660084646063385,4.140455722808838,2.5527749061584473,6.693230628967285,0,7.25,19.399999618530273,17.799999872843426,13.866666793823242,19.433333079020183,25.866666793823242,25.866666793823242,20.6,16.54833984375,10.368736267089844,NA,75,0,0,21.001388549804688,0,17.305556615193684,6,5.5,5.809301737257459
2026-06-01 11:45:00,8.503271234059975,4.143253326416016,2.581000566482544,6.72425389289856,0,6.933999999999287,19.433333079020183,18.299999872843426,14.200000127156576,19.399999618530273,27.03333346048991,27.03333346048991,20.8,16.535598754882812,10.278143882751465,NA,75,0,0,21.006635665893555,0,17.382099151611328,6,5.5,5.808082754786496
2026-06-01 12:00:00,8.440436209529937,4.138085842132568,2.5631356239318848,6.701221466064453,0,6.886000000000422,19.266666412353516,17.633333206176758,13.866666793823242,19.299999872843426,27.53333282470703,27.53333282470703,20.9,16.404808044433594,10.314067840576172,NA,75,0,0,21.02237764994303,0,17.470293680826824,6,5.5,5.808756087460188
2026-06-01 12:15:00,8.428556405590285,4.100179672241211,2.546980381011963,6.647160053253174,0,7.269999999998618,19.333332697550457,18.366666793823242,14.366666475931803,19.366666158040363,26.733332951863606,26.733332951863606,20.9,16.291988372802734,10.418103218078612,NA,75,0,0,21.045988082885742,0,17.56635856628418,6,5.5,5.808415897871645
2026-06-01 12:30:00,8.36228537622847,4.052309513092041,2.545274019241333,6.597583532333374,0,3.8479999999999563,19.133333841959637,17.766666412353516,13.96666653951009,19.233333587646484,27.100000381469727,27.100000381469727,20.9,16.00747299194336,10.01394271850586,NA,75,0,0,21.07723871866862,0,17.687655131022137,6,5.5,5.8071055859491985
2026-06-01 12:45:00,8.109556254878452,4.016390800476074,2.5205581188201904,6.536948919296265,0,7.0130000000008295,19.200000762939453,18.166666666666668,14.199999809265135,19.266666412353516,26.93333371480306,26.93333371480306,20.8,16.230981826782227,10.195975303649902,NA,75,0,0,21.10787073771159,0,17.766665776570637,6,5.5,5.807206836863922
2026-06-01 13:00:00,7.7603265722955665,4.062901020050049,2.528517961502075,6.591418981552124,0,4.808999999999287,19.166666666666668,18,14.333333015441893,19.266666412353516,27.46666653951009,27.46666653951009,20.8,16.048114776611328,10.140905380249023,NA,75,0,0,21.140972137451172,0,17.83086331685384,6,5.5,5.808196234484652
2026-06-01 13:15:00,7.372240792519295,4.016564846038818,2.504739999771118,6.5213048458099365,0,6.489000000001397,19.166667302449543,17.866666793823242,14.066666603088379,19.233333587646484,27.466665903727215,27.466665903727215,20.9,16.22803497314453,9.787627220153809,NA,75,0,0,21.1689821879069,0,17.912346522013348,6,5.5,5.8079571451578085
2026-06-01 13:30:00,6.855487597765866,4.029516696929932,2.5134706497192383,6.54298734664917,0,4.186999999999898,19.166667302449543,18,14.199999809265137,19.266666412353516,26.93333371480306,26.93333371480306,21,16.26616668701172,10.049696922302246,NA,75,0,0,21.207177480061848,0,17.969135920206707,6,5.5,5.807926370894905
2026-06-01 13:45:00,6.629807876155364,4.070860385894775,2.4927308559417725,6.563591241836548,0,7.219999999999345,19.100000381469727,18,14.099999745686848,19.200000127156574,26.666666666666668,26.666666666666668,21,16.293212890625,9.90908145904541,NA,75,0,0,21.23263931274414,0,18.038270950317383,6,5.5,5.810109224958052
2026-06-01 14:00:00,6.29066688861046,4.058243274688721,2.4106767177581787,6.468919992446899,0,6.989999999999782,19.03333346048991,17.96666653951009,14.133333206176758,19.166667302449543,26.833333333333332,26.833333333333332,21.1,16.153610229492188,9.724092483520508,NA,75,0,0,21.268674850463867,0,18.112347284952797,6,5.5,5.813672396584524
2026-06-01 14:15:00,6.170881911655874,4.043442726135254,2.3816676139831543,6.425110340118408,0,7.005999999999403,18.933333079020183,17.93333371480306,14.066666603088379,19.066666920979817,27.233332951863606,27.233332951863606,21.1,16.100444793701172,9.911187171936035,NA,75,0,0,21.302778244018555,0,18.137037913004555,6,5.5,5.814659399768436
2026-06-01 14:30:00,6.1337438168783764,4.023658275604248,2.4602487087249756,6.483906984329224,0,4.9950000000008,19.100000381469727,18,14.199999809265137,19.200000762939453,27.5,27.5,21.1,16.153057098388672,9.820892333984377,NA,75,0,0,21.334258397420246,0,18.19382603963216,6,5.5,5.810280382285628
2026-06-01 14:45:00,6.014178159381137,4.043497562408447,2.453653573989868,6.497151136398315,0,6.024999999999636,19.133333841959637,18.100000381469727,14.200000127156576,19.200000127156574,27.166666666666668,27.166666666666668,21.1,16.203319549560547,9.869207382202148,NA,75,0,0,21.384105682373047,0,18.27777926127116,6,5.5,5.811174657747761
2026-06-01 15:00:00,5.896038078356657,4.038358688354492,2.4614994525909424,6.499858140945435,0,4.195999999999913,18.866666158040363,17.933333079020183,14,19,27.600000381469727,27.600000381469727,21.1,16.120786666870117,10.128499031066896,NA,75,0,0,21.423457463582356,0,18.329628626505535,6,5.5,5.8106497557935235
2026-06-01 15:15:00,5.532845056989318,4.062189102172852,2.4470574855804443,6.509246587753296,0,5.40099999999984,18.566666920979817,17.96666653951009,14.166666666666666,18.733333587646484,27.700000127156574,27.700000127156574,21.1,16.342731475830078,9.899578094482422,NA,75,0,0,21.457562764485676,0,18.396296819051106,6,5.5,5.812032202760269
2026-06-01 15:30:00,5.1776571958151605,4.065036296844482,2.4695188999176025,6.534555196762085,0,4.167000000001281,18.566666920979817,18.03333346048991,14.166666984558107,18.733333587646484,26.599999745686848,26.599999745686848,21,16.16364288330078,9.838614463806152,NA,75,0,0,21.494290033976235,0,18.4308656056722,6,5.5,5.811041545632573
2026-06-01 15:45:00,4.64372397690285,4.029922962188721,2.4755024909973145,6.505425453186035,0,4.167999999999665,18.399999618530273,18,14.266666730244955,18.633333841959637,27.399999618530273,27.399999618530273,21,16.057714462280273,9.787301063537598,NA,75,0,0,21.523148854573567,0,18.475309371948242,6,5.5,5.8097355423706425
2026-06-01 16:00:00,4.176536979509939,4.002148151397705,2.379197359085083,6.381345510482788,0,4.27100000000064,18.566666920979817,18.100000381469727,14.166666666666666,18.799999872843426,27.133333206176758,27.133333206176758,21,15.92538356781006,9.222097396850586,NA,75,0,0,21.559876759847004,0,18.52222188313802,6,5.5,5.813581841386216
2026-06-01 16:15:00,3.675830658385764,4.002268314361572,2.349723100662231,6.351991415023804,0,3.444999999999709,18.53333346048991,17.899999618530273,14,18.700000127156574,27.366666793823242,27.366666793823242,20.9,16.19435691833496,9.180078506469728,NA,75,0,0,21.588735580444336,0,18.574073155721027,6,5.5,5.815040437940089
2026-06-01 16:30:00,3.218805462516618,4.028599739074707,2.3463430404663086,6.374942779541016,0,2.2009999999991123,18.866666793823242,18.099999745686848,14.399999936421713,19,27.366666158040363,27.366666158040363,20.8,15.932859420776367,9.596826553344728,NA,75,0,0,21.622840245564777,0,18.58888816833496,6,5.5,5.815971443069546
2026-06-01 16:45:00,2.832035599484431,3.989203929901123,2.358076810836792,6.347280740737915,0,2.7489999999997963,19,18,14.03333346048991,19.166667302449543,26.866666793823242,26.866666793823242,20.6,15.937877655029297,9.61002254486084,NA,75,0,0,21.65432294209798,0,18.633334477742512,6,5.5,5.8142451147857495
2026-06-01 17:00:00,2.511573319056949,3.970531463623047,2.402050256729126,6.372581720352173,0,2.036000000000058,18.866666158040363,17.86666742960612,14.166666666666666,19.03333346048991,26.799999872843426,26.799999872843426,20.5,16.034425735473633,10.135966300964355,NA,75,0,0,21.675309499104817,0,18.658027013142902,6,5.5,5.811532408516812
2026-06-01 17:15:00,2.1446884201575953,4.02139949798584,2.4933481216430664,6.514747619628906,0,2.0020000000004075,18.96666653951009,18.166666666666668,14.300000190734865,19.133333841959637,26.5,26.5,20.4,16.085311889648438,9.976322174072266,NA,75,0,0,21.688426971435543,0,18.672842025756836,6,5.5,5.808638164728698
2026-06-01 17:30:00,1.673334353075084,4.008020401000977,2.4379239082336426,6.445944309234619,0,1.2090000000007421,18.833332697550457,17.799999237060547,14.133333524068197,19,26.133333206176758,26.133333206176758,20.4,15.957440376281738,9.140801429748535,NA,75,0,0,21.712037404378254,0,18.717284520467125,6,5.5,5.810894743168894
2026-06-01 17:45:00,1.2677761231968006,3.9810454845428462,2.416011333465576,6.397056818008423,0,0.679999999998472,18.733333587646484,18.166667302449543,14.366666475931803,18.96666653951009,25.46666717529297,25.46666717529297,20.3,15.931987762451172,9.61475658416748,NA,75,0,0,21.727779388427734,0,18.744443893432617,6,5.5,5.811162273354816
2026-06-01 18:00:00,0.9748384346664208,3.970225095748902,2.3583314418792725,6.328556537628174,0,0.5520000000014988,18.700000762939453,17.96666653951009,14.100000381469728,18.899999618530273,24.733332951863606,24.733332951863606,20.2,15.787419319152832,9.3037109375,NA,75,0,0,21.73564847310384,0,18.783950805664062,6,5.5,5.813675407033408
2026-06-01 18:15:00,0.7494511389990486,3.9328606128692623,2.337803840637207,6.27066445350647,0,0.34499999999934516,18.600000381469727,17.833332697550457,14.266666412353516,18.799999237060547,24.03333282470703,24.03333282470703,19.9,15.772819519042969,9.257271766662598,NA,75,0,0,21.74351755777995,0,18.79135894775391,6,5.5,5.8135920158086325
2026-06-01 18:30:00,0.574580425007367,3.9828782081604,2.3415517807006836,6.324429988861084,0,0.20499999999992724,18.766666412353516,18.233333587646484,14.466666857401531,18.899999618530273,23.46666653951009,23.46666653951009,19.5,15.992799758911133,9.357213020324709,NA,75,0,0,21.748764673868816,0,18.798766454060875,6,5.5,5.814880409394622
2026-06-01 18:45:00,0.3919604235227429,3.995273113250733,2.359885931015014,6.355159044265747,0,0.10599999999976717,18.5,18,14.100000381469728,18.700000127156574,23,23,19.2,16.01583480834961,9.20607852935791,NA,75,0,0,21.75401242574056,0,18.82345708211263,6,5.5,5.814333054878907
2026-06-01 19:00:00,0.18748158278915866,3.9965388774871826,2.364459276199341,6.360998153686523,0,0.03200000000106229,18.433333079020183,17.733333587646484,14.266666730244955,18.633333841959637,22.566666920979817,22.566666920979817,18.9,16.034542083740234,9.758918762207031,NA,75,0,0,21.761882146199543,0,18.850619633992512,6,5.5,5.814144005463277
2026-06-01 19:15:00,0.05069934789014682,4.006346702575684,2.3961949348449707,6.402541637420654,0.06099999999423744,0,18.766666412353516,18.266666412353516,14.666666666666666,18.900000254313152,22.06666628519694,22.06666628519694,18.6,16.01227378845215,9.560383796691896,NA,75,0,0,21.759257634480793,0,18.86049461364746,6,5.5,5.8128715851811075
2026-06-01 19:30:00,0.001096597286737134,4.019880771636963,2.3919222354888916,6.4118030071258545,0.14900000000488944,0,18.666667302449543,17.900000254313152,14,18.833332697550457,21.53333346048991,21.53333346048991,18.4,15.985946655273438,9.885255813598633,NA,75,0,0,21.751386642456055,0,18.875388463338215,6,5.5,5.813475068336427
2026-06-01 19:45:00,0,4.012614727020264,2.430840492248535,6.443455219268799,0.16199999999662396,0,18.566666920979817,17.866666793823242,14.266666730244955,18.733333587646484,21.099999745686848,21.099999745686848,18.1,16.070032119750977,9.913089752197266,NA,75,0,0,21.743518829345703,0,18.888118108113606,6,5.5,5.8113713520519825
2026-06-01 20:00:00,0,4.018204689025879,2.4428844451904297,6.461089134216309,0.16799999999784632,0,18.799999237060547,18.03333346048991,14.366666793823242,18.933333079020183,20.666666666666668,20.666666666666668,17.9,16.039892196655273,9.70344352722168,NA,75,0,0,21.73040262858073,0,18.880632400512695,6,5.5,5.810954129060569
2026-06-01 20:15:00,0,4.003561973571777,2.395354747772217,6.398916721343994,0.16500000000087311,0,18.733333587646484,17.99999936421712,14.300000190734865,18.866666158040363,20.233333587646484,20.233333587646484,17.7,16.001689910888672,9.64402961730957,NA,75,0,0,21.727779388427734,0,18.87778091430664,6,5.5,5.812831229715621
2026-06-01 20:30:00,0,4.013300895690918,2.4088046550750732,6.422105550765991,0.17100000000209548,0,18.733333587646484,17.96666653951009,14.166666984558107,18.866666158040363,19.900000254313152,19.900000254313152,17.4,16.098819732666016,9.670199394226074,NA,75,0,0,21.709412892659504,0,18.865664800008137,6,5.5,5.812459898390508
2026-06-01 20:45:00,0,4.024683952331543,2.3961193561553955,6.4208033084869385,0.1610000000000582,0,18.633333841959637,17.96666653951009,14.366666793823242,18.799999872843426,19.5,19.5,17.2,16.125064849853516,9.664236068725586,NA,75,0,0,21.69891866048177,0,18.862964630126953,6,5.5,5.813409690265061
2026-06-01 21:00:00,0,4.034738063812256,2.418353319168091,6.453091382980347,0.17100000000209548,0,18.666667302449543,18,14.200000127156576,18.799999872843426,19,19,17,16.16357421875,10.092325210571287,NA,75,0,0,21.68055725097656,0,18.865434646606445,6,5.5,5.812620558454638
2026-06-01 21:15:00,0,3.990820407867432,2.4381039142608643,6.428924322128296,0.1599999999962165,0,18.433333079020183,17.899999618530273,14.300000190734863,18.633333841959637,18.799999872843426,18.799999872843426,17,15.92674446105957,9.466670036315918,NA,75,0,0,21.670063018798828,0,18.85802714029948,6,5.5,5.8103801046569385
2026-06-01 21:30:00,0,3.98467755317688,2.4039294719696045,6.388607025146484,0.16700000000128057,0,18.566666920979817,18.133333206176758,14.50000031789144,18.766666412353516,18.399999618530273,18.399999618530273,17,15.946629524230955,9.680872917175291,NA,75,0,0,21.625464121500652,0,18.848148981730144,6,5.5,5.811858088742398
2026-06-01 21:45:00,0,4.005580902099609,2.406595230102539,6.412176132202148,0.16599999999743886,0,18.5,17.866666158040363,14.066666603088379,18.633333841959637,18.133333841959637,18.133333841959637,17,16.0939998626709,10.058103561401367,NA,75,0,0,21.604474385579426,0,18.825926462809246,6,5.5,5.81234177130471
2026-06-01 22:00:00,0,4.029618263244629,2.4567716121673584,6.486389875411987,0.1620000000038999,0,18.666667302449543,18.200000762939453,14.466666857401531,18.799999872843426,17.833333333333332,17.833333333333332,17,16.140724182128906,9.720273971557615,NA,75,0,0,21.57824198404948,0,18.816049575805664,6,5.5,5.810621034245855
2026-06-01 22:15:00,0,4.052806377410889,2.405956745147705,6.458763122558594,0.16700000000128057,0,18.600000381469727,17.766667048136394,14.03333346048991,18.700000127156574,17.599999745686848,17.599999745686848,17,15.989481925964355,9.870779991149902,NA,75,0,0,21.53888702392578,0,18.801234563191734,6,5.5,5.813744775935164
2026-06-01 22:30:00,0,3.9887444972991943,2.46624493598938,6.454989433288574,0.15799999999580905,0,18.633333841959637,18.200000127156574,14.49999968210856,18.766667048136394,17.366666158040363,17.366666158040363,17,15.87707805633545,10.145309448242188,NA,75,0,0,21.515279134114582,0,18.78148142496745,6,5.5,5.808965997428991
2026-06-01 22:45:00,0,3.9766228199005127,2.4707183837890625,6.447341203689575,0.17199999999866122,0,18.53333346048991,17.96666653951009,13.96666653951009,18.633333841959637,17.166667302449543,17.166667302449543,17,15.986013412475586,9.787086486816406,NA,75,0,0,21.475927352905273,0,18.771604537963867,6,5.5,5.808392459330742
2026-06-01 23:00:00,0,3.988736152648926,2.5222506523132324,6.510986804962158,0.158000000003085,0,18.566666920979817,17.93333371480306,14.199999809265137,18.633333841959637,17.066666920979817,17.066666920979817,17,16.0266170501709,10.003589630126951,NA,75,0,0,21.449691772460938,0,18.75925890604655,6,5.5,5.80630811212895
2026-06-01 23:15:00,0,4.009634494781494,2.534756660461426,6.54439115524292,0.16799999999784632,0,18.766666412353516,18.166666666666668,14.399999936421713,18.866666158040363,17.066666920979817,17.066666920979817,17,16.188579559326172,10.238113403320312,NA,75,0,0,21.41296450297038,0,18.719754536946617,6,5.5,5.806341292846566
2026-06-01 23:30:00,0,4.0187296867370605,2.5499157905578613,6.568645477294922,0.17000000000552973,0,18.566666920979817,17.733333587646484,13.96666653951009,18.633333841959637,16.933333079020183,16.933333079020183,17,16.10265350341797,10.273274421691896,NA,75,0,0,21.373613357543945,0,18.70247077941895,6,5.5,5.805902465023279
2026-06-01 23:45:00,0,4.014427661895752,2.5514919757843018,6.565919637680054,0.15799999999580905,0,18.733333587646484,18.233332951863606,14.433333396911621,18.733333587646484,16.96666653951009,16.96666653951009,17,16.100074768066406,10.218658447265623,NA,75,0,0,21.336884180704754,0,18.660494486490887,6,5.5,5.805701857730487
